Order_ID,Order_Date,Customer_ID,Customer_Name,Region,State,City,Sales_Channel,Category,Sub_Category,Product,Quantity,Unit_Price,Discount_Percentage,Sales_Amount,Cost_Amount,Profit,Payment_Mode,Order_Status,Delivery_Days
NR20250302022,2025-03-02,CUST01054,Ananya Iyer 36,North,Punjab,Amritsar,Online,Furniture,Office Chairs,Featherlite Astro Chair,3,10461.87,2,30757.9,22221.7,8536.2,UPI,Delivered,3.0
NR20250101841,2025-01-30,CUST01047,Aman Arora 35,West,Maharashtra,Mumbai,Online,Office Supplies,Printing,Epson 003 Ink Bottle,3,625.86,12,1652.27,1298.72,353.55,Credit Card,Delivered,3.0
NR20250403317,2025-04-12,CUST00383,Neha Chawla 13,West,Gujarat,Surat,Corporate,Electronics,Audio,JBL Tune 770NC,20,6803.33,19,110213.95,85193.24,25020.71,Net Banking,Delivered,6.0
NR20251101894,2025-11-15,CUST00441,Vikram Sethi 15,East,West Bengal,Siliguri,Corporate,Furniture,Office Chairs,Featherlite Astro Chair,8,10393.48,18,68181.23,45832.78,22348.45,Net Banking,Delivered,4.0
NR20251101989,2025-11-12,CUST01045,Manish Tiwari 35,West,Gujarat,Surat,Online,Office Supplies,Printing,Epson 003 Ink Bottle,4,630.84,12,2220.56,1772.61,447.95,UPI,Delivered,3.0
NR20251203820,2025-12-03,CUST00469,Tanvi Deshmukh 16,South,Karnataka,Mysuru,Online,Office Supplies,Printing,Epson 003 Ink Bottle,3,655.36,15,1671.17,1283.81,387.36,UPI,Delivered,4.0
NR20250802765,2025-08-21,CUST00229,Tanvi Deshmukh 8,West,Maharashtra,Mumbai,Online,Office Supplies,Stationery,Faber-Castell Marker Set,2,345.97,10,622.75,456.66,166.09,UPI,Delivered,2.0
NR20251003631,2025-10-17,CUST00054,Priya Nanda 2,South,Karnataka,Mysuru,Retail Store,Furniture,Desks,IKEA Linnmon Desk,2,8722.91,17,14480.03,10643.51,3836.52,Credit Card,Delivered,1.0
NR20250700498,2025-07-23,CUST00630,Sneha Pillai 21,north,Chandigarh,Chandigarh,Retail Store,Office Supplies,Stationery,Kangaro Stapler Set,3,280.53,2,824.76,632.01,192.75,UPI,Cancelled,0.0
NR20250501033,2025-05-15,CUST01058,Kavya Reddy 36,North,Uttar Pradesh,Lucknow,Online,Accessories,Bags,American Tourister Laptop Bag,1,2636.27,10,2372.64,1757.59,615.05,UPI,Delivered,4.0
NR20250300492,2025-03-27,CUST00946,Sakshi Jain 32,West,Maharashtra,Nashik,Retail Store,Electronics,Laptops,HP 15s,1,56886.54,12,50060.16,42764.6,7295.56,Credit Card,Delivered,3.0
NR20250400107,2025-04-11,CUST01076,Simran Kaur 36,North,Rajasthan,Jaipur,Online,Furniture,Office Chairs,Green Soul Monster Chair,2,15224.1,5,28925.79,21080.47,7845.32,UPI,Delivered,5.0
NR20251004082,2025-10-25,CUST00843,Aditya Verma 29,West,Gujarat,Vadodara,Online,Electronics,Audio,JBL Tune 770NC,2,7272.88,7,13527.56,10484.74,3042.82,Net Banking,Delivered,3.0
NR20250803101,2025-08-30,CUST00537,Aman Arora 18,West,Gujarat,Ahmedabad,Online,Electronics,Laptops,Acer Aspire 5,4,63475.61,12,223434.15,184584.86,38849.29,UPI,Delivered,4.0
NR20250102139,2025-01-25,CUST01220,Varun Bhatia 41,West,Goa,Goa,Online,Furniture,Tables,Conference Table 6-Seater,4,28648.6,0,114594.4,92653.26,21941.14,Debit Card,Delivered,5.0
NR20250902844,2025-09-21,CUST00298,Isha Banerjee 10,WEST,Gujarat,Ahmedabad,Online,Office Supplies,Writing,Classmate Notebook Pack,5,444.59,5,2111.8,1624.69,487.11,UPI,Delivered,4.0
NR20251201698,2025-12-09,CUST00092,Aditi Mehta 4,North,Punjab,Ludhiana,Corporate,Electronics,Cameras,Canon EOS 1500D,15,46649.21,9,636761.72,558946.22,77815.5,Net Banking,Delivered,1.0
NR20250601506,2025-06-05,CUST00202,Yash Agarwal 7,South,Karnataka,Mysuru ,Retail Store,Furniture,Desks,Wooden Study Desk,2,6595.63,12,11608.31,8661.39,2946.92,Credit Card,Delivered,2.0
NR20251003322,2025-10-04,CUST00115,Manish Tiwari 4,West,Gujarat,Surat,Online,Furniture,Storage,Wooden Filing Cabinet,2,7864.77,17,13055.52,9576.23,3479.29,Debit Card,Delivered,4.0
NR20250500417,2025-05-29,CUST01020,Sneha Pillai 34,East,West Bengal,Siliguri,Corporate,Accessories,Cables,Portronics HDMI Cable,2,642.41,2,1259.12,906.17,352.95,Net Banking,Delivered,8.0
NR20251004446,2025-10-30,CUST00804,Priya Nanda 27,North,Uttar Pradesh,Lucknow,Online,Accessories,Bags,American Tourister Laptop Bag,1,2614.83,10,2353.35,1740.54,612.81,Credit Card,Delivered,6.0
NR20250904391,2025-09-16,CUST00582,Pooja Singh 20,East,Odisha,Bhubaneswar,Retail Store,Electronics,Monitors,LG 24MP60G,1,12616.33,5,11985.51,9624.36,2361.15,Debit Card,Delivered,5.0
NR20251004020,2025-10-21,CUST01035,Rohan Kulkarni 35,North,Uttar Pradesh,Noida,Retail Store,Office Supplies,Stationery,Kangaro Stapler Set,4,276.22,15,939.15,693.64,245.51,Credit Card,Pending,3.0
NR20250203405,2025-02-06,CUST00380,Varun Bhatia 13,South,Andhra Pradesh,Visakhapatnam,Corporate,Accessories,Mice,Logitech M331 Mouse,5,1485.19,0,7425.95,5441.08,1984.87,Net Banking,Delivered,3.0
NR20250803973,2025-08-14,CUST00756,Diya Shah 26,North,Delhi,Delhi,Online,Electronics,Laptops,HP 15s,3,52831.96,7,147401.17,127494.93,19906.24,Net Banking,Delivered,2.0
NR20251204479,2025-12-27,CUST01226,Simran Kaur 41,South,Tamil Nadu,Chennai,Retail Store,Office Supplies,Printing,Epson 003 Ink Bottle,4,624.46,5,2372.95,1819.04,553.91,Cash,Delivered,3.0
NR20250800034,2025-08-10,CUST00515,Arjun Nair 18,West,Goa,Goa,Online,Electronics,Audio,JBL Tune 770NC,1,7117.44,9,6476.87,4793.48,1683.39,Debit Card,Delivered,4.0
NR20251101823,2025-11-17,CUST00389,Mohit Saxena 13,South,Kerala,Kochi,Online,Electronics,Laptops,HP 15s,1,55417.83,12,48767.69,41350.0,7417.69,UPI,Delivered,5.0
NR20251003911,2025-10-08,CUST00812,Aditi Mehta 28,North,Punjab,Ludhiana,Online,Electronics,Smartphones,OnePlus Nord CE,1,24961.02,15,21216.87,18421.22,2795.65,Credit Card,Delivered,2.0
NR20251103011,2025-11-09,CUST00147,Aman Arora 5,West,Gujarat,Surat,Corporate,Furniture,Desks,Wooden Study Desk,20,6600.74,12,116173.02,83627.67,32545.35,Debit Card,Delivered,3.0
NR20250304616,2025-03-18,CUST00257,Shreya Menon 9,North,Delhi,Delhi,Retail Store,Accessories,Power Banks,Ambrane 20000mAh Power Bank,1,1732.87,10,1559.58,1224.28,335.3,Debit Card,Delivered,2.0
NR20250400832,2025-04-21,CUST00453,Aditya Verma 16,West,Maharashtra,Nashik,Online,Office Supplies,Paper,JK Copier A4 Paper Ream,3,335.3,10,905.31,692.55,212.76,Net Banking,Delivered,3.0
NR20251101607,2025-11-15,CUST01225,Manish Tiwari 41,Central,Madhya Pradesh,Jabalpur,Online,Office Supplies,Stationery,Kangaro Stapler Set,2,284.79,17,472.75,369.23,103.52,UPI,Delivered,5.0
NR20251200469,2025-12-15,CUST00031,Aarav Sharma 2,North,Uttar Pradesh,Lucknow,Retail Store,Accessories,Cables,Portronics HDMI Cable,1,662.78,15,563.36,394.03,169.33,Credit Card,Delivered,3.0
NR20251100024,2025-11-26,CUST00792,Pooja Singh 27,East,Jharkhand,Ranchi,Online,Office Supplies,Writing,Classmate Notebook Pack,5,447.86,10,2015.37,1445.48,569.89,UPI,Delivered,2.0
NR20250902926,2025-09-16,CUST00321,Vikram Sethi 11,South,Karnataka,Mysuru,Retail Store,Electronics,Laptops,Acer Aspire 5,1,63598.99,18,52151.17,43695.66,8455.51,UPI,Delivered,1.0
NR20250300725,2025-03-04,CUST00120,Sneha Pillai 4,West,Gujarat,Ahmedabad,Retail Store,Electronics,Smartphones,OnePlus Nord CE,2,23851.74,10,42933.13,36255.92,6677.21,UPI,Delivered,2.0
NR20250600764,2025-06-18,CUST00858,Siddharth Rao 29,North,Uttarakhand,Dehradun,Online,Accessories,Power Banks,Ambrane 20000mAh Power Bank,2,1739.1,10,3130.38,2390.74,739.64,UPI,Delivered,7.0
NR20250400539,2025-04-06,CUST00352,Yash Agarwal 12,West,Goa,Goa,Online,Accessories,Bags,Skybags Casual Backpack,1,1776.52,10,1598.87,1199.23,399.64,Credit Card,Returned,6.0
NR20250304908,2025-03-03,CUST00192,Pooja Singh 7,West,Gujarat,Vadodara,Retail Store,Electronics,Laptops,Acer Aspire 5,1,61297.62,5,58232.74,48714.62,9518.12,Debit Card,Delivered,2.0
NR20250603366,2025-06-21,CUST00747,Aman Arora 25,West,Maharashtra,Pune,Online,Office Supplies,Writing,Classmate Notebook Pack,3,425.61,15,1085.31,808.03,277.28,UPI,Returned,7.0
NR20250701057,2025-07-28,CUST00075,Rohan Kulkarni 3,North,Chandigarh,Chandigarh,Retail Store,Office Supplies,Stationery,Kangaro Stapler Set,3,266.64,12,703.93,539.36,164.57,Cash,Returned,8.0
NR20251003280,2025-10-12,CUST00050,Varun Bhatia 2,North,Uttar Pradesh,Lucknow,Retail Store,Electronics,Audio,boAt Airdopes 141,4,1375.32,7,5116.19,3644.36,1471.83,UPI,Delivered,1.0
NR20251003373,2025-10-22,CUST01063,Rahul Gupta 36,East,Odisha,Bhubaneswar,Online,Accessories,Webcams,Logitech C270 Webcam,3,2393.31,15,6102.94,4679.07,1423.87,Net Banking,Delivered,6.0
NR20250600766,2025-06-25,CUST00317,Shreya Menon 11,South,Karnataka,Mysuru,Online,Furniture,Tables,Conference Table 6-Seater,1,27838.55,10,25054.69,19034.22,6020.47,UPI,Delivered,3.0
NR20250402650,2025-04-20,CUST00611,Nikhil Patil 21,West,Maharashtra,Nashik,Retail Store,Accessories,Mice,Logitech M331 Mouse,2,1443.31,12,2540.23,1848.64,691.59,Credit Card,Delivered,1.0
NR20250603936,2025-06-04,CUST00687,Aman Arora 23,Central,Madhya Pradesh,Bhopal,Retail Store,Accessories,Bags,Skybags Casual Backpack,1,1875.41,2,1837.9,1390.53,447.37,UPI,Delivered,4.0
NR20250401294,2025-04-15,CUST00588,Siddharth Rao 20,South,Karnataka,Bengaluru,Retail Store,Electronics,Cameras,Canon EOS 1500D,2,48123.5,7,89509.71,78083.53,11426.18,UPI,Delivered,3.0
NR20250302728,2025-03-08,CUST00861,Vikram Sethi 29,East,West Bengal,Siliguri,Online,Electronics,Smartphones,Samsung Galaxy M35,1,22355.94,12,19673.23,17206.56,2466.67,UPI,Delivered,6.0
NR20250301216,2025-03-21,CUST00006,Diya Shah 1,East,Jharkhand,Ranchi,Retail Store,Furniture,Storage,Wooden Filing Cabinet,1,8228.36,7,7652.37,5731.84,1920.53,UPI,Returned,9.0
NR20250104115,2025-01-09,CUST00697,Ishaan Kapoor 24,Central,Chhattisgarh,Raipur,Online,Office Supplies,Writing, Cello Ball Pen Pack,5,180.73,7,840.39,622.81,217.58,UPI,Delivered,6.0
NR20250103251,2025-01-30,CUST01162,Yash Agarwal 39,South,Karnataka,Bengaluru,Retail Store,Electronics,Audio,boAt Airdopes 141,2,1375.33,9,2503.1,1885.4,617.7,UPI,Returned,6.0
NR20250804698,2025-08-09,CUST00931,Aarav Sharma 32,South,Karnataka,Mysuru,Online,Electronics,Tablets,Lenovo Tab M11,1,18338.18,14,15770.83,12752.07,3018.76,Debit Card,Delivered,4.0
NR20250802046,2025-08-16,CUST01096,Sakshi Jain 37,Central,Madhya Pradesh,Gwalior,Corporate,Furniture,Desks,Wooden Study Desk,5,6302.37,10,28360.67,22030.27,6330.4,Credit Card,Delivered,3.0
NR20251202265,2025-12-25,CUST00103,Rahul Gupta 4,West,Maharashtra,Pune,Corporate,Electronics,Cameras,Canon EOS 1500D,10,44988.27,13,391397.95,338206.24,53191.71,Credit Card,Delivered,3.0
NR20250303481,2025-03-01,CUST01099,Tanvi Deshmukh 37,West,Maharashtra,Nagpur,Online,Accessories,Cables,Portronics HDMI Cable,2,658.99,12,1159.82,770.32,389.5,Debit Card,Delivered,3.0
NR20251202624,2025-12-11,CUST00481,Aarav Sharma 17,East,Jharkhand,Ranchi,Corporate,Furniture,Storage,Wooden Filing Cabinet,8,7303.85,17,48497.56,36750.5,11747.06,Net Banking,Delivered,7.0
NR20251001452,2025-10-12,CUST00630,Sneha Pillai 21,South,Tamil Nadu,Chennai,Online,Electronics,Audio,boAt Airdopes 141,1,1404.92,13,1222.28,889.09,333.19,UPI,Delivered,3.0
NR20250103896,2025-01-28,CUST00901,Aarav Sharma 31,North,Uttarakhand,Dehradun,Online,Electronics,Audio,JBL Tune 770NC,1,6856.05,7,6376.13,4851.96,1524.17,UPI,Delivered,7.0
NR20251200487,17-Dec-2025,CUST00898,Isha Banerjee 30,North,Uttar Pradesh,Lucknow,Online,Accessories,Cables,Portronics HDMI Cable,1,660.28,15,561.24,418.2,143.04,UPI,Delivered,6.0
NR20251103916,2025-11-26,CUST00841,Aarav Sharma 29,Central,Madhya Pradesh,Gwalior,Corporate,Office Supplies,Files,Solo Executive File Pack,15,507.03,20,6084.36,4875.93,1208.43,Credit Card,Delivered,5.0
NR20250102978,2025-01-13,CUST00793,Rahul Gupta 27,South,Kerala,Kochi,Retail Store,Electronics,Smartphones,OnePlus Nord CE,1,24782.57,7,23047.79,20287.61,2760.18,UPI,Delivered,2.0
NR20251103132,2025-11-15,CUST00078,Siddharth Rao 3,West,Gujarat,Surat,Retail Store,Office Supplies,Stationery,Faber-Castell Marker Set,3,360.19,7,1004.93,763.72,241.21,UPI,Delivered,2.0
NR20250203878,2025-02-22,CUST00041,Nikhil Patil 2,Central,Madhya Pradesh,Bhopal,Online,Office Supplies,Paper,JK Copier A4 Paper Ream,4,301.23,0,1204.92,920.37,284.55,Net Banking,Delivered,4.0
NR20251100801,2025-11-20,CUST00883,Rahul Gupta 30,West,Gujarat,Ahmedabad,Retail Store,Furniture,Office Chairs,Green Soul Monster Chair,2,14453.23,14,24859.56,18647.49,6212.07,Cash,Delivered,4.0
NR20250404383,2025-04-06,CUST01052,Aditi Mehta 36,West,Maharashtra,Pune,Online,Office Supplies,Stationery,Kangaro Stapler Set,4,275.35,12,969.23,726.51,242.72,UPI,Delivered,5.0
NR20250900085,2025-09-07,CUST01113,Aditya Verma 38, North ,Uttarakhand,Dehradun,Online,Furniture,Tables,Conference Table 6-Seater,1,29877.83,10,26890.05,21568.62,5321.43,UPI,Delivered,6.0
NR20250301339,2025-03-26,CUST00893,Neha Chawla 30,North,Punjab,Amritsar,Online,Accessories,Bags,American Tourister Laptop Bag,1,2615.04,12,2301.24,1700.84,600.4,Credit Card,Delivered,6.0
NR20250902595,2025-09-23,CUST00782,Aditi Mehta 27,North,Punjab,Amritsar,Online,Electronics,Tablets,Lenovo Tab M11,2,18217.6,7,33884.74,27767.91,6116.83,UPI,Delivered,3.0
NR20250600066,2025-06-02,CUST00093,Aditya Verma 4,South,Kerala,Kochi,Retail Store,Accessories,Webcams,Logitech C270 Webcam,1,2533.09,5,2406.44,1886.3,520.14,Debit Card,Delivered,2.0
NR20251204110,2025-12-14,CUST00161,Nikhil Patil 6,South,Tamil Nadu,Chennai,Corporate,Furniture,Office Chairs,Green Soul Monster Chair,8,13744.65,11,97861.91,72189.78,25672.13,UPI,Delivered,3.0
NR20250604995,2025-06-18,CUST00278,Kavya Reddy 10,South,Andhra Pradesh,Vijayawada,Retail Store,Office Supplies,Stationery,Faber-Castell Marker Set,2,365.43,0,730.86,542.8,188.06,Debit Card,Delivered,4.0
NR20250404841,2025-04-08,CUST00084,Priya Nanda 3,South,Karnataka,Mysuru,Online,Electronics,Audio,boAt Airdopes 141,2,1429.94,7,2659.69,1963.14,696.55,UPI,Returned,7.0
NR20251204862,2025-12-13,CUST00324,Priya Nanda 11,North,Punjab,Ludhiana,Retail Store,Furniture,Office Chairs,Featherlite Astro Chair,1,11139.81,10,10025.83,7259.7,2766.13,UPI,Delivered,3.0
NR20250404818,2025-04-16,CUST01030,Meera Joshi 35,East,Assam,Guwahati,Retail Store,Electronics,Audio,boAt Airdopes 141,2,1346.01,9,2449.74,1806.12,643.62,Cash,Delivered,7.0
NR20250202299,2025-02-07,CUST00948,Siddharth Rao 32,Central,Madhya Pradesh,Jabalpur,Online,Office Supplies,Printing,Epson 003 Ink Bottle,3,641.38,10,1731.73,1375.43,356.3,Net Banking,Delivered,6.0
NR20250400765,2025-04-20,CUST00699,Karan Malhotra 24,East,West Bengal,Siliguri,Corporate,Accessories,Keyboards,Logitech K120 Keyboard,8,860.64,17,5714.65,4009.39,1705.26,Debit Card,Delivered,6.0
NR20250403623,2025-04-16,CUST00651,Vikram Sethi 22,South,Kerala,Kochi,Retail Store,Office Supplies,Stationery,Kangaro Stapler Set,10,284.02,5,2698.19,1986.14,712.05,Credit Card,Delivered,4.0
NR20250102701,2025-01-07,CUST00559,Tanvi Deshmukh 19,East,Assam,Guwahati,Online,Office Supplies,Writing,Cello Ball Pen Pack,4,173.52,12,610.79,451.32,159.47,UPI,Delivered,7.0
NR20250404320,2025-04-28,CUST01239,Karan Malhotra 42,South,Karnataka,Bengaluru,Corporate,Accessories,Bags,American Tourister Laptop Bag,5,2566.35,12,11291.94,8076.3,3215.64,Net Banking,Delivered,5.0
NR20251205000,2025-12-01,CUST00508,Isha Banerjee 17,South,Karnataka,Bengaluru,Online,Electronics,Audio,boAt Airdopes 141,1,1379.72,12,1214.15,885.49,328.66,UPI,Delivered,1.0
NR20250103476,2025-01-23,CUST00448,Isha Banerjee 15,East,Jharkhand,Ranchi,Retail Store,Electronics,Laptops,HP 15s,1,53178.56,7,49456.06,40516.64,8939.42,Cash,Delivered,3.0
NR20250602224,2025-06-23,CUST00084,Priya Nanda 3,East,Jharkhand,Ranchi,Retail Store,Office Supplies,Writing,Cello Ball Pen Pack,8,180.87,7,1345.67,1001.06,344.61,UPI,Delivered,7.0
NR20251102268,2025-11-02,CUST00876,Diya Shah 30,East,Odisha,Bhubaneswar,Online,Furniture,Storage,Wooden Filing Cabinet,3,8079.62,0,24238.86,18568.11,5670.75,Debit Card,Delivered,5.0
NR20250300658,2025-03-12,CUST00361,Aarav Sharma 13,South,Andhra Pradesh,Visakhapatnam,Online,Office Supplies,Printing,Epson 003 Ink Bottle,2,634.97,2,1244.54,984.6,259.94,Credit Card,Delivered,1.0
NR20251103868,2025-11-02,CUST01240,Meera Joshi 42,East,Bihar,Patna,Online,Electronics,Smartphones,OnePlus Nord CE,3,25283.2,7,70540.13,60090.22,10449.91,Debit Card,Delivered,4.0
NR20251104695,2025-11-22,CUST00116,Simran Kaur 4,West,Gujarat,Surat,Retail Store,Electronics,Laptops,HP 15s,1,54467.06,16,45752.33,39410.06,6342.27,UPI,Delivered,1.0
NR20250104334,2025-01-06,CUST00275,Arjun Nair 10,Central,Chhattisgarh,Raipur,Retail Store,Electronics,Laptops,HP 15s,2,53050.35,15,90185.6,77976.46,12209.14,UPI,Pending,4.0
NR20250402788,2025-04-03,CUST00737,Shreya Menon 25,North,Delhi,Delhi,Online,Electronics,Audio,JBL Tune 770NC,1,7225.49,17,5997.16,4481.34,1515.82,Credit Card,Delivered,4.0
NR20250900585,2025-09-20,CUST01070,Varun Bhatia 36,South,Andhra Pradesh,Visakhapatnam,Retail Store,Office Supplies,Writing,Classmate Notebook Pack,10,442.43,0,4424.3,3282.21,1142.09,Debit Card,Delivered,3.0
NR20250800466,2025-08-06,CUST00194,Riya Das 7,North,Chandigarh,Chandigarh,Corporate,Electronics,Monitors,LG 24MP60G,10,13027.5,17,108128.25,90778.02,17350.23,Credit Card,Delivered,4.0
NR20251101449,2025-11-25,CUST00204,Priya Nanda 7,Central,Madhya Pradesh,Jabalpur,Retail Store,Accessories,Keyboards,Logitech K120 Keyboard,1,847.91,2,830.95,619.87,211.08,UPI,Delivered,1.0
NR20250104120,2025-01-15,CUST00143,Neha Chawla 5,South,Karnataka,Mysuru,Retail Store,Office Supplies,Files,Solo Executive File Pack,3,512.45,2,1506.6,1164.8,341.8,UPI,Delivered,6.0
NR20251004937,2025-10-30,CUST00559,Tanvi Deshmukh 19,South,Andhra Pradesh,Visakhapatnam,Online,Office Supplies,Writing,Classmate Notebook Pack,3,446.75,14,1152.62,895.78,256.84,Net Banking,Delivered,2.0
NR20250500706,2025-05-26,CUST00352,Yash Agarwal 12,North,Punjab,Amritsar,Online,Office Supplies,Paper,JK Copier A4 Paper Ream,5,322.27,10,1450.21,1172.33,277.88,UPI,Delivered,5.0
NR20250200152,2025-02-26,CUST00226,Sakshi Jain 8,North,Uttar Pradesh,Noida,Retail Store,Office Supplies,Writing,Cello Ball Pen Pack,10,192.17,10,1729.53,1267.66,461.87,UPI,Delivered,2.0
NR20250201074,2025-02-16,CUST00184,Ananya Iyer 7,North,Uttarakhand,Dehradun,Retail Store,Furniture,Tables,Conference Table 6-Seater,2,29015.51,15,49326.37,38136.08,11190.29,Credit Card,Delivered,5.0
NR20251203765,2025-12-13,CUST01166,Simran Kaur 39,West,Goa,Goa,Retail Store,Electronics,Audio,boAt Airdopes 141,1,1383.19,9,1258.7,921.02,337.68,UPI,Delivered,4.0
NR20250403977,2025-04-16,CUST01042,Yash Agarwal 35,South,Telangana,Hyderabad,Retail Store,Office Supplies,Printing,HP 805 Ink Cartridge,3,1229.71,7,3430.89,2771.93,658.96,Cash,Delivered,3.0
NR20251104823,2025-11-17,CUST00293,Neha Chawla 10,West,Gujarat,Surat,Retail Store,Accessories,Mice,Logitech M331 Mouse,1,1463.81,4,1405.26,1067.24,338.02,Debit Card,Delivered,3.0
NR20250201104,2025-02-01,CUST00788,Kavya Reddy 27,West,Maharashtra,Nashik,Corporate,Accessories,Mice,Logitech M331 Mouse,5,1416.85,12,6234.14,4732.11,1502.03,Debit Card,Returned,6.0
NR20250701457,2025-07-29,CUST01236,Diya Shah 42,South,Tamil Nadu,Coimbatore,Retail Store,Electronics,Laptops,HP 15s,1,54184.56,15,46056.88,40531.24,5525.64,Credit Card,Delivered,1.0
NR20251100080,2025-11-09,CUST00428,Kavya Reddy 15,West,Maharashtra,Pune,Online,Electronics,Tablets,Lenovo Tab M11,1,18202.64,2,17838.59,14865.17,2973.42,UPI,Delivered,6.0
NR20250504751,2025-05-20,CUST00800,Varun Bhatia 27,West,Goa,Goa ,Retail Store,Furniture,Office Chairs,Featherlite Astro Chair,2,10532.07,5,20010.93,14535.9,5475.03,Credit Card,Delivered,4.0
NR20250704233,2025-07-27,CUST00017,Shreya Menon 1,West,Gujarat,Vadodara,Online,Accessories,Webcams,Logitech C270 Webcam,1,2455.94,5,2333.14,1700.32,632.82,Net Banking,Delivered,3.0
NR20250803037,2025-08-15,CUST00759,Karan Malhotra 26,Central,Madhya Pradesh,Jabalpur,Retail Store,Office Supplies,Files,Solo Executive File Pack,2,498.96,10,898.13,681.06,217.07,UPI,Delivered,4.0
NR20250600682,2025-06-03,CUST00241,Aarav Sharma 9,West,Goa,Goa,Corporate,Furniture,Desks,IKEA Linnmon Desk,5,8639.59,17,35854.3,25894.03,9960.27,Net Banking,Delivered,6.0
NR20250801615,2025-08-15,CUST00071,Nikhil Patil 3,South,Tamil Nadu,Coimbatore,Online,Accessories,Mice,Logitech M331 Mouse,3,1500.65,12,3961.72,2760.31,1201.41,UPI,Delivered,4.0
NR20250501925,2025-05-01,CUST01235,Arjun Nair 42,West,Maharashtra,Nagpur,Corporate,Accessories,Power Banks,Ambrane 20000mAh Power Bank,2,1712.7,5,3254.13,2576.14,677.99,Debit Card,Delivered,2.0
NR20250603665,2025-06-23,CUST00120,Sneha Pillai 4,North,Uttar Pradesh,Lucknow,Online,Electronics,Laptops,Acer Aspire 5,1,64297.17,15,54652.59,46173.02,8479.57,Net Banking,Delivered,4.0
NR20251200241,2025-12-01,CUST01172,Aditi Mehta 40,West,Gujarat,Ahmedabad,Corporate,Electronics,Audio,JBL Tune 770NC,8,7079.6,4,54371.33,42838.44,11532.89,Debit Card,Delivered,3.0
NR20250101376,2025-01-04,CUST00402,Pooja Singh 14,East,Odisha,Bhubaneswar,Online,Electronics,Audio,JBL Tune 770NC,1,7232.78,12,6364.85,4782.27,1582.58,Debit Card,Delivered,8.0
NR20250701384,2025-07-27,CUST00839,Mohit Saxena 28,West,Maharashtra,Pune,Online,Office Supplies,Files,Solo Executive File Pack,1,497.27,10,447.54,347.37,100.17,Debit Card,Delivered,4.0
NR20250800228,2025-08-05,CUST00888,Siddharth Rao 30,West,Maharashtra,Nashik,Retail Store,Accessories,Cables,Portronics HDMI Cable,1,667.95,2,654.59,455.71,198.88,UPI,Delivered,4.0
NR20250201323,2025-02-28,CUST00806,Simran Kaur 27,South,Telangana,Hyderabad,Retail Store,Furniture,Storage,Wooden Filing Cabinet,2,7759.51,5,14743.07,11240.59,3502.48,Debit Card,Delivered,5.0
NR20250201030,2025-02-24,CUST00215,Arjun Nair 8,West,Gujarat,Vadodara,Retail Store,Electronics,Audio,boAt Airdopes 141,2,1484.54,5,2820.63,2045.46,775.17,UPI,Delivered,2.0
NR20250200249,2025-02-07,CUST00737,Shreya Menon 25,South,Telangana,Hyderabad,Online,Furniture,Storage,Wooden Filing Cabinet,1,7995.68,0,7995.68,6189.98,1805.7,Net Banking,Delivered,3.0
NR20250104317,2025-01-24,CUST00706,Sakshi Jain 24,Central,Chhattisgarh,Raipur,Corporate,Electronics,Tablets,Lenovo Tab M11,10,17897.02,19,144965.86,117990.56,26975.3,Credit Card,Delivered,3.0
NR20250902283,2025-09-02,CUST01229,Mohit Saxena 41,South,Telangana,Hyderabad,Online,Accessories,Bags,Skybags Casual Backpack,1,1923.66,12,1692.82,1242.24,450.58,UPI,Delivered,3.0
NR20251104720,2025-11-07,CUST00757,Ishaan Kapoor 26,South,Karnataka,Mysuru,Retail Store,Accessories,Webcams,Logitech C270 Webcam,2,2497.41,15,4245.6,3229.5,1016.1,Debit Card,Delivered,3.0
NR20251103884,2025-11-24,CUST01133,Neha Chawla 38,West,Gujarat,Vadodara,Retail Store,Accessories,Bags,Skybags Casual Backpack,1,1926.79,10,1734.11,1260.93,473.18,Cash,Delivered,3.0
NR20250704055,2025-07-06,CUST00402,Pooja Singh 14,South,Karnataka,Mysuru,Corporate,Electronics,Audio,boAt Airdopes 141,20,1343.64,17,22304.42,16155.9,6148.52,Net Banking,Delivered,5.0
NR20250501845,2025-05-19,CUST00948,Siddharth Rao 32,South,Karnataka,Mysuru,Online,Electronics,Audio,boAt Airdopes 141,1,1420.34,12,1249.9,907.17,342.73,UPI,Delivered,3.0
NR20250604455,2025-06-25,CUST00024,Priya Nanda 1,East,West Bengal,Siliguri,Retail Store,Accessories,Power Banks,Ambrane 20000mAh Power Bank,1,1762.4,5,1674.28,1270.14,404.14,Debit Card,Delivered,4.0
NR20250801972,2025-08-08,CUST00043,Rahul Gupta 2,East,West Bengal,Kolkata,Retail Store,Furniture,Storage,Metal Office Cabinet,4,9368.63,15,31853.34,23536.82,8316.52,Credit Card,Pending,4.0
NR20250601421,2025-06-11,CUST00758,Kavya Reddy 26,East,Bihar,Patna,Retail Store,Electronics,Laptops,Acer Aspire 5,1,62067.7,12,54619.58,44433.39,10186.19,Cash,Delivered,3.0
NR20250804620,2025-08-06,CUST00887,Shreya Menon 30,West,Maharashtra,Nashik,Online,Furniture,Storage,Wooden Filing Cabinet,1,7331.39,7,6818.19,5165.62,1652.57,Credit Card,Delivered,7.0
NR20250304035,2025-03-02,CUST00520,Meera Joshi 18,South,Karnataka,Mysuru,Retail Store,Office Supplies,Printing,HP 805 Ink Cartridge,2,1243.67,7,2313.23,1845.0,468.23,Debit Card,Returned,7.0
NR20250903845,2025-09-16,CUST00499,Tanvi Deshmukh 17,South,Tamil Nadu,Chennai,Online,Furniture,Desks,Wooden Study Desk,1,6339.02,5,6022.07,4569.24,1452.83,Credit Card,Pending,4.0
NR20251100678,2025-11-03,CUST00921,Vikram Sethi 31,North,Delhi,Delhi,Online,Furniture,Desks,Wooden Study Desk,1,6397.15,10,5757.43,4154.15,1603.28,Credit Card,Delivered,2.0
NR20250203987,2025-02-02,CUST00501,Vikram Sethi 17,West,Gujarat,Surat,Corporate,Accessories,Mice,Logitech M331 Mouse,3,1353.89,9,3696.12,2702.24,993.88,Debit Card,Delivered,7.0
NR20250900953,2025-09-30,CUST01132,Yash Agarwal 38,North,Delhi,Delhi,Retail Store,Furniture,Desks,Wooden Study Desk,2,6633.68,12,11675.28,8692.71,2982.57,Debit Card,Delivered,2.0
NR20251004867,2025-10-16,CUST00343,Rahul Gupta 12,Central,Madhya Pradesh,Jabalpur,Online,Office Supplies,Printing,HP 805 Ink Cartridge,3,1286.39,9,3511.84,2891.86,619.98,UPI,Delivered,3.0
NR20251200180,2025-12-27,CUST01046,Simran Kaur 35,North,Rajasthan,Jaipur,Online,Electronics,Laptops,Acer Aspire 5,1,63677.65,5,60493.77,50548.34,9945.43,UPI,Cancelled,0.0
NR20250801003,2025-08-29,CUST00272,Aditi Mehta 10,West,Gujarat,Vadodara,Online,Electronics,Tablets,Lenovo Tab M11,1,18266.19,12,16074.25,13326.97,2747.28,UPI,Delivered,3.0
NR20250304180,2025-03-26,CUST00980,Varun Bhatia 33,South,Tamil Nadu,Coimbatore,Online,Electronics,Monitors,LG 24MP60G,2,12629.28,15,21469.78,17828.92,3640.86,UPI,Delivered,4.0
NR20250300030,2025-03-05,CUST00821,Nikhil Patil 28,Central,Madhya Pradesh,Indore,Online,Electronics,Laptops,Acer Aspire 5,2,59990.47,7,111582.27,95091.39,16490.88,Debit Card,Delivered,4.0
NR20251002981,2025-10-01,CUST00302,Aditi Mehta 11,South,Andhra Pradesh,Vijayawada,Online,Furniture,Desks,Wooden Study Desk,2,6656.31,15,11315.73,8176.49,3139.24,Credit Card,Delivered,7.0
NR20251202764,2025-12-27,CUST00147,Aman Arora 5,South,Telangana,Hyderabad,Corporate,Electronics,Audio,boAt Airdopes 141,20,1369.66,7,25475.68,18195.76,7279.92,Credit Card,Delivered,2.0
NR20250303781,2025-03-13,CUST01199,Mohit Saxena 40,South,Karnataka,Bengaluru,Retail Store,Electronics,Smartphones,Samsung Galaxy M35,1,22304.75,12,19628.18,16690.52,2937.66,UPI,Delivered,4.0
NR20250200158,2025-02-20,CUST00887,Shreya Menon 30,East,Jharkhand,Ranchi,Retail Store,Accessories,Mice,Logitech M331 Mouse,2,1453.12,12,2557.49,1917.59,639.9,Cash,Delivered,5.0
NR20250304004,2025-03-10,CUST00366,Diya Shah 13,North,Uttar Pradesh,Noida,Online,Accessories,Webcams,Logitech C270 Webcam,1,2657.8,18,2179.4,1606.52,572.88,UPI,Delivered,2.0
NR20251102292,2025-11-18,CUST00833,Neha Chawla 28,West,Maharashtra,Pune,Retail Store,Electronics,Smartphones,OnePlus Nord CE,1,25101.12,11,22340.0,19654.92,2685.08,UPI,Delivered,5.0
NR20250800839,2025-08-04,CUST01216,Sakshi Jain 41,South,Tamil Nadu,Coimbatore,Online,Furniture,Desks,Wooden Study Desk,1,6489.01,2,6359.23,4530.9,1828.33,UPI,Delivered,4.0
NR20250204337,2025-02-26,CUST00677,Shreya Menon 23,North,Rajasthan,Jaipur,Online,Furniture,Desks,Wooden Study Desk,2,6124.59,12,10779.28,8241.56,2537.72,Credit Card,Delivered,3.0
NR20251101567,2025-11-21,CUST00080,Varun Bhatia 3,West,Gujarat,Ahmedabad,Online,Furniture,Storage,Wooden Filing Cabinet,2,7889.54,12,13885.59,10580.25,3305.34,Debit Card,Delivered,3.0
NR20250504473,2025-05-09,CUST00175,Manish Tiwari 6,North,Uttarakhand,Dehradun,Online,Electronics,Cameras,Canon EOS 1500D,1,47630.95,17,39533.69,33860.39,5673.3,Debit Card,Delivered,2.0
NR20250901872,2025-09-12,CUST00396,Diya Shah 14,Central,Madhya Pradesh,Gwalior,Retail Store,Office Supplies,Writing,Classmate Notebook Pack,8,468.87,2,3675.94,2780.57,895.37,Debit Card,Delivered,3.0
NR20251100712,2025-11-04,CUST00550,Meera Joshi 19,North,Punjab,Amritsar,Online,Electronics,Monitors,LG 24MP60G,1,12687.35,14,10911.12,9265.17,1645.95,UPI,Delivered,3.0
NR20250302395,2025-03-08,CUST01042,Yash Agarwal 35,Central,Madhya Pradesh,Gwalior,Online,Office Supplies,Writing,Classmate Notebook Pack,1,445.22,12,391.79,289.02,102.77,Debit Card,Delivered,3.0
NR20250604689,2025-06-20,CUST00073,Rahul Gupta 3,West,Maharashtra,Nashik,Online,Office Supplies,Writing,Classmate Notebook Pack,4,456.38,15,1551.69,1190.29,361.4,UPI,Delivered,4.0
NR20251102105,2025-11-03,CUST01009,Tanvi Deshmukh 34,East,Jharkhand,Ranchi,Online,Office Supplies,Printing,Epson 003 Ink Bottle,4,672.16,5,2554.21,2060.97,493.24,Net Banking,Delivered,2.0
NR20250600200,2025-06-10,CUST00514,Ananya Iyer 18,North,Uttarakhand,Dehradun,Retail Store,Accessories,Bags,American Tourister Laptop Bag,2,2475.49,0,4950.98,3835.86,1115.12,Credit Card,Delivered,3.0
NR20250103135,2025-01-12,CUST01051,Aarav Sharma 36,West,Maharashtra,Pune,Online,Electronics,Smartphones,Samsung Galaxy M35,1,21086.06,7,19610.04,17021.96,2588.08,Net Banking,Pending,5.0
NR20251204855,2025-12-17,CUST01009,Tanvi Deshmukh 34,East,Odisha,Bhubaneswar,Online,Electronics,Audio,boAt Airdopes 141,1,1393.15,12,1225.97,868.66,357.31,Net Banking,Delivered,4.0
NR20251003888,2025-10-14,CUST00333,Aditya Verma 12,South,Andhra Pradesh,Vijayawada,Retail Store,Accessories,Cables,Portronics HDMI Cable,2,614.75,12,1081.96,731.07,350.89,Debit Card,Delivered,1.0
NR20251104088,2025-11-27,CUST01160,Varun Bhatia 39,North,Uttar Pradesh,Noida,Retail Store,Office Supplies,Files,Solo Executive File Pack,4,521.48,18,1710.45,1300.72,409.73,Debit Card,Delivered,4.0
NR20250801372,2025-08-26,CUST00234,Priya Nanda 8,Central,Madhya Pradesh,Indore,Online,Accessories,Mice,Logitech M331 Mouse,4,1453.02,5,5521.48,4130.24,1391.24,Credit Card,Delivered,6.0
NR20250502933,2025-05-05,CUST00048,Siddharth Rao 2,East,Odisha,Bhubaneswar,Retail Store,Accessories,Keyboards,Logitech K120 Keyboard,1,818.95,7,761.62,531.13,230.49,Credit Card,Delivered,4.0
NR20250902649,2025-09-22,CUST00103,Rahul Gupta 4,East,West Bengal,Siliguri,Online,Electronics,Audio,boAt Airdopes 141,3,1410.17,5,4018.98,2906.24,1112.74,Credit Card,Delivered,6.0
NR20251103040,2025-11-15,CUST01206,Diya Shah 41,West,Goa,Goa,Online,Electronics,Laptops,HP 15s,3,55105.09,14,142171.13,117437.05,24734.08,Credit Card,Delivered,3.0
NR20250900297,2025-09-09,CUST00529,Tanvi Deshmukh 18,East,Odisha,Bhubaneswar,Retail Store,Office Supplies,Stationery,Faber-Castell Marker Set,10,352.06,12,3098.13,2414.3,683.83,Credit Card,Delivered,5.0
NR20250300169,2025-03-29,CUST00122,Aditi Mehta 5,West,Maharashtra,Nagpur,Corporate,Office Supplies,Paper,JK Copier A4 Paper Ream,10,320.34,15,2722.89,2057.89,665.0,Net Banking,Delivered,3.0
NR20250200995,2025-02-07,CUST00081,Vikram Sethi 3,North,Uttarakhand,Dehradun,Online,Furniture,Storage,Wooden Filing Cabinet,1,7724.7,10,6952.23,5293.32,1658.91,UPI,Delivered,4.0
NR20250400240,2025-04-23,CUST00800,Varun Bhatia 27,North,Chandigarh,Chandigarh,Online,Accessories,Cables,Belkin USB-C Cable,2,1103.43,5,2096.52,1546.5,550.02,UPI,Delivered,3.0
NR20250904309,2025-09-26,CUST00143,Neha Chawla 5,South,Andhra Pradesh,Vijayawada,Online,Office Supplies,Stationery,Kangaro Stapler Set,4,286.49,10,1031.36,774.17,257.19,Credit Card,Delivered,5.0
NR20250701727,2025-07-22,CUST01009,Tanvi Deshmukh 34,West,Maharashtra,Nashik,Online,Accessories,Webcams,Logitech C270 Webcam,1,2395.8,5,2276.01,1715.66,560.35,Credit Card,Delivered,4.0
NR20250703378,2025-07-19,CUST00054,Priya Nanda 2,East,Assam,Guwahati,Retail Store,Accessories,Bags,Skybags Casual Backpack,1,1927.57,5,1831.19,1422.06,409.13,UPI,Delivered,8.0
NR20250204869,2025-02-13,CUST00219,Karan Malhotra 8,East,West Bengal,Siliguri,Online,Accessories,Bags,American Tourister Laptop Bag,2,2625.35,5,4988.16,3738.09,1250.07,Credit Card,Delivered,2.0
NR20251003096,2025-10-04,CUST00912,Pooja Singh 31,South,Tamil Nadu,Chennai,Online,Furniture,Tables,Conference Table 6-Seater,2,27842.72,17,46218.92,36921.63,9297.29,UPI,Returned,6.0
NR20250901324,2025-09-02,CUST00330,Sneha Pillai 11,Central,Madhya Pradesh,Indore,Retail Store,Office Supplies,Files,Solo Executive File Pack,5,507.32,5,2409.77,1857.89,551.88,UPI,Delivered,6.0
NR20251004153,2025-10-29,CUST00179,Mohit Saxena 6,West,Gujarat,Surat,Online,Electronics,Tablets,Lenovo Tab M11,2,17839.36,15,30326.91,24808.32,5518.59,Debit Card,Pending,6.0
NR20251000280,2025-10-15,CUST00242,Aditi Mehta 9,South,Andhra Pradesh,Visakhapatnam,Online,Accessories,Webcams,Logitech C270 Webcam,4,2524.78,10,9089.21,6740.06,2349.15,Credit Card,Delivered,6.0
NR20250101193,2025-01-22,CUST00230,Varun Bhatia 8,East,Jharkhand,Ranchi,Online,Electronics,Smartphones,Samsung Galaxy M35,2,22837.8,12,40194.53,34297.35,5897.18,Debit Card,Delivered,4.0
NR20250300229,2025-03-26,CUST00622,Yash Agarwal 21,West,Maharashtra,Nashik,Online,Electronics,Monitors,LG 24MP60G,1,12088.46,12,10637.84,8531.2,2106.64,Credit Card,Returned,8.0
NR20250700735,2025-07-15,CUST01123,Rahul Gupta 38,North,Rajasthan,Jaipur,Retail Store,Office Supplies,Stationery,Faber-Castell Marker Set,5,369.25,2,1809.33,1436.79,372.54,Debit Card,Cancelled,0.0
NR20250602923,2025-06-16,CUST01122,Pooja Singh 38,West,Gujarat,Vadodara,Online,Accessories,Bags,Skybags Casual Backpack,3,1892.42,2,5563.71,4117.98,1445.73,Debit Card,Delivered,4.0
NR20250804540,2025-08-17,CUST00066,Diya Shah 3,Central,Madhya Pradesh,Jabalpur,Retail Store,Electronics,Smartphones,Samsung Galaxy M35,2,21515.54,14,37006.73,31866.16,5140.57,Credit Card,Delivered,5.0
NR20250103683,2025-01-11,CUST00936,Diya Shah 32,South,Telangana,Hyderabad,Online,Office Supplies,Printing,HP 805 Ink Cartridge,1,1242.14,10,1117.93,885.18,232.75,Debit Card,Delivered,1.0
NR20251200556,2025-12-15,CUST01123,Rahul Gupta 38,East,West Bengal,Kolkata,Online,Electronics,Audio,boAt Airdopes 141,2,1365.86,16,2294.64,1648.29,646.35,UPI,Delivered,5.0
NR20251104702,2025-11-22,CUST00062,Aditi Mehta 3,East,West Bengal,Kolkata,Online,Electronics,Laptops,Acer Aspire 5,1,60529.02,9,55081.41,45110.77,9970.64,UPI,Delivered,4.0
NR20250602536,2025-06-23,CUST00675,Rohan Kulkarni 23,South,Karnataka,Mysuru,Online,Office Supplies,Writing,Cello Ball Pen Pack,8,178.59,10,1285.85,927.73,358.12,Credit Card,Cancelled,0.0
NR20250602887,2025-06-08,CUST00054,Priya Nanda 2,West,Maharashtra,Pune,Online,Furniture,Storage,Wooden Filing Cabinet,1,7833.39,12,6893.38,5236.54,1656.84,Credit Card,Delivered,3.0
NR20250901414,2025-09-09,CUST00481,Aarav Sharma 17,West,Maharashtra,Nashik,Retail Store,Accessories,Webcams,Logitech C270 Webcam,1,2519.51,12,2217.17,1677.26,539.91,UPI,Delivered,4.0
NR20250601129,2025-06-09,CUST00199,Tanvi Deshmukh 7,South,Andhra Pradesh,Vijayawada,Corporate,Electronics,Smartphones,OnePlus Nord CE,3,25766.77,13,67251.27,59258.64,7992.63,Debit Card,Delivered,1.0
NR20251101919,2025-11-04,CUST00775,Manish Tiwari 26,West,Maharashtra,Mumbai,Corporate,Furniture,Office Chairs,Green Soul Monster Chair,20,14643.95,17,243089.57,171346.61,71742.96,Credit Card,Delivered,10.0
NR20251004711,2025-10-01,CUST00921,Vikram Sethi 31,West,Gujarat,Surat,Online,Electronics,Smartphones,OnePlus Nord CE,1,25216.18,7,23451.05,21058.78,2392.27,UPI,Delivered,4.0
NR20250702522,2025-07-11,CUST01177,Ishaan Kapoor 40,South,Tamil Nadu,Coimbatore,Corporate,Electronics,Laptops,Acer Aspire 5,3,62615.25,14,161547.35,132946.17,28601.18,Credit Card,Delivered,3.0
NR20250701221,2025-07-06,CUST00541,Aarav Sharma 19,South,Karnataka,Bengaluru,Retail Store,Electronics,Audio,JBL Tune 770NC,1,7425.17,7,6905.41,5081.6,1823.81,UPI,Delivered,3.0
NR20250604626,2025-06-20,CUST00468,Siddharth Rao 16,West,Maharashtra,Mumbai,Retail Store,Office Supplies,Writing,Classmate Notebook Pack,3,480.48,2,1412.61,1072.56,340.05,UPI,Delivered,1.0
NR20251001211,2025-10-08,CUST01134,Priya Nanda 38,South,Karnataka,Bengaluru,Online,Accessories,Bags,Skybags Casual Backpack,2,1942.98,12,3419.64,2620.64,799.0,UPI,Delivered,5.0
NR20250701500,2025-07-06,CUST00556,Sakshi Jain 19,West,Maharashtra,Nagpur,Retail Store,Office Supplies,Writing,Classmate Notebook Pack,2,442.87,7,823.74,610.24,213.5,UPI,Delivered,4.0
NR20250500545,2025-05-23,CUST00337,Ishaan Kapoor 12,West,Gujarat,Surat,Online,Office Supplies,Paper,JK Copier A4 Paper Ream,2,320.27,5,608.51,477.2,131.31,Debit Card,Delivered,3.0
NR20250102218,2025-01-31,CUST00282,Pooja Singh 10,South,Telangana,Hyderabad,Retail Store,Furniture,Storage,Metal Office Cabinet,1,9110.0,5,8654.5,6395.64,2258.86,Debit Card,Delivered,4.0
NR20250101346,2025-01-31,CUST00224,Riya Das 8,West,Maharashtra,Nagpur,Retail Store,Accessories,Cables,Portronics HDMI Cable,3,633.29,5,1804.88,1202.28,602.6,UPI,Delivered,1.0
NR20251204791,2025-12-09,CUST00315,Rohan Kulkarni 11,East,Assam,Guwahati,Online,Electronics,Laptops,Acer Aspire 5,1,61115.26,12,53781.43,45055.28,8726.15,Credit Card,Delivered,5.0
NR20251100486,2025-11-27,CUST00717,Aman Arora 24,South,Karnataka,Mysuru,Corporate,Office Supplies,Stationery,Kangaro Stapler Set,20,270.35,12,4758.16,3618.53,1139.63,UPI,Delivered,4.0
NR20250303750,2025-03-22,CUST00549,Karan Malhotra 19,South,Telangana,Hyderabad,Online,Electronics,Monitors,LG 24MP60G,2,12740.01,12,22422.42,18170.62,4251.8,UPI,Delivered,1.0
NR20251204347,2025-12-11,CUST00909,Karan Malhotra 31,North,Uttar Pradesh,Lucknow,Retail Store,Office Supplies,Paper,JK Copier A4 Paper Ream,4,324.66,5,1233.71,960.05,273.66,Debit Card,Delivered,4.0
NR20250904191,2025-09-19,CUST00237,Aman Arora 8,North,Uttarakhand,Dehradun,Online,Electronics,Smartphones,Samsung Galaxy M35,2,22406.77,12,39435.92,34382.65,5053.27,Debit Card,Returned,8.0
NR20250700734,2025-07-06,CUST00083,Neha Chawla 3,West,Gujarat,Surat,Retail Store,Accessories,Bags,Skybags Casual Backpack,2,1853.67,12,3262.46,2310.25,952.21,UPI,Delivered,2.0
NR20251003863,2025-10-11,CUST00032,Aditi Mehta 2,South,Kerala,Kochi,Online,Office Supplies,Writing,Classmate Notebook Pack,4,434.51,7,1616.38,1206.13,410.25,Net Banking,Delivered,5.0
NR20250402482,2025-04-30,CUST00115,Manish Tiwari 4,West,Gujarat,Ahmedabad,Online,Electronics,Audio,boAt Airdopes 141,2,1423.14,12,2504.73,1776.69,728.04,UPI,Delivered,1.0
NR20250503098,2025-05-04,CUST00076,Sakshi Jain 3,South,Karnataka,Bengaluru,Online,Office Supplies,Printing,Epson 003 Ink Bottle,3,652.84,0,1958.52,1531.6,426.92,Net Banking,Returned,6.0
NR20250601182,2025-06-21,CUST01149,Karan Malhotra 39,North,Uttar Pradesh,Noida,Retail Store,Accessories,Bags,Skybags Casual Backpack,2,1745.28,7,3246.22,2454.73,791.49,UPI,Delivered,3.0
NR20250203627,2025-02-23,CUST00878,Kavya Reddy 30,East,Bihar,Patna,Corporate,Electronics,Cameras,Canon EOS 1500D,8,45973.35,16,308940.91,260903.77,48037.14,Debit Card,Delivered,6.0
NR20250104041,2025-01-31,CUST00860,Varun Bhatia 29,North,Delhi,Delhi,Retail Store,Accessories,Webcams,Logitech C270 Webcam,2,2490.82,5,4732.56,3662.71,1069.85,Debit Card,Delivered,2.0
NR20250500799,2025-05-16,CUST00288,Siddharth Rao 10,South,Andhra Pradesh,Visakhapatnam,Online,Office Supplies,Printing,HP 805 Ink Cartridge,1,1194.34,0,1194.34,984.19,210.15,Debit Card,Delivered,3.0
NR20250701943,2025-07-18,CUST00590,Varun Bhatia 20,South,Karnataka,Bengaluru,Retail Store,Electronics,Audio,boAt Airdopes 141,2,1341.88,7,2495.9,1902.8,593.1,Cash,Delivered,4.0
NR20250804111,2025-08-03,CUST00578,Kavya Reddy 20,West,Gujarat,Vadodara,Corporate,Electronics,Laptops,Acer Aspire 5,1,60542.12,8,55698.75,47563.29,8135.46,Credit Card,Delivered,7.0
NR20251101804,2025-11-09,CUST00263,Neha Chawla 9,West,Maharashtra,Nagpur,Online,Office Supplies,Stationery,Faber-Castell Marker Set,3,365.56,5,1041.85,805.35,236.5,UPI,Delivered,4.0
NR20250101145,2025-01-07,CUST00717,Aman Arora 24,North,Uttarakhand,Dehradun,Online,Office Supplies,Files,Solo Executive File Pack,3,516.53,7,1441.12,1127.92,313.2,Credit Card,Delivered,9.0
NR20250300804,2025-03-31,CUST00262,Yash Agarwal 9,North,Uttarakhand,Dehradun,Online,Electronics,Audio,boAt Airdopes 141,2,1388.18,5,2637.54,1956.66,680.88,UPI,Delivered,2.0
NR20250703209,2025-07-14,CUST00597,Aman Arora 20,North,Uttarakhand,Dehradun,Online,Accessories,Webcams,Logitech C270 Webcam,4,2527.72,18,8290.92,6455.71,1835.21,UPI,Delivered,2.0
NR20250400473,2025-04-24,CUST00133,Rahul Gupta 5,South,Karnataka,Bengaluru,Retail Store,Electronics,Tablets,Lenovo Tab M11,1,17252.55,17,14319.62,12101.03,2218.59,Debit Card,Delivered,4.0
NR20250303880,2025-03-15,CUST01019,Mohit Saxena 34,West,Maharashtra,Pune,Retail Store,Office Supplies,Printing,Epson 003 Ink Bottle,4,646.15,7,2403.68,1877.8,525.88,Cash,Delivered,3.0
NR20251002471,2025-10-22,CUST00045,Rohan Kulkarni 2,West,Gujarat,Surat,Corporate,Furniture,Office Chairs,Featherlite Astro Chair,10,10178.68,7,94661.72,65120.43,29541.29,Net Banking,Delivered,4.0
NR20250703730,2025-07-24,CUST00721,Aarav Sharma 25,Central,Chhattisgarh,Raipur,Retail Store,Accessories,Cables,Portronics HDMI Cable,2,685.43,5,1302.32,912.87,389.45,Credit Card,Delivered,5.0
NR20251004285,2025-10-31,CUST01171,Aarav Sharma 40,West,Maharashtra,Nagpur,Online,Accessories,Bags,Skybags Casual Backpack,1,1851.63,9,1684.98,1245.01,439.97,Credit Card,Returned,4.0
NR20250301469,2025-03-03,CUST00684,Priya Nanda 23,South,Andhra Pradesh,Vijayawada,Retail Store,Accessories,Cables,Portronics HDMI Cable,1,654.62,5,621.89,430.6,191.29,Debit Card,Delivered,4.0
NR20250502025,2025-05-07,CUST00073,Rahul Gupta 3,South,Tamil Nadu,Chennai,Retail Store,Electronics,Smartphones,OnePlus Nord CE,1,25454.56,12,22400.01,19959.41,2440.6,Cash,Delivered,1.0
NR20250400600,2025-04-04,CUST00672,Pooja Singh 23,South,Karnataka,Bengaluru,Online,Electronics,Cameras,Canon EOS 1500D,1,44724.35,5,42488.13,37294.63,5193.5,Credit Card,Delivered,6.0
NR20251200857,2025-12-17,CUST00486,Diya Shah 17,West,Maharashtra,Mumbai,Retail Store,Furniture,Office Chairs,Green Soul Monster Chair,1,14700.17,10,13230.15,9671.34,3558.81,Credit Card,Delivered,5.0
NR20251002169,2025-10-05,CUST00105,Rohan Kulkarni 4,Central,Chhattisgarh,Bilaspur,Retail Store,Office Supplies,Writing,Cello Ball Pen Pack,5,174.15,9,792.38,569.03,223.35,Debit Card,Delivered,4.0
NR20250502891,2025-05-24,CUST00467,Shreya Menon 16,South,Telangana,Hyderabad,Corporate,Office Supplies,Paper,JK Copier A4 Paper Ream,10,318.02,5,3021.19,2218.01,803.18,Net Banking,Delivered,3.0
NR20250601565,2025-06-08,CUST00547,Ishaan Kapoor 19,East,Odisha,Bhubaneswar,Online,Furniture,Storage,Wooden Filing Cabinet,1,7880.49,10,7092.44,5682.11,1410.33,UPI,Delivered,3.0
NR20250904085,2025-09-25,CUST00520,Meera Joshi 18,East,West Bengal,Kolkata,Corporate,Electronics,Laptops,HP 15s,20,53293.08,2,1044544.37,888691.0,155853.37,Net Banking,Delivered,5.0
NR20250702116,2025-07-31,CUST00274,Ananya Iyer 10,South,Tamil Nadu,Chennai,Corporate,Accessories,Cables,Belkin USB-C Cable,5,1076.12,10,4842.54,3369.38,1473.16,Debit Card,Delivered,4.0
NR20250304273,2025-03-21,CUST00609,Karan Malhotra 21,Central,Madhya Pradesh,Gwalior,Retail Store,Electronics,Laptops,HP 15s,1,56247.62,4,53997.72,46958.82,7038.9,Cash,Delivered ,7.0
NR20251100081,2025-11-06,CUST00674,Riya Das 23,West,Gujarat,Vadodara,Retail Store,Electronics,Smartphones,OnePlus Nord CE,2,25038.57,14,43066.34,36565.98,6500.36,UPI,Delivered,1.0
NR20251201341,2025-12-16,CUST00976,Sakshi Jain 33,West,Gujarat,Ahmedabad,Online,Accessories,Cables,Portronics HDMI Cable,2,648.25,17,1076.1,732.64,343.46,UPI,Delivered,4.0
NR20250101096,2025-01-26,CUST00248,Kavya Reddy 9,North,Rajasthan,Jaipur,Retail Store,Office Supplies,Writing,Cello Ball Pen Pack,10,177.41,12,1561.21,1079.37,481.84,Debit Card,Delivered,3.0
NR20251000506,2025-10-19,CUST00198,Siddharth Rao 7,North,Punjab,Ludhiana,Online,Accessories,Power Banks,Ambrane 20000mAh Power Bank,2,1723.85,10,3102.93,2324.09,778.84,UPI,Delivered,1.0
NR20250600747,2025-06-27,CUST00894,Priya Nanda 30,North,Uttar Pradesh,Noida,Online,Accessories,Cables,Portronics HDMI Cable,2,643.38,7,1196.69,871.47,325.22,UPI,Delivered,6.0
NR20250504930,2025-05-25,CUST00758,Kavya Reddy 26,South,Telangana,Hyderabad,Online,Office Supplies,Paper,JK Copier A4 Paper Ream,4,321.88,5,1223.14,954.94,268.2,UPI,Cancelled,0.0
NR20250900777,2025-09-23,CUST00656,Simran Kaur 22,North,Uttarakhand,Dehradun,Retail Store,Office Supplies,Writing,Cello Ball Pen Pack,1,177.12,2,173.58,124.84,48.74,Debit Card,Delivered,4.0
NR20251200531,2025-12-01,CUST00467,Shreya Menon 16,East,Assam,Guwahati,Online,Accessories,Cables,Belkin USB-C Cable,2,1082.3,5,2056.37,1465.73,590.64,UPI,Delivered,5.0
NR20250403354,2025-04-13,CUST00642,Pooja Singh 22,North,Uttar Pradesh,Noida,Retail Store,Accessories,Keyboards,Logitech K120 Keyboard,1,832.58,12,732.67,549.96,182.71,UPI,Delivered,3.0
NR20250503958,2025-05-15,CUST01033,Rahul Gupta 35,West,Gujarat,Surat,Online,Electronics,Cameras,Canon EOS 1500D,1,45587.15,2,44675.41,39275.41,5400.0,UPI,Delivered,5.0
NR20251002094,2025-10-24,CUST00075,Rohan Kulkarni 3,North,Uttar Pradesh,Noida,Corporate,Electronics,Monitors,LG 24MP60G,5,12407.51,12,54593.04,45342.64,9250.4,UPI,Delivered,4.0
NR20250904691,2025-09-03,CUST00136,Sakshi Jain 5,West,Maharashtra,Mumbai,Retail Store,Office Supplies,Printing,Epson 003 Ink Bottle,3,630.6,12,1664.78,1343.75,321.03,Credit Card,Delivered,4.0
NR20250901655,2025-09-12,CUST00934,Ananya Iyer 32,South,Andhra Pradesh,Vijayawada,Online,Office Supplies,Stationery,Faber-Castell Marker Set,1,370.17,10,333.15,248.09,85.06,UPI,Delivered,5.0
NR20251000472,2025-10-20,CUST01068,Siddharth Rao 36,South,Karnataka,Bengaluru,Online,Furniture,Storage,Metal Office Cabinet,1,9217.86,14,7927.36,5996.43,1930.93,UPI,Returned,8.0
NR20250600089,2025-06-25,CUST00089,Mohit Saxena 3,Central,Madhya Pradesh,Jabalpur,Corporate,Furniture,Office Chairs,Green Soul Monster Chair,8,15049.84,9,109562.84,81411.44,28151.4,UPI,Delivered,6.0
NR20250701731,2025-07-21,CUST00337,Ishaan Kapoor 12,South,Andhra Pradesh,Vijayawada,Retail Store,Office Supplies,Stationery,Faber-Castell Marker Set,5,355.04,2,1739.7,1302.42,437.28,UPI,Delivered,4.0
NR20250300229,2025-03-26,CUST00622,Yash Agarwal 21,West,Maharashtra,Nashik,Online,Electronics,Monitors,LG 24MP60G,1,12088.46,12,10637.84,8531.2,2106.64,Credit Card,Returned,8.0
NR20251100009,2025-11-01,CUST00848,Kavya Reddy 29,West,Maharashtra,Nagpur,Online,Office Supplies,Printing,Epson 003 Ink Bottle,4,633.37,7,2356.14,1803.71,552.43,Credit Card,Delivered,4.0
NR20250403692,2025-04-08,CUST00299,Mohit Saxena 10,West,Maharashtra,Nashik,Online,Furniture,Storage,Wooden Filing Cabinet,1,7687.54,10,6918.79,5152.44,1766.35,Net Banking,Delivered,1.0
NR20250501651,2025-05-20,CUST00166,Sakshi Jain 6,North,Rajasthan,Jaipur,Online,Office Supplies,Printing,HP 805 Ink Cartridge,4,1292.2,10,4651.92,3841.74,810.18,Credit Card,Delivered,6.0
NR20251201621,2025-12-11,CUST00173,Neha Chawla 6,South,Kerala,Kochi,Online,Electronics,Monitors,LG 24MP60G,2,12859.58,10,23147.24,18741.13,4406.11,Credit Card,Delivered,3.0
NR20251002985,2025-10-29,CUST00420,Sneha Pillai 14,North,Punjab,Ludhiana,Online,Electronics,Audio,JBL Tune 770NC,1,7049.39,12,6203.46,4811.18,1392.28,Credit Card,Delivered,1.0
NR20250200411,2025-02-04,CUST00341,Nikhil Patil 12,East,Bihar,Patna,Online,Office Supplies,Stationery,Faber-Castell Marker Set,5,346.16,5,1644.26,1264.96,379.3,UPI,Delivered,7.0
NR20250902245,2025-09-22,CUST00671,Nikhil Patil 23,West,Gujarat,Vadodara,Retail Store,Office Supplies,Printing,Epson 003 Ink Bottle,4,672.37,12,2366.74,1910.86,455.88,Credit Card,Delivered,4.0
NR20251102315,2025-11-21,CUST00989,Mohit Saxena 33,South,Andhra Pradesh,Vijayawada,Retail Store,Furniture,Storage,Metal Office Cabinet,1,9324.79,5,8858.55,6769.03,2089.52,UPI,Delivered,4.0
NR20250700878,2025-07-25,CUST00646,Sakshi Jain 22,East,Bihar,Patna,Online,Electronics,Monitors,LG 24MP60G,3,12548.48,5,35763.17,29547.18,6215.99,UPI,Delivered,5.0
NR20250604249,2025-06-24,CUST01200,Sneha Pillai 40,South,Andhra Pradesh,Vijayawada,Online,Office Supplies,Writing,Classmate Notebook Pack,4,459.22,7,1708.3,1293.77,414.53,Net Banking,Delivered,5.0
NR20251003890,2025-10-10,CUST00142,Yash Agarwal 5,North,Punjab,Amritsar,Retail Store,Office Supplies,Printing,HP 805 Ink Cartridge,4,1182.61,5,4493.92,3728.94,764.98,Credit Card,Delivered,3.0
NR20250700932,2025-07-14,CUST00831,Vikram Sethi 28,South,Kerala,Kochi,Corporate,Furniture,Office Chairs,Featherlite Astro Chair,20,10094.68,7,187761.05,129866.3,57894.75,Credit Card,Delivered,3.0
NR20250400145,2025-04-06,CUST00437,Shreya Menon 15,South,Kerala,Kochi,Retail Store,Furniture,Desks,IKEA Linnmon Desk,3,8640.34,5,24624.97,18423.4,6201.57,Credit Card,Delivered,4.0
NR20250701175,2025-07-30,CUST00831,Vikram Sethi 28,Central,Madhya Pradesh,Gwalior,Corporate,Electronics,Cameras,Canon EOS 1500D,3,46655.05,19,113371.77,95595.46,17776.31,Net Banking,Delivered,6.0
NR20251004867,2025-10-16,CUST00343,Rahul Gupta 12,Central,Madhya Pradesh,Jabalpur,Online,Office Supplies,Printing,HP 805 Ink Cartridge,3,1286.39,9,3511.84,2891.86,619.98,UPI,Delivered,3.0
NR20250700334,2025-07-22,CUST00224,Riya Das 8,West,Maharashtra,Nagpur,Online,Electronics,Laptops,Acer Aspire 5,1,60011.12,10,54010.01,45944.84,8065.17,Debit Card,Delivered,4.0
NR20250603823,2025-06-05,CUST01176,Diya Shah 40,South,Karnataka,Mysuru,Online,Furniture,Office Chairs,Featherlite Astro Chair,1,10775.33,10,9697.8,6762.14,2935.66,Debit Card,Delivered,1.0
NR20250504474,2025-05-05,CUST00676,Sakshi Jain 23,West,Maharashtra,Mumbai,Online,Electronics,Audio,JBL Tune 770NC,1,7310.9,10,6579.81,5085.58,1494.23,UPI,Delivered,3.0
NR20250902147,2025-09-27,CUST00045,Rohan Kulkarni 2,Central,Madhya Pradesh,Indore,Corporate,Furniture,Office Chairs,Featherlite Astro Chair,8,10861.6,17,72121.02,49296.61,22824.41,Credit Card,Delivered,6.0
NR20250800912,2025-08-24,CUST00383,Neha Chawla 13,West,Maharashtra,Mumbai,Retail Store,Furniture,Desks,Wooden Study Desk,1,6589.69,2,6457.9,4702.32,1755.58,UPI,Delivered,4.0
NR20250704838,2025-07-16,CUST00340,Meera Joshi 12,Central,Madhya Pradesh,Bhopal,Online,Electronics,Cameras,Canon EOS 1500D,1,45108.46,7,41950.87,36689.3,5261.57,Credit Card,Delivered,4.0
NR20250502776,2025-05-30,CUST00504,Priya Nanda 17,North,Uttarakhand,Dehradun,Retail Store,Furniture,Desks,Wooden Study Desk,2,6635.12,10,11943.22,8718.58,3224.64,Credit Card,Delivered,6.0
NR20251004940,2025-10-18,CUST00932,Aditi Mehta 32,South,Tamil Nadu,Coimbatore,Online,Office Supplies,Printing,Epson 003 Ink Bottle,4,652.91,12,2298.24,1743.74,554.5,Debit Card,Delivered,1.0
NR20250301053,2025-03-02,CUST01003,Rahul Gupta 34,South,Tamil Nadu,Chennai,Retail Store,Office Supplies,Files,Solo Executive File Pack,3,512.66,12,1353.42,1087.76,265.66,UPI,Delivered,5.0
NR20250204312,2025-02-21,CUST01065,Rohan Kulkarni 36,West,Gujarat,Ahmedabad,Retail Store,Office Supplies,Paper,JK Copier A4 Paper Ream,4,321.92,10,1158.91,880.42,278.49,Debit Card,Delivered,4.0
NR20250203341,2025-02-26,CUST00813,Aditya Verma 28,Central,Madhya Pradesh,Indore,Retail Store,Accessories,Cables,Portronics HDMI Cable,2,647.84,5,1230.9,841.42,389.48,Debit Card,Delivered,4.0
NR20250500101,2025-05-04,CUST00203,Neha Chawla 7,South,Karnataka,Bengaluru,Online,Accessories,Cables,Portronics HDMI Cable,2,646.6,5,1228.54,816.71,411.83,UPI,Delivered,2.0
NR20251203041,2025-12-21,CUST00463,Rahul Gupta 16,South,Karnataka,Bengaluru,Corporate,Electronics,Laptops,Acer Aspire 5,15,62114.44,12,819910.61,684307.1,135603.51,Credit Card,Delivered,5.0
NR20250603276,2025-06-27,CUST00202,Yash Agarwal 7,East,Jharkhand,Ranchi,Online,Office Supplies,Printing,HP 805 Ink Cartridge,3,1229.35,10,3319.24,2816.11,503.13,Credit Card,Returned,7.0
NR20250701892,2025-07-26,CUST01212,Pooja Singh 41,West,Maharashtra,Mumbai,Retail Store,Furniture,Tables,Conference Table 6-Seater,5,29628.84,15,125922.57,99793.78,26128.79,UPI,Delivered,2.0
NR20250703847,2025-07-11,CUST00024,Priya Nanda 1,West,Maharashtra,Pune,Retail Store,Furniture,Tables,Conference Table 6-Seater,3,27822.26,10,75120.1,57584.29,17535.81,UPI,Delivered,2.0
NR20251001097,2025-10-17,CUST01241,Nikhil Patil 42,East,Odisha,Bhubaneswar,Retail Store,Furniture,Storage, Metal Office Cabinet,1,9187.02,10,8268.32,6448.75,1819.57,UPI,Delivered,3.0
NR20251200732,2025-12-07,CUST01171,Aarav Sharma 40,North,Uttar Pradesh,Lucknow,Retail Store,Accessories,Cables,Belkin USB-C Cable,1,1118.42,7,1040.13,745.01,295.12,Cash,Delivered,5.0
NR20250300427,2025-03-27,CUST01006,Sakshi Jain 34,South,Tamil Nadu,Chennai,Online,Electronics,Laptops,Acer Aspire 5,2,59856.72,12,105347.83,86853.73,18494.1,Debit Card,Returned,5.0
NR20251104188,2025-11-04,CUST01160,Varun Bhatia 39,North,Uttar Pradesh,Noida,Retail Store,Electronics,Laptops,HP 15s,1,54604.52,11,48598.02,41472.39,7125.63,UPI,Delivered,3.0
NR20250402118,2025-04-28,CUST01170,Sneha Pillai 39,North,Uttar Pradesh,Lucknow,Online,Accessories,Bags,Skybags Casual Backpack,1,1990.33,7,1851.01,1427.63,423.38,UPI,Cancelled,0.0
NR20250501102,2025-05-19,CUST00001,Aarav Sharma 1,West,Maharashtra,Nashik,Retail Store,Electronics,Laptops,HP 15s,1,51796.09,2,50760.17,44295.77,6464.4,Debit Card,Returned,4.0
NR20250604965,2025-06-29,CUST00268,Isha Banerjee 9,West,Maharashtra,Mumbai,Online,Furniture,Storage,Wooden Filing Cabinet,1,7722.48,12,6795.78,5118.28,1677.5,UPI,Delivered,5.0
NR20251000587,2025-10-31,CUST00823,Rahul Gupta 28,North,Punjab,Amritsar,Online,Accessories,Bags,Skybags Casual Backpack,1,1962.3,17,1628.71,1188.43,440.28,Net Banking,Returned,7.0
NR20250704618,2025-07-03,CUST00669,Karan Malhotra 23,Central,Madhya Pradesh,Gwalior,Corporate,Office Supplies,Writing,Classmate Notebook Pack,5,441.59,5,2097.55,1560.97,536.58,Debit Card,Delivered,
NR20250404270,2025-04-18,CUST00093,Aditya Verma 4,Central,Madhya Pradesh,Indore,Retail Store,Electronics,Laptops,HP 15s,1,54466.59,4,52287.93,44814.41,7473.52,Debit Card,Delivered,4.0
NR20251004880,2025-10-12,CUST00264,Priya Nanda 9,South,Telangana,Hyderabad,Corporate,Electronics,Monitors,LG 24MP60G,5,11792.03,21,46578.52,36988.05,9590.47,Debit Card,Delivered,4.0
NR20250403679,2025-04-13,CUST00015,Rohan Kulkarni 1,South,Karnataka,Mysuru,Retail Store,Electronics,Tablets,Lenovo Tab M11,4,16938.17,14,58267.3,47958.19,10309.11,UPI,Delivered,4.0
NR20250601706,2025-06-23,CUST00629,Mohit Saxena 21,East,Assam,Guwahati,Online,Office Supplies,Stationery,Faber-Castell Marker Set,5,354.25,5,1682.69,1273.64,409.05,Net Banking,Delivered,4.0
NR20250202930,2025-02-26,CUST00337,Ishaan Kapoor 12,Central,Chhattisgarh,Raipur,Retail Store,Office Supplies,Printing,HP 805 Ink Cartridge,2,1257.99,7,2339.86,1900.63,439.23,Debit Card,Delivered,7.0
NR20250504208,2025-05-21,CUST00353,Neha Chawla 12,South,Karnataka,Bengaluru,Online,Accessories,Cables,Portronics HDMI Cable,1,659.07,2,645.89,467.91,177.98,Debit Card,Delivered,3.0
NR20250103928,2025-01-03,CUST00135,Rohan Kulkarni 5,Central,Madhya Pradesh,Gwalior,Corporate,Electronics,Audio,boAt Airdopes 141,3,1337.33,10,3610.79,2619.77,991.02,UPI,Delivered,5.0
NR20250702275,2025-07-01,CUST00729,Karan Malhotra 25,South,Tamil Nadu,Chennai,Retail Store,Electronics,Cameras,Canon EOS 1500D,1,45272.46,6,42556.11,37020.36,5535.75,Cash,Delivered,6.0
NR20250603122,2025-06-24,CUST01004,Riya Das 34,East,West Bengal,Siliguri,Online,Electronics,Cameras,Canon EOS 1500D,1,44150.83,12,38852.73,33992.03,4860.7,UPI,Delivered,6.0
NR20251103079,2025-11-03,CUST00253,Rahul Gupta 9,South,Karnataka,Bengaluru,Retail Store,Electronics,Monitors,LG 24MP60G,3,12835.56,17,31960.54,26128.91,5831.63,UPI,Delivered,5.0
NR20251203236,2025-12-27,CUST00500,Varun Bhatia 17,West,Maharashtra,Nashik,Corporate,Electronics,Tablets,Lenovo Tab M11,10,17616.13,9,160306.78,130450.51,29856.27,Net Banking,Delivered,4.0
NR20250703725,2025-07-26,CUST00283,Rahul Gupta 10,South,Tamil Nadu,Coimbatore,Online,Electronics,Laptops,HP 15s,2,54125.71,18,88766.16,74578.76,14187.4,UPI,Delivered,2.0
NR20250700812,2025-07-25,CUST00534,Priya Nanda 18,North,Punjab,Ludhiana,Retail Store,Electronics,Monitors,LG 24MP60G,2,11783.66,0,23567.32,19857.99,3709.33,UPI,Delivered,4.0
NR20250504831,2025-05-10,CUST01144,Ananya Iyer 39,West,Gujarat,Surat,Retail Store,Office Supplies,Stationery,Kangaro Stapler Set,4,275.37,7,1024.38,701.67,322.71,Credit Card,Delivered,4.0
NR20250700849,2025-07-22,CUST00120,Sneha Pillai 4,North,Punjab,Amritsar,Online,Accessories,Power Banks,Ambrane 20000mAh Power Bank,2,1724.05,15,2930.88,2248.18,682.7,Debit Card,Delivered,8.0
NR20251100298,2025-11-27,CUST00106,Sakshi Jain 4,West,Gujarat,Ahmedabad,Online,Furniture,Storage,Metal Office Cabinet,1,9288.4,7,8638.21,6678.17,1960.04,UPI,Pending,3.0
NR20250101048,2025-01-22,CUST00056,Simran Kaur 2,West,Gujarat,Surat,Online,Electronics,Monitors,LG 24MP60G,3,12180.3,11,32521.4,26545.74,5975.66,Net Banking,Delivered,3.0
NR20250901787,2025-09-01,CUST00273,Aditya Verma 10,West,Goa,Goa,Online,Electronics,Audio,JBL Tune 770NC,2,7234.12,7,13455.46,10618.34,2837.12,UPI,Delivered,5.0
NR20250702229,2025-07-30,CUST00814,Ananya Iyer 28,South,Karnataka,Mysuru,Corporate,Office Supplies,Writing,Cello Ball Pen Pack,20,177.49,2,3478.8,2415.24,1063.56,Credit Card,Delivered,3.0
NR20250501322,2025-05-05,CUST00160,Meera Joshi 6,East,Bihar,Patna,Online,Electronics,Audio,JBL Tune 770NC,1,7080.73,5,6726.69,5012.78,1713.91,Debit Card,Pending,6.0
NR20250800231,2025-08-30,CUST00080,Varun Bhatia 3,South,Kerala,Kochi,Retail Store,Electronics,Laptops,Acer Aspire 5,1,62400.28,9,56784.25,48561.24,8223.01,Credit Card,Delivered,4.0
NR20250903635,2025-09-25,CUST00590,Varun Bhatia 20,West,Gujarat,Ahmedabad,Online,Office Supplies,Stationery,Kangaro Stapler Set,8,279.2,5,2121.92,1537.89,584.03,UPI,Delivered,2.0
NR20250700970,2025-07-07,CUST01198,Isha Banerjee 40,West,Gujarat,Vadodara,Online,Office Supplies,Writing,Classmate Notebook Pack,8,442.33,5,3361.71,2531.81,829.9,Debit Card,Delivered,3.0
NR20250302766,2025-03-07,CUST00864,Priya Nanda 29,East,West Bengal,Siliguri,Online,Electronics,Laptops,HP 15s,4,56313.87,9,204982.49,172822.77,32159.72,UPI,Delivered,6.0
NR20250503144,2025-05-26,CUST00513,Aditya Verma 18,West,Maharashtra,Nashik,Retail Store,Electronics,Monitors,LG 24MP60G,3,12169.18,7,33952.01,27095.24,6856.77,Credit Card,Delivered,4.0
NR20250403425,2025-04-08,CUST01118,Kavya Reddy 38,West,Maharashtra,Mumbai,Retail Store,Furniture,Office Chairs,Green Soul Monster Chair,1,13788.41,10,12409.57,8971.34,3438.23,Credit Card,Delivered,4.0
NR20250903839,2025-09-06,CUST00666,Diya Shah 23,East,Jharkhand,Ranchi,Retail Store,Accessories,Bags,Skybags Casual Backpack,1,1869.72,7,1738.84,1283.58,455.26,UPI,Delivered,4.0
NR20250903165,2025-09-18,CUST00044,Riya Das 2,South,Karnataka,Bengaluru,Retail Store,Office Supplies,Printing,HP 805 Ink Cartridge,3,1247.63,7,3480.89,2882.74,598.15,UPI,Delivered,2.0
NR20250703569,2025-07-20,CUST00267,Aman Arora 9,Central,Madhya Pradesh,Jabalpur,Retail Store,Electronics,Cameras,Canon EOS 1500D,2,46347.92,7,86207.13,74219.37,11987.76,UPI,Delivered,3.0
NR20250300374,2025-03-26,CUST00008,Kavya Reddy 1,West,Maharashtra,Nashik,Online,Electronics,Audio,boAt Airdopes 141,1,1431.62,11,1274.14,952.7,321.44,Credit Card,Delivered,1.0
NR20250102234,2025-01-20,CUST00541,Aarav Sharma 19,South,Kerala,Kochi,Online,Electronics,Tablets,Lenovo Tab M11,1,17691.77,2,17337.93,14493.13,2844.8,Credit Card,Delivered,3.0
NR20251204349,2025-12-24,CUST00332,Aditi Mehta 12,South,Andhra Pradesh,Vijayawada,Retail Store,Electronics,Laptops,Acer Aspire 5,2,61637.36,13,107249.01,92609.84,14639.17,Credit Card,Delivered,2.0
NR20250304268,2025-03-24,CUST00080,Varun Bhatia 3,West,Maharashtra,Pune,Online,Electronics,Monitors,LG 24MP60G,1,13078.55,0,13078.55,10779.72,2298.83,UPI,Delivered,1.0
NR20250404673,2025-04-12,CUST00624,Priya Nanda 21,East,Assam,Guwahati,Online,Accessories,Bags,Skybags Casual Backpack,1,1901.63,10,1711.47,1249.53,461.94,Credit Card,Delivered,5.0
NR20250400627,2025-04-22,CUST01136,Simran Kaur 38,Central,Madhya Pradesh,Jabalpur,Retail Store,Office Supplies,Printing,Epson 003 Ink Bottle,5,629.63,0,3148.15,2571.41,576.74,Credit Card,Delivered,5.0
NR20250703327,2025-07-08,CUST00737,Shreya Menon 25,South,Tamil Nadu,Chennai,Online,Office Supplies,Printing,HP 805 Ink Cartridge,8,1200.4,10,8642.88,7235.68,1407.2,Debit Card,Delivered,5.0
NR20250801555,2025-08-25,CUST00538,Isha Banerjee 18,North,Chandigarh,Chandigarh,Retail Store,Office Supplies,Stationery,Faber-Castell Marker Set,5,359.65,12,1582.46,1247.25,335.21,Debit Card,Pending,2.0
NR20251001021,2025-10-02,CUST00418,Isha Banerjee 14,North,Uttarakhand,Dehradun,Corporate,Electronics,Tablets,Lenovo Tab M11,10,18146.32,16,152429.09,134163.09,18266.0,Net Banking,Delivered,2.0
NR20250204730,2025-02-21,CUST00628,Isha Banerjee 21,South,Andhra Pradesh,Visakhapatnam,Corporate,Furniture,Office Chairs,Green Soul Monster Chair,3,14103.11,2,41463.14,29960.47,11502.67,Credit Card,Delivered,4.0
NR20251104105,2025-11-05,CUST00354,Priya Nanda 12,East,West Bengal,Siliguri,Corporate,Office Supplies,Printing,HP 805 Ink Cartridge,15,1279.74,12,16892.57,14567.81,2324.76,UPI,Delivered,6.0
NR20250401790,2025-04-29,CUST00528,Siddharth Rao 18,Central,Madhya Pradesh,Indore,Online,Accessories,Bags,Skybags Casual Backpack,2,1888.37,12,3323.53,2375.18,948.35,Debit Card,Delivered,8.0
NR20250703715,2025-07-28,CUST00317,Shreya Menon 11,North,Chandigarh,Chandigarh,Retail Store,Electronics,Smartphones,Samsung Galaxy M35,1,21739.46,9,19782.91,17101.68,2681.23,UPI,Delivered,1.0
NR20250900880,2025-09-14,CUST01115,Arjun Nair 38,South,Telangana,Hyderabad,Online,Accessories,Bags,Skybags Casual Backpack,2,1879.43,5,3570.92,2566.34,1004.58,Credit Card,Delivered,6.0
NR20250104485,2025-01-29,CUST00340,Meera Joshi 12,West,Gujarat,Vadodara,Retail Store,Office Supplies,Paper,JK Copier A4 Paper Ream,1,307.81,15,261.64,203.33,58.31,UPI,Delivered,5.0
NR20250301520,2025-03-08,CUST00108,Siddharth Rao 4,South,Kerala,Kochi,Corporate,Office Supplies,Paper,JK Copier A4 Paper Ream,3,317.03,4,913.05,727.37,185.68,UPI,Delivered,5.0
NR20250602068,2025-06-21,CUST00578,Kavya Reddy 20,South,Karnataka,Bengaluru,Retail Store,Office Supplies,Stationery,Faber-Castell Marker Set,4,350.41,2,1373.61,1088.87,284.74,Cash,Delivered,3.0
NR20251204338,2025-12-09,CUST00625,Manish Tiwari 21,North,Punjab,Amritsar,Online,Furniture,Desks,IKEA Linnmon Desk,1,8716.23,9,7931.77,5808.09,2123.68,Net Banking,Returned,5.0
NR20250801019,2025-08-29,CUST01091,Nikhil Patil 37,West,Maharashtra,Pune,Corporate,Electronics,Tablets,Lenovo Tab M11,3,17936.99,12,47353.65,40248.57,7105.08,Net Banking,Delivered,5.0
NR20250900882,2025-09-11,CUST01146,Diya Shah 39,West,Maharashtra,Nagpur,Retail Store,Furniture,Storage,Wooden Filing Cabinet,2,7599.17,7,14134.46,11171.17,2963.29,UPI,Delivered,3.0
NR20250601747,2025-06-21,CUST00193,Rahul Gupta 7,South,Karnataka,Bengaluru,Online,Electronics,Audio,JBL Tune 770NC,1,7076.22,4,6793.17,5048.31,1744.86,Net Banking,Delivered,3.0
NR20250801722,2025-08-28,CUST01169,Mohit Saxena 39,North,Punjab,Amritsar,Retail Store,Office Supplies,Writing,Cello Ball Pen Pack,1,183.03,12,161.07,117.39,43.68,Credit Card,Delivered,3.0
NR20250601256,2025-06-23,CUST00755,Arjun Nair 26,West,Maharashtra,Nagpur,Corporate,Office Supplies,Writing,Classmate Notebook Pack,1,468.55,15,398.27,303.2,95.07,Debit Card,Delivered,4.0
NR20250203675,2025-02-14,CUST01029,Karan Malhotra 35,South,Tamil Nadu,Coimbatore,Retail Store,Electronics,Smartphones,OnePlus Nord CE,1,25476.32,0,25476.32,23008.83,2467.49,Credit Card,Pending,3.0
NR20250800150,2025-08-17,CUST01146,Diya Shah 39,North,Uttarakhand,Dehradun ,Online,Furniture,Office Chairs,Featherlite Astro Chair,1,10552.13,7,9813.48,7013.36,2800.12,UPI,Delivered,6.0
NR20251101514,2025-11-27,CUST00054,Priya Nanda 2,East,Bihar,Patna,Corporate,Office Supplies,Writing,Classmate Notebook Pack,20,459.57,12,8088.43,6064.75,2023.68,Net Banking,Delivered,6.0
NR20251103244,2025-11-09,CUST00936,Diya Shah 32,South,Karnataka,Bengaluru,Corporate,Furniture,Office Chairs,Featherlite Astro Chair,5,10724.33,10,48259.49,34545.75,13713.74,Net Banking,Delivered,3.0
NR20250703372,2025-07-31,CUST01088,Kavya Reddy 37,North,Uttarakhand,Dehradun,Retail Store,Accessories,Keyboards,Logitech K120 Keyboard,3,846.63,15,2158.91,1562.46,596.45,Debit Card,Delivered,4.0
NR20250301671,2025-03-28,CUST00156,Diya Shah 6,West,Goa,Goa,Online,Furniture,Desks,IKEA Linnmon Desk,1,8587.11,2,8415.37,6348.27,2067.1,Net Banking,Delivered,3.0
NR20251200578,2025-12-17,CUST00268,Isha Banerjee 9,West,Maharashtra,Nagpur,Retail Store,Office Supplies,Stationery,Faber-Castell Marker Set,3,352.65,10,952.15,740.12,212.03,Cash,Delivered,4.0
NR20250904610,2025-09-21,CUST00478,Isha Banerjee 16,South,Andhra Pradesh,Visakhapatnam,Retail Store,Accessories,Power Banks,Ambrane 20000mAh Power Bank,4,1719.36,12,6052.15,4707.85,1344.3,UPI,Delivered,4.0
NR20251103732,2025-11-17,CUST00330,Sneha Pillai 11,East,West Bengal,Siliguri,Retail Store,Electronics,Laptops,Acer Aspire 5,2,61629.36,14,106002.5,90505.65,15496.85,UPI,Delivered,6.0
NR20251203066,2025-12-26,CUST01128,Siddharth Rao 38,North,Uttar Pradesh,Lucknow,Corporate,Accessories,Bags,American Tourister Laptop Bag,2,2630.09,10,4734.16,3637.54,1096.62,Credit Card,Delivered,6.0
NR20250300013,2025-03-17,CUST01108,Isha Banerjee 37,South,Karnataka,Bengaluru,Corporate,Accessories,Mice,Logitech M331 Mouse,20,1445.7,7,26890.02,19523.53,7366.49,Net Banking,Delivered,6.0
NR20250400094,2025-04-26,CUST00030,Sneha Pillai 1,West,Maharashtra,Mumbai,Retail Store,Furniture,Storage,Metal Office Cabinet,1,9071.03,7,8436.06,6648.73,1787.33,Credit Card,Delivered,5.0
NR20250503351,2025-05-18,CUST00727,Ishaan Kapoor 25,South,Kerala,Kochi,Online,Office Supplies,Paper,JK Copier A4 Paper Ream,4,329.59,10,1186.52,934.13,252.39,Net Banking,Delivered,1.0
NR20251104047,2025-11-29,CUST00373,Rahul Gupta 13,South,Andhra Pradesh,Visakhapatnam,Retail Store,Electronics,Smartphones,OnePlus Nord CE,3,25144.8,11,67136.62,59736.22,7400.4,Credit Card,Delivered,6.0
NR20251204045,2025-12-01,CUST01135,Manish Tiwari 38,West,Gujarat,Ahmedabad,Retail Store,Electronics,Smartphones,OnePlus Nord CE,1,24773.55,9,22543.93,20740.42,1803.51,Debit Card,Delivered,
NR20250903985,2025-09-27,CUST00466,Sakshi Jain 16,West,Maharashtra,Mumbai,Corporate,Furniture,Office Chairs,Featherlite Astro Chair,15,10615.42,0,159231.3,107801.58,51429.72,Credit Card,Delivered,4.0
NR20250900394,2025-09-29,CUST01235,Arjun Nair 42,West,Gujarat,Ahmedabad,Retail Store,Accessories,Keyboards,Logitech K120 Keyboard,3,862.0,10,2327.4,1670.17,657.23,Debit Card,Delivered,4.0
NR20251101544,2025-11-19,CUST00851,Nikhil Patil 29,West,Maharashtra,Mumbai,Online,Office Supplies,Writing,Cello Ball Pen Pack,4,180.84,10,651.02,451.54,199.48,Credit Card,Delivered,1.0
NR20251102754,2025-11-17,CUST00324,Priya Nanda 11,Central,Chhattisgarh,Raipur,Online,Accessories,Bags,Skybags Casual Backpack,1,1902.03,5,1806.93,1370.66,436.27,UPI,Delivered,6.0
NR20250600684,2025-06-12,CUST00210,Sneha Pillai 7,North,Uttar Pradesh,Lucknow,Online,Office Supplies,Writing,Cello Ball Pen Pack,2,185.41,2,363.4,256.86,106.54,UPI,Delivered,4.0
NR20251004657,2025-10-30,CUST00663,Aditya Verma 23,West,Maharashtra,Nagpur,Retail Store,Office Supplies,Writing,Classmate Notebook Pack,10,438.03,0,4380.3,3349.27,1031.03,Debit Card,Delivered,2.0
NR20250702695,2025-07-03,CUST00705,Rohan Kulkarni 24,Central,Chhattisgarh,Bilaspur,Online,Electronics,Monitors,LG 24MP60G,1,12203.19,12,10738.81,8781.82,1956.99,Debit Card,Cancelled,0.0
NR20250802342,2025-08-06,CUST00464,Riya Das 16,South,Karnataka,Bengaluru,Retail Store,Office Supplies,Writing,Cello Ball Pen Pack,2,176.5,5,335.35,234.75,100.6,UPI,Delivered,3.0
NR20251202573,2025-12-29,CUST00417,Aman Arora 14,West,Goa,Goa,Online,Electronics,Audio,JBL Tune 770NC,3,7228.51,5,20601.25,16000.33,4600.92,UPI,Delivered,3.0
NR20250503114,2025-05-02,CUST00260,Varun Bhatia 9,East,Assam,Guwahati,Retail Store,Accessories,Bags,American Tourister Laptop Bag,1,2586.68,10,2328.01,1666.22,661.79,UPI,Delivered,4.0
NR20250501601,2025-05-26,CUST00823,Rahul Gupta 28,West,Gujarat,Vadodara,Online,Electronics,Cameras,Canon EOS 1500D,1,45957.26,16,38604.1,33063.95,5540.15,UPI,Delivered,4.0
NR20250503883,2025-05-21,CUST01079,Mohit Saxena 36,South,Andhra Pradesh,Visakhapatnam,Online,Accessories,Bags,Skybags Casual Backpack,4,1948.09,7,7246.89,5436.91,1809.98,Credit Card,Delivered,2.0
NR20251101484,2025-11-03,CUST01156,Sakshi Jain 39,South,Tamil Nadu,Coimbatore,Online,Electronics,Audio,boAt Airdopes 141,3,1352.71,4,3895.8,2901.04,994.76,UPI,Delivered,5.0
NR20250601704,2025-06-03,CUST00419,Mohit Saxena 14,West,Gujarat,Surat,Online,Accessories,Bags,Skybags Casual Backpack,2,1959.54,15,3331.22,2502.65,828.57,Net Banking,Delivered,2.0
NR20250202699,2025-02-02,CUST01212,Pooja Singh 41,South,Karnataka,Mysuru,Retail Store,Office Supplies,Files,Solo Executive File Pack,5,539.85,5,2564.29,1965.53,598.76,UPI,Delivered,1.0
NR20250102858,2025-01-13,CUST00998,Kavya Reddy 34,West,Gujarat,Surat,Online,Accessories,Cables,Belkin USB-C Cable,3,1083.98,12,2861.71,1932.81,928.9,Debit Card,Delivered,4.0
NR20250903277,2025-09-29,CUST00402,Pooja Singh 14,South,Karnataka,Bengaluru,Corporate,Electronics,Smartphones,Samsung Galaxy M35,5,22079.42,5,104877.24,89346.57,15530.67,Credit Card,Delivered,4.0
NR20251001624,2025-10-30,CUST00031,Aarav Sharma 2,North,Uttar Pradesh,Noida,Corporate,Electronics,Laptops,Acer Aspire 5,20,60297.6,0,1205952.0,1045891.93,160060.07,Credit Card,Delivered,3.0
NR20250802374,2025-08-11,CUST01025,Arjun Nair 35,West,Gujarat,Ahmedabad,Online,Office Supplies,Stationery,Faber-Castell Marker Set,10,350.08,10,3150.72,2449.07,701.65,Net Banking,Delivered,2.0
NR20250201527,2025-02-23,CUST00833,Neha Chawla 28,West,Maharashtra,Nagpur,Online,Furniture,Desks,IKEA Linnmon Desk,1,8291.96,12,7296.92,5443.94,1852.98,Debit Card,Returned,8.0
NR20250804532,2025-08-12,CUST00843,Aditya Verma 29,South,Andhra Pradesh,Vijayawada,Retail Store,Office Supplies,Writing,Cello Ball Pen Pack,4,175.72,12,618.53,433.25,185.28,Cash,Delivered,5.0
NR20251104786,2025-11-22,CUST00786,Diya Shah 27,South,Telangana,Hyderabad,Retail Store,Furniture,Desks,IKEA Linnmon Desk,1,8551.75,23,6584.85,4972.77,1612.08,UPI,Delivered,2.0
NR20250501601,2025-05-26,CUST00823,Rahul Gupta 28,West,Gujarat,Vadodara,Online,Electronics,Cameras,Canon EOS 1500D,1,45957.26,16,38604.1,33063.95,5540.15,UPI,Delivered,4.0
NR20251101963,2025-11-13,CUST00908,Kavya Reddy 31,West,Gujarat,Vadodara,Online,Office Supplies,Paper,JK Copier A4 Paper Ream,3,311.51,10,841.08,655.41,185.67,Debit Card,Delivered,6.0
NR20250803338,2025-08-26,CUST01216,Sakshi Jain 41,North,Uttar Pradesh,Noida,Online,Office Supplies,Printing,HP 805 Ink Cartridge,3,1317.34,18,3240.66,2607.98,632.68,Credit Card,Delivered,3.0
NR20250102192,2025-01-16,CUST00894,Priya Nanda 30, South ,Karnataka,Mysuru,Online,Accessories,Bags,Skybags Casual Backpack,1,1942.35,5,1845.23,1343.59,501.64,Debit Card,Pending,3.0
NR20251002260,2025-10-18,CUST00797,Shreya Menon 27,North,Uttar Pradesh,Lucknow,Online,Office Supplies,Writing,Cello Ball Pen Pack,1,180.37,2,176.76,127.23,49.53,Credit Card,Delivered,5.0
NR20250804567,2025-08-03,CUST00899,Mohit Saxena 30,West,Gujarat,Surat,Online,Accessories,Keyboards,Logitech K120 Keyboard,1,832.66,18,682.78,518.25,164.53,Net Banking,Delivered,1.0
NR20250300133,2025-03-18,CUST00907,Ishaan Kapoor 31,West,Maharashtra,Pune,Retail Store,Accessories,Cables,Portronics HDMI Cable,1,679.39,5,645.42,464.23,181.19,Debit Card,Delivered,5.0
NR20251100752,2025-11-20,CUST01133,Neha Chawla 38,South,Tamil Nadu,Coimbatore,Retail Store,Electronics,Audio,boAt Airdopes 141,1,1415.51,11,1259.8,914.63,345.17,Debit Card,Delivered,3.0
NR20250702017,2025-07-08,CUST00118,Isha Banerjee 4,North,Delhi,Delhi,Online,Accessories,Mice,Logitech M331 Mouse,5,1426.4,2,6989.36,4967.04,2022.32,UPI,Delivered,3.0
NR20250904734,2025-09-19,CUST01248,Siddharth Rao 42,South,Andhra Pradesh,Visakhapatnam ,Online,Electronics,Monitors,LG 24MP60G,1,12649.28,19,10245.92,8419.97,1825.95,Debit Card,Delivered,2.0
NR20251202092,2025-12-06,CUST01019,Mohit Saxena 34,East,West Bengal,Siliguri,Online,Electronics,Laptops,Acer Aspire 5,1,62725.42,17,52062.1,43745.45,8316.65,UPI,Delivered,8.0
NR20251202306,2025-12-08,CUST01222,Yash Agarwal 41,South,Tamil Nadu,Chennai,Corporate,Electronics,Laptops,Acer Aspire 5,10,61428.96,9,559003.54,460639.34,98364.2,UPI,Delivered,3.0
NR20250902708,2025-09-12,CUST00654,Priya Nanda 22,North,Uttarakhand,Dehradun,Online,Office Supplies,Paper,JK Copier A4 Paper Ream,4,328.03,10,1180.91,903.03,277.88,UPI,Delivered,3.0
NR20251004759,2025-10-19,CUST00984,Priya Nanda 33,South,Tamil Nadu,Coimbatore,Online,Electronics,Laptops,Acer Aspire 5,2,61834.89,12,108829.41,90111.26,18718.15,Net Banking,Delivered,6.0
NR20250701744,2025-07-26,CUST01224,Priya Nanda 41,North,Rajasthan,Jaipur,Online,Electronics,Laptops,HP 15s,1,53260.1,10,47934.09,40288.51,7645.58,UPI,Delivered,3.0
NR20250700288,2025-07-05,CUST00533,Neha Chawla 18,North,Uttar Pradesh,Noida,Retail Store,Accessories,Mice,Logitech M331 Mouse,2,1444.01,7,2685.86,1969.24,716.62,UPI,Delivered,5.0
NR20251004796,2025-10-07,CUST00374,Riya Das 13,West,Maharashtra,Mumbai,Retail Store,Furniture,Office Chairs,Featherlite Astro Chair,3,10318.9,20,24765.36,17286.34,7479.02,Debit Card,Delivered,5.0
NR20250403215,2025-04-05,CUST00347,Shreya Menon 12,South,Andhra Pradesh,Vijayawada,Online,Office Supplies,Writing,Cello Ball Pen Pack,5,183.08,10,823.86,598.5,225.36,UPI,Delivered,4.0
NR20251004648,2025-10-11,CUST00250,Meera Joshi 9,West,Gujarat,Ahmedabad,Corporate,Electronics,Laptops,HP 15s,15,52920.41,7,738239.72,620546.13,117693.59,Debit Card,Delivered,2.0
NR20250601271,2025-06-07,CUST00676,Sakshi Jain 23,North,Rajasthan,Jaipur,Retail Store,Furniture,Tables,Conference Table 6-Seater,3,28337.31,0,85011.93,65562.74,19449.19,UPI,Delivered,2.0
NR20250101042,2025-01-23,CUST01064,Riya Das 36,West,Gujarat,Ahmedabad,Corporate,Office Supplies,Stationery,Kangaro Stapler Set,15,293.57,7,4095.3,3006.36,1088.94,Credit Card,Delivered,4.0
NR20251204504,2025-12-23,CUST00448,Isha Banerjee 15,South,Andhra Pradesh,Vijayawada,Corporate,Office Supplies,Writing,Classmate Notebook Pack,15,460.6,4,6632.64,5107.18,1525.46,Net Banking,Delivered,6.0
NR20251203159,2025-12-04,CUST00893,Neha Chawla 30,West,Maharashtra,Nagpur,Corporate,Accessories,Webcams,Logitech C270 Webcam,3,2503.93,17,6234.79,4693.12,1541.67,Net Banking,Delivered,4.0
NR20250404639,2025-04-20,CUST00361,Aarav Sharma 13,South,Kerala,Kochi,Retail Store,Electronics,Smartphones,OnePlus Nord CE,3,23835.57,14,61495.77,54656.37,6839.4,UPI,Delivered,5.0
NR20250401908,2025-04-24,CUST00038,Kavya Reddy 2,East,Odisha,Bhubaneswar,Retail Store,Accessories,Cables,Portronics HDMI Cable,1,615.63,10,554.07,368.6,185.47,Cash,Delivered,5.0
NR20250602742,2025-06-14,CUST00369,Karan Malhotra 13,South,Andhra Pradesh,Visakhapatnam,Retail Store,Accessories,Cables,Belkin USB-C Cable,1,1146.5,7,1066.24,781.02,285.22,Debit Card,Cancelled,0.0
NR20250903002,2025-09-06,CUST00344,Riya Das 12,North,Rajasthan,Jaipur,Online,Office Supplies,Writing,Cello Ball Pen Pack,3,177.59,7,495.48,362.07,133.41,UPI,Delivered,3.0
NR20250102652,2025-01-16,CUST00319,Tanvi Deshmukh 11,West,Maharashtra,Pune,Online,Office Supplies,Stationery,Kangaro Stapler Set,1,283.44,12,249.43,189.57,59.86,Debit Card,Delivered,5.0
NR20250501816,2025-05-16,CUST00240,Sneha Pillai 8,East,West Bengal,Siliguri,Online,Furniture,Office Chairs,Featherlite Astro Chair,1,10356.3,12,9113.54,6623.66,2489.88,Credit Card,Delivered,6.0
NR20251104885,2025-11-06,CUST00201,Vikram Sethi 7,South,Tamil Nadu,Coimbatore,Online,Accessories,Cables,Portronics HDMI Cable,1,648.3,17,538.09,378.64,159.45,UPI,Delivered,3.0
NR20250100430,2025-01-31,CUST00671,Nikhil Patil 23,West,Gujarat,Vadodara,Retail Store,Electronics,Audio,JBL Tune 770NC,2,7188.86,12,12652.39,9438.96,3213.43,UPI,Delivered,4.0
NR20250602688,2025-06-29,CUST00730,Meera Joshi 25,North,Chandigarh,Chandigarh,Retail Store,Electronics,Laptops,HP 15s,3,54275.14,11,144914.62,125310.39,19604.23,Credit Card,Cancelled,0.0
NR20251001551,2025-10-29,CUST01148,Kavya Reddy 39,East,West Bengal,Siliguri,Corporate,Furniture,Storage,Wooden Filing Cabinet,20,7907.13,7,147072.62,113003.58,34069.04,Net Banking,Delivered,6.0
NR20250800110,2025-08-13,CUST00431,Nikhil Patil 15,Central,Chhattisgarh,Raipur,Retail Store,Electronics,Laptops,HP 15s,1,53022.14,15,45068.82,39424.69,5644.13,UPI,Delivered,3.0
NR20251003748,2025-10-21,CUST00243,Aditya Verma 9,North,Uttarakhand,Dehradun,Retail Store,Office Supplies,Stationery,Kangaro Stapler Set,2,279.51,0,559.02,411.56,147.46,Debit Card,Delivered,3.0
NR20251100554,2025-11-25,CUST00054,Priya Nanda 2,North,Uttar Pradesh,Lucknow,Retail Store,Electronics,Monitors,LG 24MP60G,1,12442.26,21,9829.39,8099.02,1730.37,Cash,Delivered,3.0
NR20251003849,2025-10-14,CUST00488,Kavya Reddy 17,South,Telangana,Hyderabad,Retail Store,Electronics,Tablets,Lenovo Tab M11,3,17949.5,8,49540.62,41902.16,7638.46,UPI,Delivered,2.0
NR20250204240,2025-02-05,CUST01048,Isha Banerjee 35,North,Punjab,Ludhiana,Retail Store,Electronics,Audio,boAt Airdopes 141,2,1443.47,12,2540.51,1825.71,714.8,Cash,Returned,4.0
NR20250704460,2025-07-28,CUST00193,Rahul Gupta 7,Central,Madhya Pradesh,Bhopal,Online,Electronics,Audio,JBL Tune 770NC,3,7270.06,4,20937.77,15767.14,5170.63,UPI,Returned,6.0
NR20251003934,2025-10-13,CUST01147,Ishaan Kapoor 39,West,Gujarat,Vadodara,Online,Accessories,Power Banks,Ambrane 20000mAh Power Bank,1,1663.26,5,1580.1,1212.75,367.35,Net Banking,Delivered,2.0
NR20250703754,2025-07-08,CUST01146,Diya Shah 39,West,Gujarat,Ahmedabad,Online,Electronics,Smartphones,Samsung Galaxy M35,1,20895.04,10,18805.54,16812.16,1993.38,Net Banking,Delivered,4.0
NR20250300423,2025-03-03,CUST00716,Simran Kaur 24,North,Delhi,Delhi,Online,Electronics,Audio,boAt Airdopes 141,1,1442.86,7,1341.86,1001.02,340.84,Credit Card,Delivered,9.0
NR20251001243,2025-10-27,CUST00687,Aman Arora 23,East,West Bengal,Siliguri,Online,Electronics,Audio,boAt Airdopes 141,2,1398.51,21,2209.65,1576.92,632.73,Net Banking,Returned,11.0
NR20250704026,2025-07-06,CUST00989,Mohit Saxena 33,North,Punjab,Amritsar,Online,Office Supplies,Stationery,Faber-Castell Marker Set,3,351.01,10,947.73,731.83,215.9,UPI,Delivered,1.0
NR20250601903,2025-06-15,CUST00740,Varun Bhatia 25,West,Maharashtra,Pune,Corporate,Office Supplies,Stationery,Faber-Castell Marker Set,8,358.15,17,2378.12,1826.88,551.24,UPI,Delivered,5.0
NR20250401752,2025-04-04,CUST00780,Sneha Pillai 26,North,Punjab,Ludhiana,Retail Store,Accessories,Keyboards,Logitech K120 Keyboard,4,873.12,12,3073.38,2225.14,848.24,Credit Card,Delivered,4.0
NR20250302466,2025-03-21,CUST01117,Ishaan Kapoor 38,North,Uttarakhand,Dehradun,Retail Store,Furniture,Tables,Conference Table 6-Seater,2,27871.37,5,52955.6,42059.28,10896.32,UPI,Delivered,3.0
NR20250101273,2025-01-14,CUST00903,Aditya Verma 31,South,Tamil Nadu,Coimbatore,Online,Furniture,Office Chairs,Featherlite Astro Chair,2,10585.36,10,19053.65,13640.91,5412.74,Credit Card,Delivered,4.0
NR20250701492,2025-07-09,CUST00454,Ananya Iyer 16,West,Maharashtra,Nashik,Online,Furniture,Storage,Wooden Filing Cabinet,5,8062.11,2,39504.34,29930.98,9573.36,Credit Card,Delivered,2.0
NR20250103937,2025-01-12,CUST00751,Aarav Sharma 26,West,Gujarat,Surat,Online,Accessories,Bags,Skybags Casual Backpack,1,1841.9,2,1805.06,1275.69,529.37,Credit Card,Delivered,3.0
NR20251204630,2025-12-26,CUST00328,Isha Banerjee 11,South,Telangana,Hyderabad,Online,Electronics,Smartphones,OnePlus Nord CE,1,25426.16,11,22629.28,19858.75,2770.53,UPI,Delivered,4.0
NR20251202396,2025-12-10,CUST00337,Ishaan Kapoor 12,South,Andhra Pradesh,Vijayawada,Online,Accessories,Cables,Belkin USB-C Cable,4,1130.99,2,4433.48,3156.94,1276.54,UPI,Delivered,3.0
NR20250201770,2025-02-05,CUST01146,Diya Shah 39,East,Bihar,Patna,Online,Accessories,Keyboards,Logitech K120 Keyboard,1,830.54,7,772.4,571.75,200.65,UPI,Delivered,4.0
NR20250903909,2025-09-29,CUST00085,Manish Tiwari 3,West,Maharashtra,Mumbai,Online,Office Supplies,Writing,Cello Ball Pen Pack,4,174.56,10,628.42,443.15,185.27,UPI,Cancelled,0.0
NR20250304963,2025-03-16,CUST00866,Simran Kaur 29,West,Maharashtra,Nagpur,Retail Store,Electronics,Smartphones,Samsung Galaxy M35,1,21612.52,9,19667.39,17854.05,1813.34,Credit Card,Delivered,3.0
NR20251102852,2025-11-16,CUST00123,Aditya Verma 5,East,Odisha,Bhubaneswar,Retail Store,Furniture,Office Chairs,Featherlite Astro Chair,4,10765.84,14,37034.49,26134.73,10899.76,Debit Card,Delivered,6.0
NR20251204154,2025-12-01,CUST00271,Aarav Sharma 10,South,Andhra Pradesh,Visakhapatnam,Online,Furniture,Storage,Wooden Filing Cabinet,5,7872.5,7,36607.12,28154.73,8452.39,Credit Card,Delivered,3.0
NR20251200562,2025-12-04,CUST00579,Karan Malhotra 20,North,Uttar Pradesh,Noida,Online,Electronics,Laptops,Acer Aspire 5,1,65160.1,5,61902.09,52578.65,9323.44,UPI,Delivered,5.0
NR20251201425,2025-12-25,CUST01067,Shreya Menon 36,East,Assam,Guwahati,Corporate,Furniture,Storage,Metal Office Cabinet,8,9153.2,20,58580.48,42650.98,15929.5,Debit Card,Delivered,6.0
NR20250402593,2025-04-30,CUST00140,Varun Bhatia 5,South,Tamil Nadu,Coimbatore,Retail Store,Office Supplies,Files,Solo Executive File Pack,3,508.24,5,1448.48,1148.57,299.91,UPI,Delivered,1.0
NR20250701840,2025-07-05,CUST01121,Nikhil Patil 38,North,Punjab,Ludhiana,Retail Store,Furniture,Desks,Wooden Study Desk,2,6804.95,18,11160.12,8337.04,2823.08,Cash,Delivered,3.0
NR20250301362,2025-03-28,CUST00084,Priya Nanda 3,South,Andhra Pradesh,Visakhapatnam,Retail Store,Furniture,Office Chairs,Featherlite Astro Chair,1,10459.29,15,8890.4,6087.24,2803.16,UPI,Delivered,3.0
NR20250901345,2025-09-06,CUST00188,Kavya Reddy 7,South,Tamil Nadu,Coimbatore,Online,Electronics,Laptops,HP 15s,1,54324.32,4,52151.35,44188.49,7962.86,Debit Card,Delivered,5.0
NR20250404708,2025-04-17,CUST00097,Ishaan Kapoor 4,Central,Madhya Pradesh,Jabalpur,Retail Store,Electronics,Smartphones,OnePlus Nord CE,2,23409.88,7,43542.38,38074.86,5467.52,UPI,Delivered,5.0
NR20251000656,2025-10-19,CUST00350,Varun Bhatia 12,East,West Bengal,Siliguri,Retail Store,Furniture,Office Chairs,Green Soul Monster Chair,2,14220.63,10,25597.13,19215.75,6381.38,UPI,Delivered,6.0
NR20250103423,2025-01-21,CUST01069,Tanvi Deshmukh 36,West,Maharashtra,Mumbai,Online,Office Supplies,Paper,JK Copier A4 Paper Ream,4,324.83,5,1234.35,962.01,272.34,Credit Card,Delivered,2.0
NR20250502125,2025-05-07,CUST00359,Mohit Saxena 12,East,Jharkhand,Ranchi,Online,Electronics,Audio,JBL Tune 770NC,2,7299.67,12,12847.42,9589.77,3257.65,Credit Card,Delivered,2.0
NR20250800415,2025-08-24,CUST00482,Aditi Mehta 17,West,Gujarat,Ahmedabad,Online,Furniture,Tables,Conference Table 6-Seater,4,27950.89,10,100623.2,81070.15,19553.05,Credit Card,Delivered,3.0
NR20251204871,2025-12-17,CUST00894,Priya Nanda 30,West,Maharashtra,Pune,Online,Electronics,Audio,boAt Airdopes 141,5,1414.67,12,6224.55,4576.63,1647.92,UPI,Delivered,3.0
NR20250203807,2025-02-13,CUST00809,Mohit Saxena 27,South,Tamil Nadu,Coimbatore,Retail Store,Office Supplies,Paper,JK Copier A4 Paper Ream,3,309.83,10,836.54,669.49,167.05,UPI,Returned,5.0
NR20250102535,2025-01-14,CUST00659,Mohit Saxena 22,West,Maharashtra,Nashik,Corporate,Office Supplies,Paper,JK Copier A4 Paper Ream,5,322.62,12,1419.53,1085.23,334.3,Debit Card,Delivered,4.0
NR20250503660,2025-05-01,CUST00886,Sakshi Jain 30,West,Maharashtra,Nashik,Retail Store,Office Supplies,Printing,HP 805 Ink Cartridge,3,1229.37,0,3688.11,3097.2,590.91,Cash,Delivered,3.0
NR20250803906,2025-08-03,CUST00487,Ishaan Kapoor 17,west,Maharashtra,Pune,Corporate,Electronics,Laptops,HP 15s,2,53045.75,14,91238.69,77437.82,13800.87,Net Banking,Delivered,5.0
NR20250300438,2025-03-30,CUST01109,Mohit Saxena 37,East,Assam,Guwahati,Online,Office Supplies,Paper,JK Copier A4 Paper Ream,5,334.11,5,1587.02,1269.45,317.57,Debit Card,Delivered,5.0
NR20250200502,2025-02-06,CUST00132,Pooja Singh 5,West,Maharashtra,Nashik,Online,Electronics,Laptops,HP 15s,5,54705.14,5,259849.42,229318.02,30531.4,UPI,Delivered,3.0
NR20250301075,2025-03-10,CUST01197,Aman Arora 40,East,Odisha,Bhubaneswar,Online,Accessories,Bags,Skybags Casual Backpack,2,1878.95,10,3382.11,2437.9,944.21,Credit Card,Delivered,3.0
NR20251000291,2025-10-04,CUST00209,Mohit Saxena 7,West,Gujarat,Vadodara,Corporate,Office Supplies,Files,Solo Executive File Pack,10,519.74,17,4313.84,3306.2,1007.64,Net Banking,Delivered,4.0
NR20250501653,2025-05-24,CUST01236,Diya Shah 42,West,Gujarat,Ahmedabad,Corporate,Office Supplies,Writing,Cello Ball Pen Pack,3,183.86,7,512.97,366.72,146.25,Net Banking,Delivered,6.0
NR20250604112,2025-06-08,CUST00002,Aditi Mehta 1,West,Gujarat,Vadodara,Online,Accessories,Mice,Logitech M331 Mouse,1,1501.43,10,1351.29,1017.73,333.56,UPI,Delivered,5.0
NR20251200253,2025-12-17,CUST00840,Sneha Pillai 28,South,Tamil Nadu,Coimbatore,Retail Store,Electronics,Audio,boAt Airdopes 141,1,1432.44,7,1332.17,958.55,373.62,Credit Card,Delivered,4.0
NR20251201184,2025-12-21,CUST00630,Sneha Pillai 21,North,Punjab,Ludhiana,Corporate,Electronics,Smartphones,OnePlus Nord CE,10,24734.14,12,217660.43,189599.52,28060.91,Debit Card,Delivered,5.0
NR20250803348,2025-08-16,CUST01049,Mohit Saxena 35,North,Uttar Pradesh,Lucknow,Online,Furniture,Storage,Metal Office Cabinet,4,8951.87,7,33300.96,25654.24,7646.72,Debit Card,Delivered,3.0
NR20250400351,2025-04-10,CUST00288,Siddharth Rao 10,Central,Madhya Pradesh,Jabalpur,Corporate,Electronics,Cameras,Canon EOS 1500D,3,46786.17,12,123515.49,107081.15,16434.34,Net Banking,Delivered,6.0
NR20250401352,2025-04-26,CUST00719,Mohit Saxena 24,North,Rajasthan,Jaipur,Online,Office Supplies,Stationery,Kangaro Stapler Set,4,283.22,12,996.93,755.82,241.11,UPI,Delivered,2.0
NR20250500347,2025-05-05,CUST00238,Isha Banerjee 8,West,Gujarat,Vadodara,Corporate,Electronics,Laptops,Acer Aspire 5,15,62279.52,7,868799.3,736739.7,132059.6,Net Banking,Delivered,5.0
NR20251104633,2025-11-10,CUST01175,Arjun Nair 40,East,Bihar,Patna,Online,Electronics,Audio,JBL Tune 770NC,1,7019.1,4,6738.34,4967.22,1771.12,UPI,Delivered,4.0
NR20250304042,2025-03-31,CUST00154,Ananya Iyer 6,Central,Madhya Pradesh,Jabalpur,Online,Accessories,Cables,Portronics HDMI Cable,1,652.96,12,574.6,401.95,172.65,UPI,Delivered,4.0
NR20251100458,2025-11-21,CUST00437,Shreya Menon 15,Central,Madhya Pradesh,Gwalior,Online,Electronics,Laptops,Acer Aspire 5,1,61685.71,2,60452.0,49799.65,10652.35,UPI,Delivered,6.0
NR20250802562,2025-08-17,CUST00368,Kavya Reddy 13,West,Maharashtra,Pune,Online,Electronics,Cameras,Canon EOS 1500D,1,45088.03,16,37873.95,31249.14,6624.81,Net Banking,Delivered,5.0
NR20250600091,2025-06-04,CUST01171,Aarav Sharma 40, East ,West Bengal,Siliguri,Online,Electronics,Audio,JBL Tune 770NC,2,7160.75,14,12316.49,9807.05,2509.44,Net Banking,Delivered,6.0
NR20251101819,2025-11-19,CUST00257,Shreya Menon 9,South,Tamil Nadu,Chennai,Online,Electronics,Smartphones,Samsung Galaxy M35,3,22571.22,15,57556.61,50489.3,7067.31,Credit Card,Delivered,3.0
NR20250600743,2025-06-14,CUST00551,Nikhil Patil 19,North,Uttar Pradesh,Lucknow,Retail Store,Electronics,Monitors,LG 24MP60G,2,12591.95,10,22665.51,18459.71,4205.8,Cash,Delivered,3.0
NR20250504815,2025-05-27,CUST01039,Tanvi Deshmukh 35,South,Tamil Nadu,Chennai,Online,Electronics,Cameras,Canon EOS 1500D,1,46760.47,2,45825.26,39449.17,6376.09,UPI,Delivered,4.0
NR20251004790,2025-10-16,CUST00338,Kavya Reddy 12,West,Maharashtra,Pune,Retail Store,Office Supplies,Printing,HP 805 Ink Cartridge,8,1261.84,7,9388.09,7870.72,1517.37,UPI,Returned,9.0
NR20250103139,2025-01-31,CUST00274,Ananya Iyer 10,West,Gujarat,Ahmedabad,Online,Electronics,Tablets,Lenovo Tab M11,1,18523.12,14,15929.88,12950.08,2979.8,UPI,Delivered,3.0
NR20251000027,2025-10-20,CUST00175,Manish Tiwari 6,South,Telangana,Hyderabad,Online,Electronics,Laptops,HP 15s,4,52570.98,11,187152.69,161849.74,25302.95,Net Banking,Delivered,5.0
NR20250203127,2025-02-17,CUST00803,Neha Chawla 27,South,Kerala,Kochi,Corporate,Electronics,Laptops,Acer Aspire 5,15,61330.36,14,791161.64,675640.66,115520.98,Net Banking,Delivered,1.0
NR20251004000,2025-10-30,CUST00041,Nikhil Patil 2,West,Maharashtra,Mumbai,Online,Office Supplies,Paper,JK Copier A4 Paper Ream,3,310.5,5,884.92,651.76,233.16,UPI,Delivered,3.0
NR20250304927,2025-03-07,CUST00379,Tanvi Deshmukh 13,South,Telangana,Hyderabad,Retail Store,Electronics,Smartphones,Samsung Galaxy M35,2,22229.97,12,39124.75,34725.86,4398.89,Debit Card,Delivered,2.0
NR20250302348,2025-03-22,CUST00590,Varun Bhatia 20,West,Maharashtra,Pune,Online,Furniture,Tables,Conference Table 6-Seater,2,27228.86,10,49011.95,38289.39,10722.56,UPI,Cancelled,0.0
NR20250904064,2025-09-19,CUST00509,Mohit Saxena 17,North,Punjab,Ludhiana,Retail Store,Electronics,Tablets,Lenovo Tab M11,2,18251.69,17,30297.81,24772.91,5524.9,Debit Card,Delivered,6.0
NR20251101035,2025-11-24,CUST00592,Yash Agarwal 20,East,West Bengal,Siliguri,Retail Store,Furniture,Office Chairs,Green Soul Monster Chair,1,14711.64,9,13387.59,9437.69,3949.9,Cash,Delivered,5.0
NR20251001627,2025-10-28,CUST00987,Aman Arora 33,West,Maharashtra,Nashik,Online,Electronics,Audio,boAt Airdopes 141,2,1470.48,9,2676.27,2002.02,674.25,Debit Card,Delivered,3.0
NR20250804335,2025-08-02,CUST00236,Simran Kaur 8,West,Gujarat,Ahmedabad,Online,Office Supplies,Writing,Cello Ball Pen Pack,2,176.34,0,352.68,251.5,101.18,Credit Card,Delivered,4.0
NR20251003811,2025-10-30,CUST00236,Simran Kaur 8,South,Kerala,Kochi,Retail Store,Furniture,Desks,Wooden Study Desk,3,6472.58,10,17475.97,13238.45,4237.52,Cash,Delivered,2.0
NR20250904321,2025-09-16,CUST00977,Shreya Menon 33,East,West Bengal,Kolkata,Retail Store,Accessories,Keyboards,Logitech K120 Keyboard,1,881.21,7,819.53,603.71,215.82,Debit Card,Delivered,3.0
NR20251002232,2025-10-28,CUST00601,Aarav Sharma 21,West,Maharashtra,Nagpur,Online,Electronics,Tablets,Lenovo Tab M11,1,18196.42,7,16922.67,13842.41,3080.26,Credit Card,Returned,6.0
NR20251002438,2025-10-04,CUST00320,Varun Bhatia 11,East,West Bengal,Kolkata,Retail Store,Electronics,Laptops,Acer Aspire 5,2,61571.58,5,116986.0,97580.3,19405.7,Debit Card,Delivered,6.0
NR20250901116,2025-09-18,CUST01181,Nikhil Patil 40,South,Kerala,Kochi,Online,Office Supplies,Writing,Cello Ball Pen Pack,2,183.68,12,323.28,230.94,92.34,Net Banking,Delivered,4.0
NR20250904340,2025-09-14,CUST01088,Kavya Reddy 37,West,Gujarat,Vadodara,Corporate,Electronics,Monitors,LG 24MP60G,15,12373.5,14,159618.15,130243.33,29374.82,Net Banking,Pending,2.0
NR20251100255,2025-11-08,CUST00467,Shreya Menon 16,South,Karnataka,Mysuru,Online,Electronics,Laptops,HP 15s,1,54417.15,7,50607.95,43745.2,6862.75,Credit Card,Delivered,3.0
NR20251102380,2025-11-08,CUST01221,Vikram Sethi 41,West,Gujarat,Vadodara,Retail Store,Electronics,Smartphones,Samsung Galaxy M35,1,22127.77,9,20136.27,17841.48,2294.79,UPI,Delivered,3.0
NR20250904477,2025-09-10,CUST00376,Sakshi Jain 13,West,Maharashtra,Mumbai,Corporate,Accessories,Mice,Logitech M331 Mouse,20,1485.45,9,27035.19,19996.35,7038.84,Net Banking,Delivered,3.0
NR20250700334,2025-07-22,CUST00224,Riya Das 8,West,Maharashtra,Nagpur,Online,Electronics,Laptops,Acer Aspire 5,1,60011.12,10,54010.01,45944.84,8065.17,Debit Card,Delivered,4.0
NR20250604373,2025-06-19,CUST00766,Sakshi Jain 26,West,Gujarat,Ahmedabad,Online,Office Supplies,Stationery,Faber-Castell Marker Set,2,366.71,7,682.08,500.64,181.44,Credit Card,Delivered,5.0
NR20250102581,2025-01-30,CUST00084,Priya Nanda 3,North,Punjab,Ludhiana,Online,Furniture,Office Chairs,Featherlite Astro Chair,2,10436.82,10,18786.28,12593.17,6193.11,Debit Card,Pending,3.0
NR20250403991,2025-04-26,CUST01231,Aarav Sharma 42,South,Karnataka,Bengaluru,Corporate,Furniture,Desks,IKEA Linnmon Desk,8,8442.08,15,57406.14,43860.89,13545.25,Net Banking,Delivered,4.0
NR20250803033,2025-08-01,CUST00893,Neha Chawla 30,South,Telangana,Hyderabad,Retail Store,Furniture,Desks,Wooden Study Desk,1,6607.88,5,6277.49,4723.61,1553.88,Cash,Delivered,2.0
NR20250204642,2025-02-04,CUST00563,Neha Chawla 19,North,Chandigarh,Chandigarh,Retail Store,Electronics,Tablets,Lenovo Tab M11,2,18215.55,7,33880.92,27903.09,5977.83,UPI,Delivered,3.0
NR20251103766,2025-11-05,CUST00834,Priya Nanda 28,South,Andhra Pradesh,Visakhapatnam,Retail Store,Electronics,Audio,boAt Airdopes 141,1,1394.8,14,1199.53,906.44,293.09,UPI,Returned,7.0
NR20250504714,2025-05-05,CUST00310,Meera Joshi 11,East,West Bengal,Siliguri,Retail Store,Accessories,Cables,Portronics HDMI Cable,1,661.75,5,628.66,430.12,198.54,Cash,Returned,9.0
NR20250700316,2025-07-04,CUST00908,Kavya Reddy 31,West,Maharashtra,Mumbai,Corporate,Electronics,Smartphones,Samsung Galaxy M35,1,21767.4,20,17413.92,15045.69,2368.23,Credit Card,Pending,2.0
NR20250502768,2025-05-21,CUST00608,Kavya Reddy 21,West,Gujarat,Vadodara,Online,Furniture,Storage,Metal Office Cabinet,1,9325.45,0,9325.45,7146.58,2178.87,Debit Card,Returned,6.0
NR20251000927,2025-10-09,CUST00070,Meera Joshi 3,West,Maharashtra,Nashik,Retail Store,Office Supplies,Stationery,Faber-Castell Marker Set,4,353.9,2,1387.29,1017.07,370.22,Cash,Delivered,3.0
NR20250301667,2025-03-08,CUST01035,Rohan Kulkarni 35,West,Gujarat,Ahmedabad,Online,Furniture,Office Chairs,Featherlite Astro Chair,3,10956.27,0,32868.81,23148.31,9720.5,Debit Card,Delivered,5.0
NR20251103611,2025-11-22,CUST00429,Karan Malhotra 15,West,Maharashtra,Nashik,Retail Store,Electronics,Laptops,Acer Aspire 5,3,63831.07,12,168514.02,143572.21,24941.81,UPI,Delivered,5.0
NR20250503805,2025-05-01,CUST00695,Arjun Nair 24,North,Uttar Pradesh,Noida,Online,Furniture,Office Chairs,Featherlite Astro Chair,1,10729.28,5,10192.82,7311.06,2881.76,Net Banking,Delivered,6.0
NR20250903666,2025-09-02,CUST00275,Arjun Nair 10,West,Gujarat,Vadodara,Retail Store,Electronics,Tablets,Lenovo Tab M11,2,17760.33,14,30547.77,24620.09,5927.68,UPI,Delivered,1.0
NR20250400070,2025-04-27,CUST00092,Aditi Mehta 4,South,Karnataka,Bengaluru,Online,Electronics,Audio,JBL Tune 770NC,1,7311.03,7,6799.26,5032.24,1767.02,Net Banking,Delivered,1.0
NR20250301375,2025-03-04,CUST00952,Yash Agarwal 32,East,West Bengal,Siliguri,Online,Office Supplies,Stationery,Faber-Castell Marker Set,2,347.46,10,625.43,479.29,146.14,UPI,Delivered,6.0
NR20250602317,2025-06-28,CUST00799,Tanvi Deshmukh 27,South,Tamil Nadu,Coimbatore,Retail Store,Office Supplies,Stationery,Faber-Castell Marker Set,3,362.95,7,1012.63,793.52,219.11,UPI,Delivered,3.0
NR20250102777,2025-01-21,CUST00813,Aditya Verma 28,West,Maharashtra,Pune,Online,Furniture,Storage,Metal Office Cabinet,2,9164.1,5,17411.79,13031.69,4380.1,Credit Card,Delivered ,3.0
NR20250301955,2025-03-06,CUST00064,Ananya Iyer 3,West,Maharashtra,Nashik,Retail Store,Electronics,Laptops,Acer Aspire 5,1,64164.36,12,56464.64,47609.95,8854.69,Credit Card,Delivered,2.0
NR20250204571,2025-02-26,CUST00476,Simran Kaur 16,South,Karnataka,Bengaluru,Corporate,Office Supplies,Writing,Classmate Notebook Pack,20,454.01,17,7536.57,5935.39,1601.18,Credit Card,Delivered,5.0
NR20250304193,2025-03-13,CUST00462,Pooja Singh 16,North,Punjab,Amritsar,Online,Accessories,Power Banks,Ambrane 20000mAh Power Bank,3,1701.89,5,4850.39,3873.48,976.91,Credit Card,Delivered,2.0
NR20250704840,2025-07-29,CUST00579,Karan Malhotra 20,East,Assam,Guwahati,Online,Electronics,Laptops,HP 15s,1,52940.81,9,48176.14,40888.66,7287.48,UPI,Delivered,6.0
NR20250402278,2025-04-01,CUST00051,Vikram Sethi 2,West,Maharashtra,Nashik,Online,Accessories,Mice,Logitech M331 Mouse,5,1433.75,7,6666.94,4882.75,1784.19,UPI,Delivered,3.0
NR20250504425,2025-05-26,CUST00470,Varun Bhatia 16,South,Tamil Nadu,Chennai,Retail Store,Electronics,Audio,boAt Airdopes 141,1,1396.54,12,1228.96,915.55,313.41,Credit Card,Delivered,5.0
NR20250703743,2025-07-01,CUST01182,Pooja Singh 40,North,Rajasthan,Jaipur,Corporate,Electronics,Monitors,LG 24MP60G,2,12426.72,4,23859.3,19645.69,4213.61,Credit Card,Delivered,4.0
NR20250802464,2025-08-05,CUST00993,Aditya Verma 34,North,Delhi,Delhi,Corporate,Accessories,Power Banks,Ambrane 20000mAh Power Bank,2,1706.12,17,2832.16,2215.68,616.48,UPI,Delivered,6.0
NR20251100388,2025-11-22,CUST00346,Sakshi Jain 12,West,Maharashtra,Nagpur,Online,Electronics,Audio,JBL Tune 770NC,2,7014.67,12,12345.82,9099.58,3246.24,UPI,Delivered,5.0
NR20250103659,01/10/2025,CUST00877,Ishaan Kapoor 30,South,Karnataka,Bengaluru,Online,Office Supplies,Paper,JK Copier A4 Paper Ream,2,313.68,7,583.44,462.31,121.13,Debit Card,Delivered,2.0
NR20250804929,2025-08-29,CUST01129,Tanvi Deshmukh 38,West,Maharashtra,Nagpur,Online,Accessories,Power Banks,Ambrane 20000mAh Power Bank,2,1664.86,5,3163.23,2328.72,834.51,Debit Card,Pending,4.0
NR20250103261,2025-01-26,CUST00938,Kavya Reddy 32,East,Assam,Guwahati,Retail Store,Office Supplies,Stationery,Faber-Castell Marker Set,1,360.03,5,342.03,264.2,77.83,Debit Card,Delivered,3.0
NR20250502175,2025-05-20,CUST01146,Diya Shah 39,West,Gujarat,Surat,Retail Store,Accessories,Bags,American Tourister Laptop Bag,1,2552.44,7,2373.77,1781.91,591.86,Debit Card,Delivered,4.0
NR20250901676,2025-09-13,CUST00554,Riya Das 19,South,Telangana,Hyderabad,Retail Store,Accessories,Mice,Logitech M331 Mouse,1,1466.0,0,1466.0,1067.51,398.49,Debit Card,Delivered,2.0
NR20251204145,2025-12-19,CUST00747,Aman Arora 25,South,Telangana,Hyderabad,Online,Electronics,Audio,JBL Tune 770NC,1,7334.65,9,6674.53,5086.47,1588.06,Debit Card,Delivered,3.0
NR20250700222,2025-07-26,CUST00271,Aarav Sharma 10,North,Chandigarh,Chandigarh,Online,Office Supplies,Stationery,Faber-Castell Marker Set,2,366.74,5,696.81,531.5,165.31,UPI,Delivered,2.0
NR20251102115,2025-11-13,CUST00267,Aman Arora 9,South,Karnataka,Bengaluru,Online,Office Supplies,Printing,Epson 003 Ink Bottle,2,631.19,9,1148.77,909.9,238.87,UPI,Delivered,1.0
NR20250401058,2025-04-29,CUST00151,Aarav Sharma 6,East,Jharkhand,Ranchi,Retail Store,Electronics,Audio,boAt Airdopes 141,1,1428.7,2,1400.13,995.76,404.37,UPI,Delivered,5.0
NR20250200625,2025-02-25,CUST00536,Simran Kaur 18,South,Karnataka,Bengaluru,Corporate,Accessories,Cables,Portronics HDMI Cable,20,644.32,12,11340.03,7617.88,3722.15,Net Banking,Delivered,4.0
NR20250703867,2025-07-04,CUST00885,Rohan Kulkarni 30,North,Delhi,Delhi,Online,Accessories,Cables,Portronics HDMI Cable,1,643.91,7,598.84,407.16,191.68,UPI,Delivered,4.0
NR20250801478,2025-08-20,CUST00600,Sneha Pillai 20,North,Uttarakhand,Dehradun,Online,Office Supplies,Files,Solo Executive File Pack,2,536.69,15,912.37,694.12,218.25,UPI,Delivered,4.0
NR20250204798,2025-02-08,CUST00294,Priya Nanda 10,West,Goa,Goa,Online,Furniture,Office Chairs,Green Soul Monster Chair,2,14567.16,15,24764.17,18129.24,6634.93,Credit Card,Delivered,2.0
NR20251104870,2025-11-19,CUST00758,Kavya Reddy 26,West,Maharashtra,Pune,Online,Accessories,Cables,Portronics HDMI Cable,1,647.41,12,569.72,395.45,174.27,Debit Card,Delivered,5.0
NR20251102452,2025-11-28,CUST00293,Neha Chawla 10,South,Karnataka,Bengaluru,Online,Office Supplies,Printing,Epson 003 Ink Bottle,2,626.88,10,1128.38,912.2,216.18,UPI,Delivered,5.0
NR20251204031,2025-12-04,CUST00237,Aman Arora 8,East,Assam,Guwahati,Retail Store,Electronics,Laptops,HP 15s,1,55830.6,14,48014.32,41806.78,6207.54,UPI,Delivered,5.0
NR20250800178,2025-08-10,CUST00805,Manish Tiwari 27,East,West Bengal,Kolkata,Corporate,Electronics,Tablets,Lenovo Tab M11,1,18112.01,9,16481.93,13407.23,3074.7,Net Banking,Delivered,6.0
NR20250200978,2025-02-20,CUST00694,Ananya Iyer 24,South,Telangana,Hyderabad,Retail Store,Electronics,Laptops,Acer Aspire 5,1,63936.36,7,59460.81,49368.9,10091.91,Credit Card,Cancelled,0.0
NR20250603092,2025-06-05,CUST00262,Yash Agarwal 9,West,Maharashtra,Pune,Retail Store,Electronics,Smartphones,OnePlus Nord CE,1,25277.81,12,22244.47,19443.1,2801.37,Credit Card,Delivered,3.0
NR20250800692,2025-08-25,CUST00524,Riya Das 18,East,Odisha,Bhubaneswar,Retail Store,Electronics,Cameras,Canon EOS 1500D,1,46246.0,4,44396.16,39487.43,4908.73,UPI,Delivered,4.0
NR20250703183,2025-07-28,CUST00388,Isha Banerjee 13,Central,Chhattisgarh,Bilaspur,Retail Store,Electronics,Laptops,Acer Aspire 5,1,64561.05,10,58104.95,47798.78,10306.17,Debit Card,Delivered,9.0
NR20250102550,2025-01-06,CUST01219,Tanvi Deshmukh 41,North,Uttarakhand,Dehradun,Online,Electronics,Audio,boAt Airdopes 141,4,1387.73,4,5328.88,3915.67,1413.21,UPI,Delivered,6.0
NR20251002686,2025-10-21,CUST01118,Kavya Reddy 38,North,Uttar Pradesh,Lucknow,Online,Office Supplies,Writing,Classmate Notebook Pack,3,463.41,7,1292.91,957.5,335.41,UPI,Delivered,3.0
NR20251202679,2025-12-10,CUST00103,Rahul Gupta 4,South,Andhra Pradesh,Vijayawada,Retail Store,Electronics,Laptops,HP 15s,1,54983.29,9,50034.79,42844.19,7190.6,UPI,Delivered,1.0
NR20251203832,2025-12-01,CUST00810,Sneha Pillai 27,East,Jharkhand,Ranchi,Online,Furniture,Desks,IKEA Linnmon Desk,4,8403.71,12,29581.06,22625.55,6955.51,Credit Card,Delivered,4.0
NR20251200590,2025-12-28,CUST00503,Neha Chawla 17,West,Gujarat,Surat,Retail Store,Furniture,Office Chairs,Green Soul Monster Chair,3,14183.19,0,42549.57,31454.71,11094.86,UPI,Delivered,5.0
NR20250803653,2025-08-25,CUST00055,Manish Tiwari 2,East,Odisha,Bhubaneswar,Online,Accessories,Mice,Logitech M331 Mouse,2,1507.82,0,3015.64,2258.06,757.58,Credit Card,Delivered,7.0
NR20250704468,2025-07-11,CUST00763,Rahul Gupta 26,West,Maharashtra,Mumbai,Online,Electronics,Cameras,Canon EOS 1500D,2,45388.03,7,84421.74,73951.17,10470.57,UPI,Delivered,4.0
NR20251000890,2025-10-03,CUST00656,Simran Kaur 22,North,Punjab,Ludhiana,Online,Electronics,Smartphones,OnePlus Nord CE,4,24304.7,7,90413.48,80430.62,9982.86,Debit Card,Delivered,4.0
NR20250604431,2025-06-10,CUST01190,Varun Bhatia 40,East,Odisha,Bhubaneswar,Retail Store,Electronics,Laptops,HP 15s,2,56586.08,14,97328.06,79156.53,18171.53,UPI,Delivered,5.0
NR20250302597,2025-03-29,CUST00050,Varun Bhatia 2,North,Delhi,Delhi,Corporate,Furniture,Tables,Conference Table 6-Seater,8,29102.74,17,193242.19,151842.7,41399.49,Credit Card,Delivered,5.0
NR20250800808,2025-08-13,CUST00729,Karan Malhotra 25,North,Rajasthan,Jaipur,Online,Electronics,Audio,boAt Airdopes 141,1,1415.76,12,1245.87,883.25,362.62,Credit Card,Delivered,5.0
NR20250102998,2025-01-09,CUST00435,Rohan Kulkarni 15,South,Andhra Pradesh,Vijayawada,Retail Store,Electronics,Audio,JBL Tune 770NC,2,7313.55,7,13603.2,10319.19,3284.01,UPI,Delivered,5.0
NR20250202368,2025-02-08,CUST00754,Ananya Iyer 26,Central,Madhya Pradesh,Gwalior,Online,Accessories,Webcams,Logitech C270 Webcam,1,2445.71,7,2274.51,1757.02,517.49,UPI,Delivered,3.0
NR20250904060,2025-09-04,CUST00871,Aarav Sharma 30,North,Uttarakhand,Dehradun,Online,Electronics,Cameras,Canon EOS 1500D,1,46627.31,7,43363.4,36486.77,6876.63,UPI,Delivered,4.0
NR20250903990,2025-09-15,CUST01112,Aditi Mehta 38,Central,Chhattisgarh,Bilaspur,Online,Office Supplies,Writing,Classmate Notebook Pack,1,492.3,10,443.07,331.16,111.91,UPI,Delivered,3.0
NR20251101198,2025-11-10,CUST00883,Rahul Gupta 30,Central,Madhya Pradesh,Bhopal,Online,Electronics,Cameras,Canon EOS 1500D,1,45678.46,10,41110.61,33821.46,7289.15,Net Banking,Delivered,2.0
NR20251002165,2025-10-08,CUST00614,Riya Das 21,Central,Chhattisgarh,Raipur,Corporate,Furniture,Desks,IKEA Linnmon Desk,10,8748.65,4,83987.04,61548.3,22438.74,Credit Card,Delivered,1.0
NR20250500220,2025-05-26,CUST00081,Vikram Sethi 3,North,Delhi,Delhi,Online,Electronics,Laptops,Acer Aspire 5,3,63145.96,22,147761.55,123709.89,24051.66,UPI,Delivered,6.0
NR20251203912,2025-12-08,CUST00245,Arjun Nair 9,West,Maharashtra,Mumbai,Retail Store,Electronics,Laptops,HP 15s,1,55490.36,7,51606.03,44665.46,6940.57,Credit Card,Delivered,4.0
NR20251202385,2025-12-04,CUST01129,Tanvi Deshmukh 38,North,Rajasthan,Jaipur,Online,Furniture,Desks,IKEA Linnmon Desk,1,8489.82,9,7725.74,5730.7,1995.04,UPI,Delivered,4.0
NR20250203247,2025-02-03,CUST00082,Yash Agarwal 3,Central,Madhya Pradesh,Jabalpur,Retail Store,Furniture,Storage,Wooden Filing Cabinet,1,7891.85,5,7497.26,5730.86,1766.4,Debit Card,Delivered,3.0
NR20251000044,2025-10-21,CUST00011,Nikhil Patil 1,East,West Bengal,Kolkata,Retail Store,Accessories,Webcams,Logitech C270 Webcam,1,2394.65,0,2394.65,1785.85,608.8,Debit Card,Delivered,5.0
NR20251000211,2025-10-08,CUST00714,Priya Nanda 24,East,West Bengal,Kolkata,Online,Electronics,Smartphones,Samsung Galaxy M35,3,21302.0,9,58154.46,50564.73,7589.73,Debit Card,Delivered,7.0
NR20250802756,2025-08-03,CUST00267,Aman Arora 9,South,Tamil Nadu,Coimbatore,Retail Store,Office Supplies,Writing,Cello Ball Pen Pack,10,181.98,10,1637.82,1225.81,412.01,Debit Card,Delivered,4.0
NR20250800355,2025-08-10,CUST00564,Priya Nanda 19,West,Maharashtra,Pune,Online,Electronics,Tablets,Lenovo Tab M11,3,18372.26,12,48502.77,40749.59,7753.18,Credit Card,Delivered,4.0
NR20250703972,2025-07-16,CUST01048,Isha Banerjee 35,Central,Madhya Pradesh,Jabalpur,Retail Store,Office Supplies,Writing,Classmate Notebook Pack,2,460.61,5,875.16,671.24,203.92,Debit Card,Delivered,2.0
NR20250800811,2025-08-13,CUST00792,Pooja Singh 27,South,Karnataka,Mysuru,Retail Store,Electronics,Smartphones,Samsung Galaxy M35,1,21515.39,12,18933.54,16235.27,2698.27,UPI,Delivered,4.0
NR20251201213,2025-12-25,CUST00119,Mohit Saxena 4,South,Andhra Pradesh,Visakhapatnam,Online,Office Supplies,Stationery,Faber-Castell Marker Set,2,373.87,4,717.83,525.53,192.3,Net Banking,Delivered,3.0
NR20251203350,2025-12-06,CUST00429,Karan Malhotra 15,South,Karnataka,Bengaluru,Retail Store,Electronics,Tablets,Lenovo Tab M11,3,18759.06,7,52337.78,43277.48,9060.3,Debit Card,Delivered,3.0
NR20250600368,2025-06-17,CUST00661,Aarav Sharma 23,West,Maharashtra,Nagpur,Retail Store,Office Supplies,Files,Solo Executive File Pack,2,517.55,2,1014.4,765.79,248.61,UPI,Delivered,2.0
NR20250400643,2025-04-19,CUST00913,Rahul Gupta 31,South,Tamil Nadu,Coimbatore,Retail Store,Accessories,Bags,Skybags Casual Backpack,1,1904.63,7,1771.31,1283.54,487.77,Cash,Returned,7.0
NR20250203829,2025-02-17,CUST00765,Rohan Kulkarni 26,South,Telangana,Hyderabad,Corporate,Electronics,Smartphones,Samsung Galaxy M35,20,22267.05,5,423073.95,371719.76,51354.19,Net Banking,Delivered,4.0
NR20250503442,2025-05-01,CUST00898,Isha Banerjee 30,West,Maharashtra,Mumbai,Corporate,Electronics,Monitors,LG 24MP60G,8,12582.51,14,86567.67,70845.88,15721.79,Credit Card,Delivered,3.0
NR20250200136,2025-02-02,CUST00904,Ananya Iyer 31,West,Maharashtra,Nagpur,Retail Store,Furniture,Storage,Metal Office Cabinet,1,8862.78,0,8862.78,6571.89,2290.89,UPI,Delivered,5.0
NR20250301893,2025-03-20,CUST00920,Varun Bhatia 31,East,Jharkhand,Ranchi,Retail Store,Office Supplies,Stationery,Faber-Castell Marker Set,2,359.34,10,646.81,501.51,145.3,Debit Card,Cancelled,0.0
NR20250600048,2025-06-29,CUST00383,Neha Chawla 13,South,Karnataka,Mysuru,Online,Accessories,Mice,Logitech M331 Mouse,2,1437.59,15,2443.9,1859.08,584.82,Debit Card,Delivered,4.0
NR20250401011,2025-04-30,CUST00607,Ishaan Kapoor 21,South,Tamil Nadu,Chennai,Online,Office Supplies,Paper,JK Copier A4 Paper Ream,2,316.51,12,557.06,437.33,119.73,Debit Card,Delivered,3.0
NR20250200654,2025-02-18,CUST00808,Isha Banerjee 27,West,Goa,Goa,Online,Furniture,Office Chairs,Green Soul Monster Chair,4,14108.49,10,50790.56,36842.37,13948.19,Net Banking,Delivered,3.0
NR20250904266,2025-09-09,CUST00083,Neha Chawla 3,South,Karnataka,Mysuru,Online,Office Supplies,Writing,Cello Ball Pen Pack,10,171.04,5,1624.88,1160.97,463.91,Credit Card,Delivered,3.0
NR20250302096,2025-03-23,CUST00179,Mohit Saxena 6,West,Goa,Goa,Retail Store,Furniture,Desks,IKEA Linnmon Desk,1,8629.79,12,7594.22,5685.38,1908.84,Debit Card,Delivered,3.0
NR20251002834,2025-10-02,CUST00427,Ishaan Kapoor 15,West,Maharashtra,Mumbai,Retail Store,Electronics,Laptops,Acer Aspire 5,1,61270.6,14,52692.72,43423.28,9269.44,Debit Card,Delivered,4.0
NR20251203865,2025-12-28,CUST00470,Varun Bhatia 16,West,Maharashtra,Nashik,Retail Store,Office Supplies,Paper,JK Copier A4 Paper Ream,2,311.81,15,530.08,405.66,124.42,Cash,Delivered,3.0
NR20250901392,2025-09-11,CUST00468,Siddharth Rao 16,South,Tamil Nadu,Chennai,Online,Furniture,Office Chairs,Green Soul Monster Chair,3,14886.31,15,37960.09,26979.58,10980.51,UPI,Delivered,6.0
NR20250200062,2025-02-10,CUST00599,Mohit Saxena 20,West,Maharashtra,Pune,Online,Accessories,Bags,Skybags Casual Backpack,1,1897.23,12,1669.56,1256.32,413.24,Credit Card,Delivered,1.0
NR20250202378,2025-02-02,CUST00672,Pooja Singh 23,South,Karnataka,Mysuru,Corporate,Electronics,Laptops,HP 15s,10,53587.97,14,460856.54,400000.55,60855.99,Net Banking,Delivered,6.0
NR20250203753,2025-02-18,CUST00739,Tanvi Deshmukh 25,Central,Madhya Pradesh,Gwalior,Retail Store,Office Supplies,Stationery,Faber-Castell Marker Set,3,360.32,5,1026.91,793.21,233.7,Credit Card,Delivered,4.0
NR20250100096,2025-01-14,CUST01242,Pooja Singh 42,East,Assam,Guwahati,Corporate,Electronics,Tablets,Lenovo Tab M11,5,17950.88,7,83471.59,68751.6,14719.99,Debit Card,Delivered,7.0
NR20250100479,2025-01-04,CUST01185,Rohan Kulkarni 40,East,Bihar,Patna,Online,Furniture,Storage,Metal Office Cabinet,1,9337.02,12,8216.58,5980.58,2236.0,UPI,Delivered,4.0
NR20251204890,2025-12-07,CUST01151,Nikhil Patil 39,Central,Chhattisgarh,Raipur,Retail Store,Office Supplies,Printing,Epson 003 Ink Bottle,5,643.95,5,3058.76,2436.87,621.89,UPI,Delivered,4.0
NR20251004211,2025-10-24,CUST01042,Yash Agarwal 35,West,Maharashtra,Mumbai,Online,Office Supplies,Writing,Cello Ball Pen Pack,8,174.86,17,1161.07,801.03,360.04,Credit Card,Delivered,3.0
NR20250203241,2025-02-06,CUST00146,Simran Kaur 5,West,Maharashtra,Nashik,Corporate,Office Supplies,Writing,Cello Ball Pen Pack,8,177.31,10,1276.63,962.7,313.93,Credit Card,Delivered,4.0
NR20251204002,2025-12-04,CUST01046,Simran Kaur 35,South,Karnataka,Bengaluru,Online,Accessories,Cables,Portronics HDMI Cable,3,627.81,7,1751.59,1221.59,530.0,UPI,Delivered,5.0
NR20250103689,2025-01-15,CUST00704,Riya Das 24,East,Assam,Guwahati,Retail Store,Electronics,Cameras,Canon EOS 1500D,1,47056.23,0,47056.23,40373.31,6682.92,Debit Card,Delivered,7.0
NR20251201282,2025-12-04,CUST00019,Tanvi Deshmukh 1,North,Punjab,Amritsar,Corporate,Electronics,Laptops,Acer Aspire 5,5,62726.67,14,269724.68,217584.88,52139.8,UPI,Delivered,5.0
NR20250904530,2025-09-26,CUST00515,Arjun Nair 18,Central,Madhya Pradesh,Bhopal,Retail Store,Office Supplies,Writing,Cello Ball Pen Pack,3,177.02,7,493.89,359.35,134.54,UPI,Delivered,5.0
NR20250204686,2025-02-16,CUST00009,Karan Malhotra 1,West,Maharashtra,Nashik,Corporate,Office Supplies,Stationery,Faber-Castell Marker Set,3,352.91,7,984.62,741.65,242.97,Debit Card,Delivered,3.0
NR20250300323,2025-03-17,CUST00566,Simran Kaur 19,North,Chandigarh,Chandigarh,Retail Store,Electronics,Smartphones,Samsung Galaxy M35,5,22379.81,5,106304.1,96029.85,10274.25,UPI,Delivered,4.0
NR20250301174,2025-03-20,CUST00960,Sneha Pillai 32,East,Odisha,Bhubaneswar,Online,Accessories,Mice,Logitech M331 Mouse,1,1453.95,10,1308.56,1014.23,294.33,UPI,Delivered,5.0
NR20250102281,2025-01-27,CUST00268,Isha Banerjee 9,East,Assam,Guwahati,Online,Office Supplies,Paper,JK Copier A4 Paper Ream,1,319.5,0,319.5,244.56,74.94,UPI,Delivered,5.0
NR20250604181,2025-06-17,CUST00346,Sakshi Jain 12,West,Maharashtra,Nashik,Online,Office Supplies,Stationery,Kangaro Stapler Set,4,286.05,12,1006.9,748.14,258.76,UPI,Delivered,3.0
NR20250404406,2025-04-24,CUST00997,Ishaan Kapoor 34,West,Gujarat,Surat,Retail Store,Accessories,Webcams,Logitech C270 Webcam,1,2435.77,10,2192.19,1615.45,576.74,Cash,Delivered,4.0
NR20250501435,2025-05-12,CUST00630,Sneha Pillai 21,Central,Chhattisgarh,Raipur,Online,Electronics,Laptops,HP 15s,5,53624.76,7,249355.13,212443.3,36911.83,Credit Card,Delivered,2.0
NR20250904227,2025-09-05,CUST00232,Yash Agarwal 8,West,Goa,Goa,Online,Electronics,Monitors,LG 24MP60G,1,12014.54,5,11413.81,9364.98,2048.83,UPI,Delivered,4.0
NR20250604792,2025-06-23,CUST00403,Rahul Gupta 14,West,Gujarat,Vadodara ,Online,Furniture,Office Chairs,Green Soul Monster Chair,1,14423.59,10,12981.23,9434.18,3547.05,Net Banking,Delivered,4.0
NR20250802032,2025-08-29,CUST00898,Isha Banerjee 30,Central,Madhya Pradesh,Bhopal,Online,Furniture,Tables,Conference Table 6-Seater,1,28472.09,7,26479.04,21194.25,5284.79,Net Banking,Delivered,3.0
NR20250804953,05/08/2025,CUST00727,Ishaan Kapoor 25,Central,Madhya Pradesh,Gwalior,Online,Furniture,Desks,IKEA Linnmon Desk,4,8538.44,12,30055.31,22662.26,7393.05,UPI,Delivered,5.0
NR20250200292,2025-02-02,CUST00691,Aarav Sharma 24,west,Goa,Goa,Corporate,Electronics,Monitors,LG 24MP60G,2,12553.42,5,23851.5,19225.18,4626.32,Net Banking,Delivered,6.0
NR20250600788,2025-06-04,CUST00383,Neha Chawla 13,West,Maharashtra,Pune,Retail Store,Accessories,Bags,Skybags Casual Backpack,2,1894.24,12,3333.86,2391.39,942.47,Cash,Delivered,3.0
NR20250604948,2025-06-03,CUST00781,Aarav Sharma 27,South,Karnataka,Mysuru,Online,Furniture,Storage,Wooden Filing Cabinet,2,7922.67,5,15053.07,11646.2,3406.87,UPI,Delivered,5.0
NR20250900534,2025-09-30,CUST01064,Riya Das 36,South,Tamil Nadu,Coimbatore,Online,Accessories,Cables,Portronics HDMI Cable,2,614.7,7,1143.34,790.03,353.31,UPI,Delivered,2.0
NR20250102752,2025-01-08,CUST00157,Ishaan Kapoor 6,North,Punjab,Amritsar,Retail Store,Office Supplies,Paper,JK Copier A4 Paper Ream,4,308.97,5,1174.09,918.85,255.24,UPI,Delivered,3.0
NR20250300894,2025-03-22,CUST00148,Isha Banerjee 5,Central,Madhya Pradesh,Indore,Online,Office Supplies,Writing,Cello Ball Pen Pack,3,182.48,5,520.07,376.29,143.78,Debit Card,Delivered,6.0
NR20250404779,2025-04-11,CUST00647,Shreya Menon 22,East,Assam,Guwahati,Retail Store,Office Supplies,Printing,HP 805 Ink Cartridge,2,1250.72,7,2326.34,1826.52,499.82,Cash,Delivered,7.0
NR20250202407,2025-02-16,CUST01076,Simran Kaur 36,East,Odisha,Bhubaneswar,Online,Office Supplies,Files,Solo Executive File Pack,5,533.66,12,2348.1,1821.74,526.36,UPI,Delivered,5.0
NR20250400643,2025-04-19,CUST00913,Rahul Gupta 31,South,Tamil Nadu,Coimbatore,Retail Store,Accessories,Bags,Skybags Casual Backpack,1,1904.63,7,1771.31,1283.54,487.77,Cash,Returned,7.0
NR20251104915,2025-11-06,CUST00822,Pooja Singh 28,North,Delhi,Delhi,Online,Office Supplies,Printing,Epson 003 Ink Bottle,2,658.23,0,1316.46,1045.19,271.27,UPI,Delivered,4.0
NR20250404010,2025-04-14,CUST00699,Karan Malhotra 24,South,Karnataka,Bengaluru,Retail Store,Office Supplies,Stationery,Kangaro Stapler Set,5,268.73,0,1343.65,1008.4,335.25,Cash,Delivered,4.0
NR20250204316,14/02/2025,CUST00859,Tanvi Deshmukh 29,NORTH,Uttar Pradesh,Noida,Online,Electronics,Laptops, HP 15s,1,54268.53,7,50469.73,42316.14,8153.59,Debit Card,Delivered,6.0
NR20250800429,2025-08-28,CUST00433,Rahul Gupta 15,East,West Bengal,Siliguri,Retail Store,Accessories,Cables,Portronics HDMI Cable,1,639.54,7,594.77,433.97,160.8,Credit Card,Delivered,7.0
NR20251204318,2025-12-02,CUST00092,Aditi Mehta 4,West,Gujarat,Vadodara,Online,Electronics,Audio,boAt Airdopes 141,1,1360.65,12,1197.37,894.51,302.86,UPI,Delivered,3.0
NR20250703892,2025-07-05,CUST00474,Priya Nanda 16,West,Maharashtra,Nashik,Online,Accessories,Bags,American Tourister Laptop Bag,1,2684.6,10,2416.14,1723.12,693.02,Debit Card,Delivered,5.0
NR20250701630,2025-07-02,CUST00142,Yash Agarwal 5,South,Karnataka,Bengaluru,Online,Furniture,Office Chairs,Featherlite Astro Chair,2,10742.52,10,19336.54,14270.12,5066.42,UPI,Delivered,5.0
NR20250102828,2025-01-04,CUST00244,Ananya Iyer 9,South,Karnataka,Bengaluru,Online,Accessories,Bags,Skybags Casual Backpack,1,1905.98,7,1772.56,1320.47,452.09,Credit Card,Delivered,4.0
NR20250404972,2025-04-26,CUST00474,Priya Nanda 16,North,Rajasthan,Jaipur,Corporate,Electronics,Laptops,Acer Aspire 5,15,60536.17,9,826318.72,695089.41,131229.31,Credit Card,Delivered,2.0
NR20250202054,2025-02-01,CUST00114,Priya Nanda 4,West,Gujarat,Ahmedabad,Online,Accessories,Cables,Portronics HDMI Cable,1,633.34,10,570.01,402.86,167.15,Net Banking,Returned,9.0
NR20250804248,2025-08-29,CUST00639,Karan Malhotra 22,West,Maharashtra,Pune,Retail Store,Office Supplies,Files,Solo Executive File Pack,10,521.82,5,4957.29,3760.85,1196.44,Debit Card,Delivered,2.0
NR20250701774,2025-07-17,CUST00183,Aditya Verma 7, North ,Uttar Pradesh,Noida,Retail Store,Furniture,Storage,Metal Office Cabinet,2,8947.42,7,16642.2,12593.51,4048.69,UPI,Delivered,4.0
NR20251003371,2025-10-03,CUST00002,Aditi Mehta 1,South,Karnataka,Mysuru,Online,Office Supplies,Files,Solo Executive File Pack,8,519.18,17,3447.36,2700.4,746.96,UPI,Delivered,4.0
NR20251101539,2025-11-23,CUST00219,Karan Malhotra 8,West,Maharashtra,Nashik,Retail Store,Electronics,Laptops,Acer Aspire 5,1,61871.2,22,48259.54,40964.73,7294.81,Credit Card,Delivered,1.0
NR20250500928,2025-05-10,CUST01028,Kavya Reddy 35,South,Andhra Pradesh,Visakhapatnam,Online,Office Supplies,Stationery,Kangaro Stapler Set,1,278.46,0,278.46,210.41,68.05,Debit Card,Returned,5.0
NR20250300916,2025-03-24,CUST00386,Simran Kaur 13,North,Delhi,Delhi,Retail Store,Electronics,Cameras,Canon EOS 1500D,1,45179.2,9,41113.07,34308.81,6804.26,Cash,Delivered,3.0
NR20251104590,2025-11-23,CUST01025,Arjun Nair 35,South,Andhra Pradesh,Visakhapatnam,Online,Accessories,Cables,Belkin USB-C Cable,2,1125.6,7,2093.62,1485.5,608.12,Credit Card,Delivered,1.0
NR20250704990,2025-07-31,CUST00801,Vikram Sethi 27,East,Odisha,Bhubaneswar,Online,Electronics,Audio,JBL Tune 770NC,1,7093.83,17,5887.88,4405.1,1482.78,UPI,Delivered,5.0
NR20250102216,2025-01-25,CUST00556,Sakshi Jain 19,South,Telangana,Hyderabad,Online,Electronics,Laptops,Acer Aspire 5,2,63025.69,7,117227.78,99147.03,18080.75,Debit Card,Delivered,7.0
NR20250504970,2025-05-24,CUST01121,Nikhil Patil 38,East,Assam,Guwahati,Online,Office Supplies,Writing,Cello Ball Pen Pack,2,166.34,12,292.76,207.56,85.2,UPI,Returned,7.0
NR20250502744,2025-05-10,CUST00855,Rohan Kulkarni 29,South,Andhra Pradesh,Vijayawada,Online,Office Supplies,Writing,Cello Ball Pen Pack,3,170.75,2,502.0,360.95,141.05,UPI,Returned,5.0
NR20250804378,2025-08-13,CUST00498,Siddharth Rao 17,West,Goa,Goa,Online,Office Supplies,Printing,Epson 003 Ink Bottle,4,626.51,0,2506.04,1920.78,585.26,UPI,Delivered,2.0
NR20250600829,2025-06-18,CUST00057,Aman Arora 2,South,Tamil Nadu,Coimbatore,Corporate,Furniture,Office Chairs,Featherlite Astro Chair,20,10433.03,12,183621.33,130216.73,53404.6,Credit Card,Delivered,3.0
NR20250503323,2025-05-30,CUST00528,Siddharth Rao 18,East,Assam,Guwahati,Retail Store,Accessories,Webcams,Logitech C270 Webcam,1,2573.92,7,2393.75,1813.91,579.84,Debit Card,Pending,3.0
NR20251201887,2025-12-08,CUST00412,Yash Agarwal 14,North,Chandigarh,Chandigarh,Online,Furniture,Office Chairs,Green Soul Monster Chair,2,14940.53,5,28387.01,21057.8,7329.21,Debit Card,Delivered,2.0
NR20250503887,2025-05-15,CUST00361,Aarav Sharma 13,South,Tamil Nadu,Coimbatore,Retail Store,Office Supplies,Paper,JK Copier A4 Paper Ream,2,327.09,7,608.39,484.36,124.03,UPI,Delivered,1.0
NR20251202304,2025-12-04,CUST00515,Arjun Nair 18,Central,Chhattisgarh,Bilaspur,Retail Store,Accessories,Cables,Belkin USB-C Cable,3,1080.03,23,2494.87,1764.77,730.1,Credit Card,Delivered,5.0
NR20251001965,2025-10-29,CUST00650,Varun Bhatia 22,West,Gujarat,Surat,Online,Office Supplies,Printing,Epson 003 Ink Bottle,1,630.72,4,605.49,483.72,121.77,UPI,Delivered,1.0
NR20250502681,2025-05-04,CUST00366,Diya Shah 13,Central,Chhattisgarh,Raipur,Online,Office Supplies,Stationery,Kangaro Stapler Set,5,267.63,10,1204.34,887.17,317.17,Debit Card,Cancelled,0.0
NR20251004197,2025-10-21,CUST00199,Tanvi Deshmukh 7,South,Karnataka,Mysuru,Corporate,Electronics,Audio,JBL Tune 770NC,5,6988.42,12,30749.05,22795.25,7953.8,Net Banking,Delivered,5.0
NR20250403774,2025-04-03,CUST01237,Ishaan Kapoor 42,North,Chandigarh,Chandigarh,Retail Store,Electronics,Monitors,LG 24MP60G,1,12372.93,10,11135.64,9244.14,1891.5,Cash,Delivered,5.0
NR20251101591,2025-11-14,CUST00328,Isha Banerjee 11,North,Rajasthan,Jaipur,Online,Electronics,Cameras,Canon EOS 1500D,2,44408.03,15,75493.65,64322.93,11170.72,UPI,Delivered,1.0
NR20250901546,2025-09-27,CUST00848,Kavya Reddy 29,South,Tamil Nadu,Chennai,Retail Store,Furniture,Tables,Conference Table 6-Seater,1,27904.7,10,25114.23,19329.28,5784.95,Debit Card,Delivered,4.0
NR20251202651,2025-12-18,CUST00420,Sneha Pillai 14,East,Odisha,Bhubaneswar,Retail Store,Office Supplies,Stationery,Faber-Castell Marker Set,4,360.21,17,1195.9,930.57,265.33,Cash,Delivered,5.0
NR20251103432,2025-11-19,CUST00117,Aman Arora 4,North,Chandigarh,Chandigarh,Retail Store,Office Supplies,Writing,Classmate Notebook Pack,4,452.62,14,1557.01,1166.43,390.58,UPI,Delivered,3.0
NR20251202223,2025-12-10,CUST00305,Arjun Nair 11,East,Bihar,Patna,Retail Store,Furniture,Office Chairs,Green Soul Monster Chair,1,15209.18,2,14905.0,10950.68,3954.32,Credit Card,Delivered,5.0
NR20250500071,2025-05-15,CUST00848,Kavya Reddy 29,North,Delhi,Delhi,Corporate,Electronics,Smartphones,OnePlus Nord CE,20,24810.86,14,426746.79,361753.83,64992.96,Net Banking,Delivered,4.0
NR20250501002,2025-05-29,CUST00037,Ishaan Kapoor 2,South,Karnataka,Mysuru,Retail Store,Electronics,Laptops,HP 15s,2,51646.35,12,90897.58,79696.57,11201.01,UPI,Delivered,4.0
NR20250502893,2025-05-18,CUST00443,Neha Chawla 15,North,Delhi,Delhi,Corporate,Office Supplies,Printing,HP 805 Ink Cartridge,5,1212.7,12,5335.88,4590.04,745.84,Credit Card,Delivered,5.0
NR20250903151,2025-09-11,CUST00201,Vikram Sethi 7,North,Punjab,Ludhiana,Retail Store,Accessories,Power Banks,Ambrane 20000mAh Power Bank,1,1695.02,5,1610.27,1201.76,408.51,UPI,Delivered,3.0
NR20251001739,2025-10-19,CUST01075,Manish Tiwari 36,West,Maharashtra,Nashik,Retail Store,Furniture,Desks,IKEA Linnmon Desk,2,8579.22,10,15442.6,11847.0,3595.6,UPI,Delivered,1.0
NR20250803340,2025-08-23,CUST01020,Sneha Pillai 34,North,Rajasthan,Jaipur,Retail Store,Office Supplies,Writing,Cello Ball Pen Pack,2,176.75,0,353.5,256.14,97.36,Debit Card,Delivered,3.0
NR20250804672,2025-08-31,CUST00134,Riya Das 5,South,Karnataka,Mysuru,Retail Store,Office Supplies,Printing,HP 805 Ink Cartridge,2,1223.86,5,2325.33,1878.54,446.79,Cash,Delivered,4.0
NR20251003027,2025-10-13,CUST00708,Siddharth Rao 24,East,Bihar,Patna,Corporate,Furniture,Storage,Wooden Filing Cabinet,3,7749.44,15,19761.07,14704.45,5056.62,Credit Card,Delivered,7.0
NR20250301169,2025-03-10,CUST00773,Neha Chawla 26,North,Uttarakhand,Dehradun,Online,Furniture,Office Chairs,Green Soul Monster Chair,2,14524.52,2,28468.06,21053.02,7415.04,UPI,Delivered,5.0
NR20251004234,2025-10-17,CUST00066,Diya Shah 3,West,Maharashtra,Nashik,Online,Electronics,Audio,JBL Tune 770NC,1,7259.17,19,5879.93,4475.41,1404.52,UPI,Delivered,2.0
NR20250502781,2025-05-11,CUST01067,Shreya Menon 36,West,Maharashtra,Nagpur,Online,Electronics,Smartphones,Samsung Galaxy M35,2,22365.29,12,39362.91,34678.58,4684.33,Net Banking,Delivered,3.0
NR20250802493,2025-08-28,CUST00456,Diya Shah 16,South,Telangana,Hyderabad,Online,Office Supplies,Printing,Epson 003 Ink Bottle,2,647.81,5,1230.84,974.42,256.42,Net Banking,Delivered,4.0
NR20251003821,2025-10-30,CUST00474,Priya Nanda 16,South,Tamil Nadu,Chennai,Retail Store,Office Supplies,Writing,Cello Ball Pen Pack,3,182.07,20,436.97,293.15,143.82,Debit Card,Delivered,4.0
NR20250504510,2025-05-13,CUST00799,Tanvi Deshmukh 27,West,Maharashtra,Nagpur,Retail Store,Electronics,Monitors,LG 24MP60G,5,12533.17,2,61412.53,50619.13,10793.4,Cash,Delivered,2.0
NR20250701201,2025-07-08,CUST00139,Tanvi Deshmukh 5,West,Maharashtra,Pune,Corporate,Office Supplies,Printing,HP 805 Ink Cartridge,10,1251.56,15,10638.26,8455.14,2183.12,Debit Card,Delivered,5.0
NR20250204750,2025-02-26,CUST00401,Nikhil Patil 14,South,Tamil Nadu,Chennai,Retail Store,Furniture,Storage,Wooden Filing Cabinet,1,7723.78,5,7337.59,5708.66,1628.93,UPI,Delivered,4.0
NR20251100671,2025-11-21,CUST01008,Siddharth Rao 34,South,Kerala,Kochi,Corporate,Furniture,Office Chairs,Green Soul Monster Chair,15,14463.86,14,186583.79,131817.1,54766.69,Credit Card,Pending,2.0
NR20251003863,2025-10-11,CUST00032,Aditi Mehta 2,South,Kerala,Kochi,Online,Office Supplies,Writing,Classmate Notebook Pack,4,434.51,7,1616.38,1206.13,410.25,Net Banking,Delivered,5.0
NR20250204424,2025-02-22,CUST00830,Varun Bhatia 28,South,Karnataka,Bengaluru,Online,Office Supplies,Files,Solo Executive File Pack,2,528.89,5,1004.89,754.4,250.49,Net Banking,Delivered,6.0
NR20251204649,2025-12-06,CUST00352,Yash Agarwal 12,South,Telangana,Hyderabad,Online,Office Supplies,Writing,Cello Ball Pen Pack,5,192.47,10,866.12,608.54,257.58,Debit Card,Delivered,7.0
NR20250401236,2025-04-01,CUST00622,Yash Agarwal 21,West,Maharashtra,Pune,Retail Store,Accessories,Power Banks,Ambrane 20000mAh Power Bank,1,1672.36,2,1638.91,1283.96,354.95,Credit Card,Delivered,3.0
NR20251103076,2025-11-14,CUST01152,Pooja Singh 39,South,Telangana,Hyderabad,Online,Office Supplies,Writing,Cello Ball Pen Pack,10,182.6,2,1789.48,1323.74,465.74,Net Banking,Delivered,3.0
NR20251101085,2025-11-11,CUST00627,Aman Arora 21,North,Uttarakhand,Dehradun,Retail Store,Office Supplies,Writing,Classmate Notebook Pack,4,448.98,12,1580.41,1166.81,413.6,Debit Card,Delivered,2.0
NR20250701306,2025-07-03,CUST00832,Yash Agarwal 28,West,Gujarat,Ahmedabad,Online,Office Supplies,Writing,Cello Ball Pen Pack,5,171.36,5,813.96,599.48,214.48,Debit Card,Delivered,2.0
NR20250101808,2025-01-31,CUST00046,Sakshi Jain 2,North,Uttar Pradesh,Lucknow,Corporate,Office Supplies,Stationery,Kangaro Stapler Set,8,280.54,5,2132.1,1555.33,576.77,UPI,Delivered,3.0
NR20250500806,2025-05-27,CUST00359,Mohit Saxena 12,North,Punjab,Amritsar,Online,Office Supplies,Writing,Cello Ball Pen Pack,4,182.95,12,643.98,469.58,174.4,UPI,Delivered,1.0
NR20251104444,2025-11-02,CUST01196,Simran Kaur 40,West,Maharashtra,Mumbai,Retail Store,Electronics,Laptops,HP 15s,1,55951.33,10,50356.2,41746.5,8609.7,UPI,Cancelled,0.0
NR20250602440,2025-06-22,CUST00830,Varun Bhatia 28,West,Maharashtra,Mumbai,Retail Store,Furniture,Office Chairs,Featherlite Astro Chair,1,10173.07,5,9664.42,6713.39,2951.03,Credit Card,Delivered,2.0
NR20250800997,2025-08-05,CUST00971,Nikhil Patil 33,South,Tamil Nadu,Coimbatore,Corporate,Accessories,Power Banks,Ambrane 20000mAh Power Bank,20,1696.14,10,30530.52,22145.95,8384.57,Credit Card,Delivered,3.0
NR20250502016,2025-05-13,CUST01188,Siddharth Rao 40,East,West Bengal,Siliguri,Retail Store,Electronics,Smartphones,Samsung Galaxy M35,1,22246.96,4,21357.08,18723.89,2633.19,Debit Card,Cancelled,0.0
NR20250301542,2025-03-26,CUST01047,Aman Arora 35,South,Karnataka,Mysuru,Online,Electronics,Monitors,LG 24MP60G,2,12339.0,4,23690.88,18893.93,4796.95,Net Banking,Delivered,4.0
NR20250502477,2025-05-13,CUST01243,Rahul Gupta 42,South,Tamil Nadu,Chennai,Retail Store,Office Supplies,Printing,Epson 003 Ink Bottle,8,629.87,5,4787.01,3724.11,1062.9,Debit Card,Delivered,4.0
NR20251201942,2025-12-20,CUST00081,Vikram Sethi 3,West,Goa,Goa,Online,Electronics,Tablets,Lenovo Tab M11,1,17865.38,8,16436.15,13892.12,2544.03,Net Banking,Delivered,4.0
NR20250901159,2025-09-12,CUST01058,Kavya Reddy 36,Central,Chhattisgarh,Bilaspur,Retail Store,Office Supplies,Stationery,Kangaro Stapler Set,8,287.51,0,2300.08,1762.86,537.22,Debit Card,Delivered,6.0
NR20250804646,2025-08-17,CUST00371,Nikhil Patil 13,East,Jharkhand,Ranchi,Online,Office Supplies,Stationery,Faber-Castell Marker Set ,2,352.43,15,599.13,459.51,139.62,UPI,Delivered,3.0
NR20251004093,2025-10-17,CUST00263,Neha Chawla 9,South,Andhra Pradesh,Visakhapatnam,Online,Furniture,Storage,Wooden Filing Cabinet,2,7794.39,12,13718.13,10637.28,3080.85,UPI,Delivered,5.0
NR20251201130,2025-12-27,CUST00247,Ishaan Kapoor 9,West,Maharashtra,Nashik,Corporate,Accessories,Bags,American Tourister Laptop Bag,20,2591.27,9,47161.11,35732.05,11429.06,Net Banking,Delivered,8.0
NR20250803709,2025-08-19,CUST00510,Sneha Pillai 17,East,Assam,Guwahati,Retail Store,Accessories,Mice,Logitech M331 Mouse,1,1410.76,2,1382.54,981.05,401.49,Credit Card,Delivered,7.0
NR20251102793,2025-11-27,CUST00270,Sneha Pillai 9,East,Odisha,Bhubaneswar,Online,Furniture,Tables,Conference Table 6-Seater,1,29081.53,10,26173.38,21251.1,4922.28,Net Banking,Delivered,3.0
NR20250700234,2025-07-18,CUST00466,Sakshi Jain 16,West,Maharashtra,Nashik,Online,Furniture,Storage,Metal Office Cabinet,2,9446.85,5,17949.01,13973.54,3975.47,Net Banking,Delivered,4.0
NR20250901666,2025-09-07,CUST00376,Sakshi Jain 13,East,Odisha,Bhubaneswar,Corporate,Accessories,Cables,Portronics HDMI Cable,15,660.55,5,9412.84,6577.27,2835.57,Net Banking,Delivered,6.0
NR20250804631,2025-08-28,CUST01128,Siddharth Rao 38,Central,Madhya Pradesh,Indore,Retail Store,Furniture,Storage,Wooden Filing Cabinet,2,7496.89,10,13494.4,10211.94,3282.46,Cash,Delivered,6.0
NR20251001050,2025-10-23,CUST00182,Aditi Mehta 7,East,Bihar,Patna,Retail Store,Electronics,Smartphones,Samsung Galaxy M35,2,21782.34,15,37029.98,31872.1,5157.88,Cash,Delivered,2.0
NR20251100634,2025-11-19,CUST00152,Aditi Mehta 6,Central,Madhya Pradesh,Jabalpur,Corporate,Furniture,Storage,Wooden Filing Cabinet,20,7769.0,12,136734.4,107979.8,28754.6,UPI,Delivered,6.0
NR20250302183,2025-03-13,CUST01140,Sneha Pillai 38,Central,Madhya Pradesh,Bhopal,Retail Store,Accessories,Mice,Logitech M331 Mouse,1,1431.46,2,1402.83,977.65,425.18,Credit Card,Delivered ,1.0
NR20250700416,2025-07-08,CUST00583,Rahul Gupta 20,South,Andhra Pradesh,Vijayawada,Retail Store,Furniture,Office Chairs,Featherlite Astro Chair,1,10764.89,7,10011.35,6991.18,3020.17,Debit Card,Delivered,2.0
NR20250201422,2025-02-20,CUST00641,Nikhil Patil 22,East,Jharkhand,Ranchi,Retail Store,Electronics,Tablets,Lenovo Tab M11,1,18915.06,10,17023.55,14575.76,2447.79,Cash,Delivered,5.0
NR20250102663,2025-01-31,CUST01086,Diya Shah 37,West,Goa,Goa,Retail Store,Accessories,Keyboards,Logitech K120 Keyboard,1,840.53,18,689.23,499.9,189.33,UPI,Delivered,1.0
NR20250100722,2025-01-06,CUST00721,Aarav Sharma 25,East,West Bengal,Kolkata,Online,Accessories,Cables,Portronics HDMI Cable,1,646.66,10,581.99,397.19,184.8,Credit Card,Delivered,4.0
NR20251001026,2025-10-18,CUST00853,Rahul Gupta 29,West,Goa,Goa,Online,Office Supplies,Printing,HP 805 Ink Cartridge,2,1284.25,10,2311.65,1874.76,436.89,Debit Card,Delivered,2.0
NR20250201974,2025-02-11,CUST01179,Karan Malhotra 40,North,Uttarakhand,Dehradun,Corporate,Furniture,Storage,Metal Office Cabinet,15,8955.7,15,114185.18,88653.3,25531.88,Credit Card,Delivered,5.0
NR20251000843,2025-10-28,CUST00039,Karan Malhotra 2,East,Odisha,Bhubaneswar,Online,Accessories,Webcams,Logitech C270 Webcam,1,2602.97,4,2498.85,1804.81,694.04,Credit Card,Delivered,3.0
NR20250800018,2025-08-08,CUST00754,Ananya Iyer 26,West,Maharashtra,Nagpur,Online,Furniture,Desks,IKEA Linnmon Desk,2,8126.48,7,15115.25,10757.12,4358.13,Debit Card,Delivered,2.0
NR20250204316,2025-02-14,CUST00859,Tanvi Deshmukh 29,North,Uttar Pradesh,Noida,Online,Electronics,Laptops,HP 15s,1,54268.53,7,50469.73,42316.14,8153.59,Debit Card,Delivered,6.0
NR20250302154,2025-03-08,CUST00145,Manish Tiwari 5,East,Odisha,Bhubaneswar,Online,Furniture,Storage,Wooden Filing Cabinet,1,7910.1,0,7910.1,6024.89,1885.21,UPI,Delivered,4.0
NR20250601809,2025-06-01,CUST00505,Manish Tiwari 17,North,Uttar Pradesh,Noida,Online,Electronics,Audio,JBL Tune 770NC,5,7003.65,5,33267.34,25474.94,7792.4,Credit Card,Delivered,5.0
NR20251001261,2025-10-11,CUST00868,Isha Banerjee 29,West,Gujarat,Vadodara,Retail Store,Office Supplies,Writing,Cello Ball Pen Pack,1,183.96,0,183.96,139.11,44.85,Debit Card,Delivered,3.0
NR20251100597,2025-11-16,CUST00806,Simran Kaur 27,South,Tamil Nadu,Chennai,Retail Store,Office Supplies,Stationery,Kangaro Stapler Set,3,283.38,7,790.63,577.97,212.66,UPI,Pending,2.0
NR20250804134,2025-08-31,CUST00828,Siddharth Rao 28,North,Punjab,Ludhiana,Online,Accessories,Bags,American Tourister Laptop Bag,2,2486.81,7,4625.47,3462.2,1163.27,UPI,Delivered,5.0
NR20250102216,2025-01-25,CUST00556,Sakshi Jain 19,South,Telangana, Hyderabad,Online,Electronics,Laptops,Acer Aspire 5,2,63025.69,7,117227.78,99147.03,18080.75,Debit Card,Delivered,7.0
NR20250301483,2025-03-23,CUST00759,Karan Malhotra 26,East,Jharkhand,Ranchi,Retail Store,Electronics,Laptops,Acer Aspire 5,2,59344.66,17,98512.14,83675.9,14836.24,UPI,Returned,9.0
NR20250702655,2025-07-27,CUST00274,Ananya Iyer 10,North,Uttar Pradesh,Lucknow,Online,Office Supplies,Stationery,Faber-Castell Marker Set,3,356.63,12,941.5,713.29,228.21,UPI,Delivered,4.0
NR20250801486,2025-08-29,CUST01142,Aditi Mehta 39,Central,Madhya Pradesh,Jabalpur,Online,Electronics,Audio,JBL Tune 770NC,1,7409.55,7,6890.88,5188.64,1702.24,UPI,Delivered,4.0
NR20251102390,2025-11-29,CUST00263,Neha Chawla 9,South,Karnataka,Bengaluru,Corporate,Office Supplies,Stationery,Kangaro Stapler Set,10,281.72,12,2479.14,1800.81,678.33,Credit Card,Delivered,3.0
NR20251200372,2025-12-13,CUST00995,Arjun Nair 34,West,Maharashtra,Nagpur,Retail Store,Accessories,Power Banks,Ambrane 20000mAh Power Bank,2,1676.98,9,3052.1,2363.23,688.87,Cash,Delivered,4.0
NR20251201413,2025-12-13,CUST00908,Kavya Reddy 31,Central,Madhya Pradesh,Indore,Retail Store,Furniture,Storage,Wooden Filing Cabinet,1,7677.04,12,6755.8,4895.62,1860.18,Cash,Delivered,4.0
NR20251203095,2025-12-09,CUST00211,Aarav Sharma 8,West,Gujarat,Surat,Retail Store,Furniture,Office Chairs,Featherlite Astro Chair,1,10395.98,2,10188.06,7280.02,2908.04,UPI,Delivered,4.0
NR20250304194,2025-03-31,CUST01116,Diya Shah 38,East,West Bengal,Kolkata,Corporate,Office Supplies,Writing,Classmate Notebook Pack,8,454.3,14,3125.58,2269.6,855.98,Debit Card,Delivered,6.0
NR20250800599,2025-08-05,CUST00578,Kavya Reddy 20,West,Maharashtra,Pune,Online,Electronics,Smartphones,OnePlus Nord CE,3,25145.27,14,64874.8,56469.55,8405.25,Credit Card,Delivered,4.0
NR20251100677,2025-11-02,CUST01075,Manish Tiwari 36,West,Maharashtra,Nagpur,Corporate,Accessories,Bags,Skybags Casual Backpack,20,1909.42,7,35515.21,26938.25,8576.96,Credit Card,Delivered,4.0
NR20250200239,2025-02-05,CUST01156,Sakshi Jain 39,West,Maharashtra,Nashik,Retail Store,Office Supplies,Printing,Epson 003 Ink Bottle,10,639.9,10,5759.1,4655.38,1103.72,Debit Card,Delivered,3.0
NR20250503506,2025-05-01,CUST00669,Karan Malhotra 23,South,Tamil Nadu,Chennai,Online,Electronics,Tablets,Lenovo Tab M11,4,18565.38,9,67577.98,57668.95,9909.03,Net Banking,Delivered,5.0
NR20250501371,05/04/2025,CUST00578,Kavya Reddy 20,Central,Chhattisgarh,Bilaspur,Online,Office Supplies,Writing,Classmate Notebook Pack,3,450.43,12,1189.14,922.24,266.9,UPI,Returned,6.0
NR20251104804,2025-11-04,CUST00678,Siddharth Rao 23,South,Karnataka,Bengaluru,Retail Store,Furniture,Storage,Wooden Filing Cabinet,1,7408.65,5,7038.22,5223.74,1814.48,Credit Card,Delivered,4.0
NR20250702516,2025-07-02,CUST00790,Meera Joshi 27,West,Maharashtra,Pune,Online,Furniture,Tables,Conference Table 6-Seater,1,27986.77,10,25188.09,20448.76,4739.33,Credit Card,Delivered,4.0
NR20250700076,2025-07-24,CUST00301,Aarav Sharma 11,South,Karnataka,Mysuru,Retail Store,Electronics,Smartphones,Samsung Galaxy M35,2,21915.47,7,40762.77,34632.86,6129.91,UPI,Delivered,3.0
NR20251203166,2025-12-04,CUST00597,Aman Arora 20,West,Maharashtra,Nagpur,Retail Store,Electronics,Audio,boAt Airdopes 141,1,1398.44,9,1272.58,910.29,362.29,Credit Card,Delivered,1.0
NR20250703593,2025-07-06,CUST00995,Arjun Nair 34,South,Karnataka,Mysuru,Retail Store,Office Supplies,Printing,HP 805 Ink Cartridge,2,1208.76,10,2175.77,1760.28,415.49,Debit Card,Cancelled,0.0
NR20251004588,2025-10-25,CUST00492,Pooja Singh 17,South,Karnataka,Bengaluru,Corporate,Office Supplies,Paper,JK Copier A4 Paper Ream,10,305.22,19,2472.28,1879.71,592.57,Net Banking,Delivered,5.0
NR20250702516,2025-07-02,CUST00790,Meera Joshi 27,West,Maharashtra,Pune,Online,Furniture,Tables,Conference Table 6-Seater,1,27986.77,10,25188.09,20448.76,4739.33,Credit Card,Delivered,4.0
NR20251204503,2025-12-08,CUST00251,Nikhil Patil 9,North,Uttar Pradesh,Noida,Retail Store,Furniture,Desks,IKEA Linnmon Desk,1,8638.29,7,8033.61,5934.37,2099.24,Cash,Returned,7.0
NR20250604789,2025-06-17,CUST00947,Shreya Menon 32,Central,Chhattisgarh,Raipur,Retail Store,Electronics,Laptops,Acer Aspire 5,3,61610.51,5,175589.95,149860.15,25729.8,Cash,Returned,7.0
NR20250800839,2025-08-04,CUST01216,Sakshi Jain 41,South,Tamil Nadu,Coimbatore,Online,Furniture,Desks,Wooden Study Desk,1,6489.01,2,6359.23,4530.9,1828.33,UPI,Delivered,4.0
NR20251101737,2025-11-15,CUST01191,Vikram Sethi 40,South,Andhra Pradesh,Visakhapatnam,Online,Office Supplies,Writing,Cello Ball Pen Pack,4,174.11,5,661.62,454.98,206.64,UPI,Delivered,4.0
NR20250904272,2025-09-26,CUST00680,Varun Bhatia 23,West,Gujarat,Ahmedabad,Corporate,Furniture,Desks,IKEA Linnmon Desk,2,8492.63,4,16305.85,12336.41,3969.44,Credit Card,Delivered,7.0
NR20250803669,2025-08-28,CUST00351,Vikram Sethi 12,West,Goa,Goa,Online,Office Supplies,Printing,Epson 003 Ink Bottle,4,656.83,2,2574.77,1992.79,581.98,Credit Card,Delivered,2.0
NR20250704315,2025-07-12,CUST01230,Sneha Pillai 41,East,Jharkhand,Ranchi,Corporate,Accessories,Bags, Skybags Casual Backpack,20,1911.02,14,32869.54,24577.65,8291.89,Net Banking,Delivered,4.0
NR20250800908,2025-08-30,CUST00244,Ananya Iyer 9,North,Chandigarh,Chandigarh,Corporate,Furniture,Storage,Metal Office Cabinet,10,9538.31,9,86798.62,66894.93,19903.69,Credit Card,Delivered,5.0
NR20250603526,2025-06-06,CUST00685,Manish Tiwari 23,South,Tamil Nadu,Coimbatore,Retail Store,Electronics,Cameras,Canon EOS 1500D,1,45086.59,9,41028.8,33687.82,7340.98,Debit Card, Delivered,2.0
NR20250800097,2025-08-22,CUST00676,Sakshi Jain 23,South,Kerala,Kochi,Online,Accessories,Cables,Belkin USB-C Cable,1,1110.37,15,943.81,647.53,296.28,Net Banking,Delivered,5.0
NR20250801262,2025-08-22,CUST00714,Priya Nanda 24,South,Andhra Pradesh,Visakhapatnam,Online,Electronics,Tablets,Lenovo Tab M11,1,17764.95,7,16521.4,13875.01,2646.39,Debit Card,Delivered,5.0
NR20251103700,2025-11-24,CUST00211,Aarav Sharma 8,West,Gujarat,Ahmedabad,Online,Furniture,Storage,Metal Office Cabinet,1,9061.2,20,7248.96,5518.46,1730.5,Credit Card,Delivered,4.0
NR20251101488,2025-11-24,CUST00188,Kavya Reddy 7,West,Maharashtra,Nagpur,Online,Accessories,Mice,Logitech M331 Mouse,2,1410.95,14,2426.83,1826.78,600.05,UPI,Pending,7.0
NR20250300622,2025-03-08,CUST01224,Priya Nanda 41,East,Odisha,Bhubaneswar,Online,Accessories,Cables,Portronics HDMI Cable,1,672.88,10,605.59,418.18,187.41,Debit Card,Delivered,2.0
NR20250302365,2025-03-15,CUST00257,Shreya Menon 9,Central,Madhya Pradesh,Indore,Online,Office Supplies,Paper,JK Copier A4 Paper Ream,2,331.78,5,630.38,497.83,132.55,UPI,Delivered,5.0
NR20250103742,2025-01-13,CUST00907,Ishaan Kapoor 31,East,West Bengal,Siliguri,Retail Store,Accessories,Webcams,Logitech C270 Webcam,1,2537.1,10,2283.39,1645.05,638.34,Credit Card,Delivered,3.0
NR20250400567,2025-04-27,CUST00490,Meera Joshi 17,South,Karnataka,Mysuru,Retail Store,Electronics,Smartphones,Samsung Galaxy M35,1,22253.47,14,19137.98,16106.17,3031.81,Debit Card,Delivered,6.0
NR20251204274,2025-12-11,CUST00039,Karan Malhotra 2,North,Chandigarh,Chandigarh,Retail Store,Office Supplies,Writing,Cello Ball Pen Pack,10,179.38,9,1632.36,1174.92,457.44,UPI,Delivered,4.0
NR20251103077,2025-11-19,CUST00098,Kavya Reddy 4,North,Uttar Pradesh,Lucknow,Retail Store,Accessories,Webcams,Logitech C270 Webcam,2,2447.58,14,4209.84,3094.24,1115.6,Debit Card,Delivered,5.0
NR20251204288,2025-12-24,CUST01071,Vikram Sethi 36,Central,Madhya Pradesh,Jabalpur,Online,Furniture,Storage,Metal Office Cabinet,1,9578.83,10,8620.95,6616.34,2004.61,Debit Card,Pending,3.0
NR20250100052,2025-01-09,CUST00747,Aman Arora 25,West,Maharashtra,Mumbai,Online,Furniture,Desks,Wooden Study Desk,1,6611.43,12,5818.06,4412.42,1405.64,Credit Card,Delivered,5.0
NR20250203204,2025-02-15,CUST00179,Mohit Saxena 6,East,Odisha,Bhubaneswar,Corporate,Furniture,Office Chairs,Green Soul Monster Chair,5,14935.75,7,69451.24,49126.29,20324.95,UPI,Delivered,7.0
NR20251003107,2025-10-15,CUST00260,Varun Bhatia 9,West,Gujarat,Ahmedabad,Online,Office Supplies,Writing,Classmate Notebook Pack,10,446.72,18,3663.1,2813.3,849.8,UPI,Delivered,1.0
NR20250701742,2025-07-11,CUST00043,Rahul Gupta 2,South,Tamil Nadu,Chennai,Online,Accessories,Webcams,Logitech C270 Webcam,1,2481.08,15,2108.92,1569.89,539.03,UPI,Delivered,3.0
NR20250502060,2025-05-01,CUST00111,Vikram Sethi 4,West,Maharashtra,Nashik,Retail Store,Accessories,Webcams,Logitech C270 Webcam,2,2429.36,7,4518.61,3380.48,1138.13,Debit Card,Delivered,5.0
NR20250800535,2025-08-10,CUST00830,Varun Bhatia 28,West,Gujarat,Ahmedabad,Online,Office Supplies,Writing,Classmate Notebook Pack,4,460.81,10,1658.92,1220.57,438.35,UPI,Delivered,4.0
NR20250804037,2025-08-05,CUST00560,Varun Bhatia 19,Central,Madhya Pradesh,Bhopal,Online,Furniture,Desks,Wooden Study Desk,2,6341.93,15,10781.28,8010.98,2770.3,Credit Card,Delivered,6.0
NR20251003286,2025-10-30,CUST00440,Varun Bhatia 15,West,Gujarat,Vadodara,Retail Store,Office Supplies,Writing,Classmate Notebook Pack,3,410.78,0,1232.34,911.81,320.53,Debit Card,Delivered,3.0
NR20250603797,2025-06-10,CUST01201,Aarav Sharma 41,South,Tamil Nadu,Coimbatore,Retail Store,Office Supplies,Stationery,Faber-Castell Marker Set,2,367.42,5,698.1,554.1,144.0,UPI,Delivered,1.0
NR20250200444,2025-02-28,CUST00399,Karan Malhotra 14,West,Goa,Goa,Online,Office Supplies,Stationery,Faber-Castell Marker Set,5,358.46,10,1613.07,1256.03,357.04,UPI,Delivered,5.0
NR20250801039,2025-08-24,CUST00757,Ishaan Kapoor 26,West,Gujarat,Surat,Online,Office Supplies,Files,Solo Executive File Pack,4,532.79,12,1875.42,1390.82,484.6,Net Banking,Delivered,1.0
NR20251000196,2025-10-08,CUST00208,Isha Banerjee 7,North,Punjab,Amritsar,Online,Accessories,Mice,Logitech M331 Mouse,1,1435.73,10,1292.16,918.18,373.98,UPI,Delivered,5.0
NR20251102479,2025-11-25,CUST00672,Pooja Singh 23,North,Chandigarh,Chandigarh,Corporate,Furniture,Office Chairs,Green Soul Monster Chair,2,14718.74,17,24433.11,18377.26,6055.85,Net Banking,Delivered,4.0
NR20251102168,2025-11-04,CUST00089,Mohit Saxena 3,East,West Bengal,Siliguri,Retail Store,Furniture,Office Chairs,Green Soul Monster Chair,1,14740.92,12,12972.01,9605.0,3367.01,Debit Card,Delivered,5.0
NR20251202182,2025-12-22,CUST01165,Manish Tiwari 39,North,Rajasthan,Jaipur,Online,Office Supplies,Printing,Epson 003 Ink Bottle,4,634.01,0,2536.04,1902.92,633.12,Debit Card,Delivered,1.0
NR20250303759,2025-03-13,CUST01021,Aarav Sharma 35,West,Maharashtra,Nashik,Corporate,Electronics,Tablets,Lenovo Tab M11,2,19363.05,21,30593.62,25979.24,4614.38,Credit Card,Delivered,7.0
NR20251003099,2025-10-09,CUST00812,Aditi Mehta 28,South,Karnataka,Mysuru,Corporate,Electronics,Tablets,Lenovo Tab M11,15,17577.31,24,200381.33,170398.97,29982.36,Credit Card,Delivered,3.0
NR20250701439,2025-07-23,CUST00081,Vikram Sethi 3,South,Tamil Nadu,Chennai,Corporate,Accessories,Mice,Logitech M331 Mouse,3,1532.1,15,3906.85,2800.1,1106.75,Debit Card,Delivered,3.0
NR20250304682,2025-03-04,CUST00516,Diya Shah 18,West,Maharashtra,Pune,Retail Store,Office Supplies,Printing,Epson 003 Ink Bottle,10,659.27,2,6460.85,4913.32,1547.53,UPI,Delivered,4.0
NR20250502635,2025-05-18,CUST00748,Isha Banerjee 25,South,Telangana,Hyderabad,Online,Accessories,Bags,Skybags Casual Backpack,1,1906.67,15,1620.67,1187.56,433.11,UPI,Delivered,6.0
NR20250603013,2025-06-03,CUST00800,Varun Bhatia 27,West,Goa,Goa,Corporate,Furniture,Storage,Wooden Filing Cabinet,2,7907.12,7,14707.24,11333.58,3373.66,Net Banking,Delivered,5.0
NR20250202375,2025-02-28,CUST00934,Ananya Iyer 32,North,Uttar Pradesh,Noida,Online,Furniture,Desks,IKEA Linnmon Desk,2,8620.95,10,15517.71,11469.51,4048.2,Debit Card,Delivered,2.0
NR20250500645,2025-05-31,CUST01003,Rahul Gupta 34,Central,Chhattisgarh,Bilaspur,Corporate,Furniture,Office Chairs,Featherlite Astro Chair,8,10629.15,14,73128.55,52487.54,20641.01,UPI,Delivered,6.0
NR20250403698,2025-04-04,CUST00198,Siddharth Rao 7,East,Jharkhand,Ranchi,Retail Store,Furniture,Storage,Wooden Filing Cabinet,1,7266.55,15,6176.57,4940.6,1235.97,UPI,Delivered,4.0
NR20251203943,2025-12-22,CUST00572,Aditi Mehta 20,East,West Bengal,Siliguri,Online,Accessories,Mice,Logitech M331 Mouse,1,1430.4,10,1287.36,982.21,305.15,Net Banking,Delivered,4.0
NR20250704911,2025-07-19,CUST01176,Diya Shah 40,East,Bihar,Patna,Retail Store,Accessories,Bags,American Tourister Laptop Bag,4,2636.19,15,8963.05,6746.49,2216.56,UPI,Delivered,6.0
NR20251204718,2025-12-24,CUST00926,Simran Kaur 31,West,Maharashtra,Pune,Retail Store,Accessories,Mice,Logitech M331 Mouse,1,1473.81,7,1370.64,983.03,387.61,Debit Card,Delivered,2.0
NR20250100121,2025-01-11,CUST00073,Rahul Gupta 3,West,Goa,Goa,Retail Store,Office Supplies,Printing,Epson 003 Ink Bottle,3,642.63,10,1735.1,1338.72,396.38,Debit Card,Delivered,2.0
NR20250803120,2025-08-05,CUST00805,Manish Tiwari 27,North,Chandigarh,Chandigarh,Retail Store,Office Supplies,Paper,JK Copier A4 Paper Ream,5,314.61,5,1494.4,1161.4,333.0,Cash,Delivered,3.0
NR20250201296,2025-02-05,CUST00239,Mohit Saxena 8,Central,Chhattisgarh,Bilaspur,Corporate,Electronics,Laptops,HP 15s,10,52847.03,2,517900.89,430685.63,87215.26,Credit Card,Cancelled,0.0
NR20250101225,2025-01-30,CUST00505,Manish Tiwari 17,West,Goa,Goa,Retail Store,Electronics,Audio,boAt Airdopes 141,2,1363.43,11,2426.91,1778.93,647.98,Credit Card,Delivered,2.0
NR20250104958,2025-01-09,CUST00802,Yash Agarwal 27,Central,Madhya Pradesh,Jabalpur,Corporate,Furniture,Storage,Wooden Filing Cabinet,20,7795.31,2,152788.08,114699.19,38088.89,Net Banking,Delivered,4.0
NR20250302520,2025-03-03,CUST00487,Ishaan Kapoor 17,South,Karnataka,Mysuru,Retail Store,Office Supplies,Printing,HP 805 Ink Cartridge,4,1247.99,10,4492.76,3751.19,741.57,Credit Card,Delivered,3.0
NR20250202378,2025-02-02,CUST00672,Pooja Singh 23,South,Karnataka,Mysuru,Corporate,Electronics,Laptops,HP 15s,10,53587.97,14,460856.54,400000.55,60855.99,Net Banking,Delivered,6.0
NR20250600135,2025-06-07,CUST01031,Nikhil Patil 35,North,Chandigarh,Chandigarh,Corporate,Electronics,Cameras,Canon EOS 1500D,1,46711.97,17,38770.94,33670.9,5100.04,Net Banking,Delivered,3.0
NR20250902532,2025-09-08,CUST00582,Pooja Singh 20,West,Gujarat,Ahmedabad,Corporate,Accessories,Keyboards,Logitech K120 Keyboard,3,815.21,10,2201.07,1554.21,646.86,Debit Card,Delivered,5.0
NR20251204806,2025-12-15,CUST00621,Vikram Sethi 21,South,Tamil Nadu,Chennai,Online,Accessories,Cables,Portronics HDMI Cable,1,667.84,10,601.06,407.89,193.17,UPI,Delivered,4.0
NR20250501670,2025-05-08,CUST01210,Meera Joshi 41,North,Punjab,Ludhiana,Corporate,Electronics,Laptops,Acer Aspire 5,15,63853.73,12,842869.24,695488.24,147381.0,Net Banking,Delivered,6.0
NR20250304903,2025-03-14,CUST00667,Ishaan Kapoor 23,West,Maharashtra,Nashik,Online,Office Supplies,Writing,Classmate Notebook Pack,1,446.66,5,424.33,330.33,94.0,Credit Card,Delivered,5.0
NR20251100185,2025-11-03,CUST01141,Aarav Sharma 39,South,Andhra Pradesh,Visakhapatnam,Retail Store,Office Supplies,Printing,HP 805 Ink Cartridge,10,1258.97,10,11330.73,9402.1,1928.63,UPI,Delivered,3.0
NR20251103064,2025-11-07,CUST00737,Shreya Menon 25,South,Tamil Nadu,Chennai,Retail Store,Office Supplies,Stationery,Kangaro Stapler Set,1,291.66,5,277.08,199.35,77.73,Cash,Delivered,4.0
NR20250404604,2025-04-18,CUST00541,Aarav Sharma 19,West,Maharashtra,Pune,Corporate,Accessories,Mice,Logitech M331 Mouse,10,1439.61,7,13388.37,10063.95,3324.42,Credit Card,Returned ,7.0
NR20250300512,2025-03-28,CUST00212,Aditi Mehta 8,North,Punjab,Amritsar,Retail Store,Accessories,Power Banks,Ambrane 20000mAh Power Bank,1,1658.82,7,1542.7,1153.02,389.68,UPI,Delivered,3.0
NR20250803789,2025-08-06,CUST00025,Manish Tiwari 1,South,Kerala,Kochi,Online,Office Supplies,Paper,JK Copier A4 Paper Ream,3,315.69,7,880.78,680.76,200.02,UPI,Delivered,1.0
NR20250400063,2025-04-16,CUST00602,Aditi Mehta 21,North,Delhi,Delhi,Corporate,Office Supplies,Printing,HP 805 Ink Cartridge,2,1249.62,7,2324.29,1907.09,417.2,Debit Card,Delivered,6.0
NR20250603353,2025-06-24,CUST00664,Ananya Iyer 23,West,Gujarat,Vadodara,Online,Furniture,Office Chairs,Green Soul Monster Chair,2,14270.72,0,28541.44,20628.32,7913.12,UPI,Delivered,1.0
NR20250702749,2025-07-18,CUST00390,Sneha Pillai 13,North,Rajasthan,Jaipur,Corporate,Electronics,Cameras,Canon EOS 1500D,1,45938.51,17,38128.96,32420.61,5708.35,Debit Card,Delivered,4.0
NR20251103827,2025-11-10,CUST00066,Diya Shah 3,West,Gujarat,Vadodara,Online,Accessories,Bags,American Tourister Laptop Bag,2,2530.01,2,4958.82,3956.91,1001.91,Credit Card,Delivered,5.0
NR20251000813,2025-10-06,CUST00624,Priya Nanda 21,Central,Madhya Pradesh,Jabalpur,Online,Office Supplies,Printing,Epson 003 Ink Bottle,3,646.05,0,1938.15,1510.92,427.23,UPI,Delivered,3.0
NR20250101505,2025-01-30,CUST00506,Simran Kaur 17,West,Gujarat,Ahmedabad,Online,Electronics,Cameras,Canon EOS 1500D,2,44514.54,5,84577.63,71305.73,13271.9,UPI,Delivered,6.0
NR20250300252,2025-03-22,CUST01206,Diya Shah 41,South,Telangana,Hyderabad,Retail Store,Electronics,Monitors,LG 24MP60G,3,12555.33,14,32392.75,26326.18,6066.57,UPI,Delivered,2.0
NR20250200626,2025-02-25,CUST00779,Mohit Saxena 26,West,Gujarat,Vadodara,Online,Furniture,Storage,Metal Office Cabinet,3,9119.21,18,22433.26,16377.31,6055.95,Debit Card,Delivered,3.0
NR20250702616,2025-07-05,CUST00245,Arjun Nair 9,North,Delhi,Delhi,Corporate,Electronics,Monitors,LG 24MP60G,15,12489.62,12,164862.98,131656.7,33206.28,Net Banking,Delivered,4.0
NR20250102143,2025-01-06,CUST01215,Rohan Kulkarni 41,South,Kerala,Kochi,Retail Store,Office Supplies,Stationery,Faber-Castell Marker Set,4,358.86,7,1334.96,979.33,355.63,Debit Card,Delivered,5.0
NR20250100795,2025-01-02,CUST00857,Shreya Menon 29,North,Punjab,Amritsar,Retail Store,Furniture,Storage,Metal Office Cabinet,1,9101.28,5,8646.22,6750.69,1895.53,UPI,Delivered,4.0
NR20250402352,2025-04-01,CUST01005,Rohan Kulkarni 34,SOUTH,Karnataka,Mysuru,Retail Store,Electronics,Smartphones,Samsung Galaxy M35,1,21627.87,2,21195.31,18609.75,2585.56,Cash,Delivered,4.0
NR20251000123,2025-10-02,CUST00945,Rohan Kulkarni 32,West,Maharashtra,Nashik,Retail Store,Furniture,Storage,Metal Office Cabinet,1,9410.36,7,8751.63,6780.37,1971.26,Cash,Delivered,3.0
NR20250102878,2025-01-20,CUST01088,Kavya Reddy 37,West,Gujarat,Ahmedabad,Retail Store,Electronics,Smartphones,OnePlus Nord CE,1,24151.88,12,21253.65,18934.61,2319.04,Debit Card,Delivered,
NR20250801724,2025-08-01,CUST01086,Diya Shah 37,North,Delhi,Delhi,Retail Store,Electronics,Tablets,Lenovo Tab M11,1,18534.99,20,14827.99,12201.34,2626.65,Credit Card,Delivered,4.0
NR20251202288,2025-12-04,CUST00648,Siddharth Rao 22,West,Goa,Goa,Retail Store,Accessories,Keyboards,Logitech K120 Keyboard,1,855.18,4,820.97,592.57,228.4,Cash,Delivered,5.0
NR20251002527,2025-10-12,CUST00660,Sneha Pillai 22,Central,Madhya Pradesh,Bhopal,Online,Electronics,Audio,JBL Tune 770NC,1,7215.25,14,6205.11,4736.75,1468.36,UPI,Delivered,3.0
NR20250803063,2025-08-08,CUST00527,Shreya Menon 18,North,Uttarakhand,Dehradun,Online,Furniture,Office Chairs,Featherlite Astro Chair,4,10264.29,18,33666.87,23697.02,9969.85,UPI,Delivered,5.0
NR20250800568,2025-08-06,CUST00143,Neha Chawla 5,North,Uttar Pradesh,Noida,Corporate,Office Supplies,Printing,Epson 003 Ink Bottle,8,652.38,7,4853.71,3842.29,1011.42,Credit Card,Delivered,5.0
NR20251103796,2025-11-20,CUST01145,Arjun Nair 39,West,Gujarat,Surat,Online,Accessories,Power Banks,Ambrane 20000mAh Power Bank,1,1706.87,12,1502.05,1110.53,391.52,Net Banking,Delivered,3.0
NR20250103287,2025-01-13,CUST00275,Arjun Nair 10,North,Delhi,Delhi,Corporate,Accessories,Keyboards,Logitech K120 Keyboard,5,819.62,0,4098.1,2802.55,1295.55,Debit Card,Delivered,
NR20250500694,2025-05-12,CUST00098,Kavya Reddy 4,West,Gujarat,Surat,Retail Store,Electronics,Laptops,Acer Aspire 5,1,61663.5,11,54880.51,45484.7,9395.81,UPI,Delivered,1.0
NR20250703619,2025-07-04,CUST00871,Aarav Sharma 30,West,Gujarat,Surat,Corporate,Electronics,Smartphones,OnePlus Nord CE,5,25248.11,10,113616.5,99126.86,14489.64,Net Banking,Delivered,3.0
NR20251103898,2025-11-06,CUST00302,Aditi Mehta 11,South,Karnataka, Mysuru,Online,Furniture,Desks,Wooden Study Desk,1,6722.15,7,6251.6,4578.47,1673.13,UPI,Delivered,3.0
NR20250604671,2025-06-10,CUST00959,Mohit Saxena 32,West,Goa,Goa,Corporate,Electronics,Smartphones,OnePlus Nord CE,8,25290.51,9,184114.91,161049.98,23064.93,Credit Card,Delivered,4.0
NR20250501979,2025-05-30,CUST00230,Varun Bhatia 8,West,Goa,Goa,Online,Electronics,Audio,boAt Airdopes 141,1,1365.93,5,1297.63,965.48,332.15,Net Banking,Delivered,2.0
NR20250704787,2025-07-29,CUST01028,Kavya Reddy 35,West,Maharashtra,Pune,Corporate,Accessories,Cables,Belkin USB-C Cable,10,1092.68,7,10161.92,7337.47,2824.45,Credit Card,Delivered,6.0
NR20250301095,2025-03-28,CUST01017,Aman Arora 34,South,Andhra Pradesh,Vijayawada,Online,Office Supplies,Paper,JK Copier A4 Paper Ream,10,331.7,10,2985.3,2315.77,669.53,Debit Card,Pending,6.0
NR20251102228,2025-11-15,CUST00174,Priya Nanda 6,North,Uttarakhand,Dehradun,Retail Store,Electronics,Laptops,HP 15s,1,55349.33,14,47600.42,41033.06,6567.36,Debit Card,Delivered,3.0
NR20250100721,2025-01-21,CUST01126,Sakshi Jain 38,South,Tamil Nadu,Coimbatore,Retail Store,Accessories,Bags,Skybags Casual Backpack,1,1817.29,5,1726.43,1307.48,418.95,Credit Card,Delivered,3.0
NR20250104955,2025-01-12,CUST01058,Kavya Reddy 36,Central,Madhya Pradesh,Bhopal,Retail Store,Electronics,Monitors,LG 24MP60G,1,12695.17,17,10536.99,8698.28,1838.71,Debit Card,Pending,4.0
NR20250502099,2025-05-28,CUST01017,Aman Arora 34,South,Andhra Pradesh,Visakhapatnam,Online,Office Supplies,Files,Solo Executive File Pack,3,525.35,5,1497.25,1206.62,290.63,Credit Card,Delivered,4.0
NR20250804957,2025-08-31,CUST00747,Aman Arora 25,North,Punjab,Ludhiana,Corporate,Furniture,Office Chairs,Green Soul Monster Chair,2,14424.86,2,28272.73,20822.88,7449.85,UPI,Delivered,4.0
NR20250301814,2025-03-15,CUST00066,Diya Shah 3,West,Gujarat,Surat,Corporate,Accessories,Mice,Logitech M331 Mouse,2,1482.28,7,2757.04,1981.03,776.01,Net Banking,Returned,8.0
NR20250303297,2025-03-21,CUST00750,Sneha Pillai 25,South,Andhra Pradesh,Vijayawada,Retail Store,Electronics,Cameras,Canon EOS 1500D,1,45244.23,14,38910.04,33484.94,5425.1,Cash,Delivered,1.0
NR20251000603,2025-10-21,CUST00713,Neha Chawla 24,North,Punjab,Ludhiana,Retail Store,Office Supplies,Stationery,Faber-Castell Marker Set,2,360.27,12,634.08,479.68,154.4,UPI,Delivered,3.0
NR20250704404,2025-07-15,CUST00386,Simran Kaur 13,South,Kerala,Kochi,Corporate,Accessories,Mice,Logitech M331 Mouse,1,1401.64,7,1303.53,945.85,357.68,Debit Card,Delivered,5.0
NR20250601618,2025-06-19,CUST01110,Sneha Pillai 37,South,Andhra Pradesh,Vijayawada,Online,Accessories,Cables,Belkin USB-C Cable,1,1136.84,7,1057.26,703.05,354.21,Credit Card,Cancelled,0.0
NR20251101127,2025-11-25,CUST00055,Manish Tiwari 2,Central,Madhya Pradesh,Bhopal,Corporate,Electronics,Tablets,Lenovo Tab M11,3,18289.01,22,42796.28,35073.95,7722.33,UPI,Delivered,5.0
NR20250103564,2025-01-11,CUST00979,Tanvi Deshmukh 33,South,Karnataka,Bengaluru,Corporate,Electronics,Laptops,HP 15s,5,53881.49,7,250548.93,216758.15,33790.78,UPI,Delivered,3.0
NR20250700319,2025-07-19,CUST01065,Rohan Kulkarni 36,West,Maharashtra,Mumbai,Retail Store,Accessories,Power Banks,Ambrane 20000mAh Power Bank,2,1709.17,7,3179.06,2423.21,755.85,Credit Card,Delivered,3.0
NR20251202419,2025-12-24,CUST00255,Rohan Kulkarni 9,East,Odisha,Bhubaneswar,Online,Accessories,Power Banks,Ambrane 20000mAh Power Bank,1,1731.91,12,1524.08,1201.79,322.29,Credit Card,Delivered,6.0
NR20250203341,2025-02-26,CUST00813,Aditya Verma 28,Central,Madhya Pradesh,Indore,Retail Store,Accessories,Cables,Portronics HDMI Cable,2,647.84,5,1230.9,841.42,389.48,Debit Card,Delivered,4.0
NR20250300275,2025-03-06,CUST00074,Riya Das 3,North,Uttarakhand,Dehradun,Online,Furniture,Tables,Conference Table 6-Seater,4,27656.57,0,110626.28,89705.04,20921.24,UPI,Pending,7.0
NR20251202214,2025-12-18,CUST00671,Nikhil Patil 23,South,Tamil Nadu,Coimbatore,Online,Furniture,Desks,IKEA Linnmon Desk,3,8484.18,10,22907.29,17698.93,5208.36,Credit Card,Delivered,3.0
NR20251200550,2025-12-16,CUST00514,Ananya Iyer 18,North,Punjab,Ludhiana,Corporate,Accessories,Power Banks,Ambrane 20000mAh Power Bank,20,1763.31,19,28565.62,22061.7,6503.92,Net Banking,Delivered,3.0
NR20250203216,2025-02-26,CUST00250,Meera Joshi 9,West,Gujarat,Vadodara,Online,Accessories,Power Banks,Ambrane 20000mAh Power Bank,1,1665.82,2,1632.5,1259.73,372.77,Credit Card,Delivered,1.0
NR20250904075,2025-09-10,CUST00818,Kavya Reddy 28,North,Uttar Pradesh,Noida,Retail Store,Electronics,Monitors,LG 24MP60G,3,12296.39,10,33200.25,27300.79,5899.46,Credit Card,Delivered,2.0
NR20251004962,2025-10-06,CUST01153,Rahul Gupta 39,South,Karnataka,Bengaluru,Online,Office Supplies,Stationery,Kangaro Stapler Set,8,282.75,10,2035.8,1524.47,511.33,Credit Card,Delivered,5.0
NR20250403993,2025-04-12,CUST00763,Rahul Gupta 26,West,Maharashtra,Pune,Online,Electronics,Audio,boAt Airdopes 141,1,1381.61,7,1284.9,944.66,340.24,Debit Card,Delivered,4.0
NR20251100606,2025-11-16,CUST00910,Meera Joshi 31,East,West Bengal,Siliguri,Retail Store,Furniture,Tables,Conference Table 6-Seater,5,27845.98,2,136445.3,102617.88,33827.42,Debit Card,Delivered,5.0
NR20250801534,2025-08-19,CUST00235,Manish Tiwari 8,West,Maharashtra,Mumbai,Corporate,Electronics,Laptops,HP 15s,8,52623.78,12,370471.41,313881.64,56589.77,Debit Card,Delivered,4.0
NR20251200528,2025-12-29,CUST00542,Aditi Mehta 19,West,Maharashtra,Nagpur,Retail Store,Accessories,Cables,Belkin USB-C Cable,2,1087.06,15,1848.0,1356.04,491.96,Cash,Delivered,2.0
NR20251103835,2025-11-09,CUST01242,Pooja Singh 42,South,Kerala,Kochi,Online,Furniture,Tables,Conference Table 6-Seater,2,29224.97,10,52604.95,41824.11,10780.84,Credit Card,Delivered,5.0
NR20250402415,2025-04-13,CUST00550,Meera Joshi 19,South,Telangana,Hyderabad,Retail Store,Electronics,Smartphones,OnePlus Nord CE,1,25080.53,10,22572.48,19523.83,3048.65,Credit Card,Delivered,3.0
NR20250902481,2025-09-30,CUST01229,Mohit Saxena 41,North,Chandigarh,Chandigarh,Retail Store,Furniture,Office Chairs,Featherlite Astro Chair,1,10669.25,10,9602.33,6862.15,2740.18,Debit Card,Delivered,2.0
NR20251000830,2025-10-16,CUST00317,Shreya Menon 11,South,Kerala,Kochi,Online,Office Supplies,Writing,Cello Ball Pen Pack,4,188.46,12,663.38,469.93,193.45,UPI,Delivered,6.0
NR20250803886,2025-08-22,CUST00936,Diya Shah 32,Central,Madhya Pradesh,Indore,Retail Store,Electronics,Monitors,LG 24MP60G,1,12360.51,4,11866.09,9797.92,2068.17,UPI,Delivered,5.0
NR20250904895,2025-09-27,CUST00466,Sakshi Jain 16,South,Kerala,Kochi,Online,Electronics,Laptops,Acer Aspire 5,2,60852.31,0,121704.62,104705.14,16999.48,Debit Card,Delivered,3.0
NR20250502226,2025-05-17,CUST00280,Meera Joshi 10,South,Andhra Pradesh,Visakhapatnam,Retail Store,Accessories,Bags,American Tourister Laptop Bag,1,2551.6,5,2424.02,1828.43,595.59,Credit Card,Delivered,2.0
NR20250103182,2025-01-04,CUST00608,Kavya Reddy 21,South,Kerala,Kochi,Online,Office Supplies,Stationery,Kangaro Stapler Set,2,278.84,5,529.8,390.04,139.76,UPI,Delivered,6.0
NR20250100299,2025-01-24,CUST00016,Sakshi Jain 1,West,Gujarat,Vadodara,Online,Furniture,Storage,Metal Office Cabinet,1,9013.91,7,8382.94,6289.46,2093.48,UPI,Pending,6.0
NR20251200069,2025-12-15,CUST00063,Aditya Verma 3,South,Tamil Nadu,Coimbatore,Online,Office Supplies,Printing,Epson 003 Ink Bottle,5,656.63,10,2954.84,2387.64,567.2,Net Banking,Delivered,3.0
NR20250502611,2025-05-04,CUST01070,Varun Bhatia 36,West,Goa,Goa,Online,Electronics,Cameras,Canon EOS 1500D,1,46515.74,14,40003.54,34132.77,5870.77,Debit Card,Delivered,3.0
NR20250901659,2025-09-23,CUST00696,Diya Shah 24,West,Goa,Goa,Corporate,Electronics,Smartphones,Samsung Galaxy M35,15,22496.87,11,300333.21,265210.9,35122.31,Credit Card,Delivered,5.0
NR20251102227,2025-11-18,CUST00764,Riya Das 26,West,Gujarat,Vadodara,Online,Electronics,Audio,boAt Airdopes 141,3,1390.95,4,4005.94,2760.9,1245.04,Debit Card,Delivered,4.0
NR20251003838,2025-10-12,CUST00795,Rohan Kulkarni 27,West,Gujarat,Ahmedabad,Corporate,Furniture,Storage,Metal Office Cabinet,5,8746.16,2,42856.18,33833.69,9022.49,Credit Card,Delivered,3.0
NR20250501920,2025-05-27,CUST00657,Aman Arora 22,South,Kerala,Kochi,Corporate,Office Supplies,Printing,HP 805 Ink Cartridge,2,1257.24,10,2263.03,1796.8,466.23,UPI,Returned,3.0
NR20250804162,2025-08-12,CUST00703,Rahul Gupta 24,West,Gujarat,Ahmedabad,Retail Store,Office Supplies,Writing,Classmate Notebook Pack,4,462.22,2,1811.9,1397.78,414.12,UPI,Delivered,1.0
NR20251101406,2025-11-19,CUST01128,Siddharth Rao 38,East,Bihar,Patna,Online,Electronics,Audio,boAt Airdopes 141,2,1426.37,17,2367.77,1701.01,666.76,UPI,Delivered,6.0
NR20250700151,2025-07-14,CUST00322,Yash Agarwal 11,South,Kerala,Kochi,Retail Store,Electronics,Smartphones,OnePlus Nord CE,2,25263.93,12,44464.52,37257.66,7206.86,Cash,Delivered,4.0
NR20250800757,2025-08-30,CUST00002,Aditi Mehta 1,West,Maharashtra,Mumbai,Retail Store,Office Supplies,Stationery,Kangaro Stapler Set,3,275.2,5,784.32,598.43,185.89,Credit Card,Delivered,3.0
NR20250904443,2025-09-11,CUST01156,Sakshi Jain 39,South,Telangana,Hyderabad,Online,Accessories,Mice,Logitech M331 Mouse,3,1482.08,7,4135.0,3071.82,1063.18,Credit Card,Delivered,1.0
NR20250902544,2025-09-15,CUST00536,Simran Kaur 18,West,Maharashtra,Nagpur,Corporate,Accessories,Mice,Logitech M331 Mouse,20,1434.77,23,22095.46,16351.22,5744.24,UPI,Delivered,4.0
NR20250202122,2025-02-06,CUST01112,Aditi Mehta 38,East,West Bengal,Kolkata,Online,Office Supplies,Paper,JK Copier A4 Paper Ream,3,323.05,12,852.85,672.22,180.63,UPI,Delivered,3.0
NR20250303716,2025-03-16,CUST00148,Isha Banerjee 5,North,Chandigarh,Chandigarh,Online,Electronics,Audio,boAt Airdopes 141,1,1450.52,0,1450.52,1057.42,393.1,Debit Card,Delivered,1.0
NR20250104773,2025-01-17,CUST00731,Nikhil Patil 25,East,Bihar,Patna,Retail Store,Office Supplies,Printing,HP 805 Ink Cartridge,3,1253.63,15,3196.76,2653.59,543.17,Credit Card,Delivered,3.0
NR20250403438,2025-04-11,CUST01107,Aman Arora 37,North,Rajasthan,Jaipur,Online,Electronics,Laptops,Acer Aspire 5,3,62140.66,7,173372.44,142198.68,31173.76,UPI,Delivered,4.0
NR20251202322,2025-12-06,CUST00243,Aditya Verma 9,South,Karnataka,Bengaluru,Online,Electronics,Audio,JBL Tune 770NC,1,7001.21,2,6861.19,5256.48,1604.71,UPI,Delivered,5.0
NR20250900377,2025-09-01,CUST01022,Aditi Mehta 35,Central,Madhya Pradesh,Indore,Corporate,Office Supplies,Writing,Cello Ball Pen Pack,8,180.61,9,1314.84,929.81,385.03,Debit Card,Delivered,4.0
NR20251201076,2025-12-27,CUST00924,Priya Nanda 31,North,Rajasthan,Jaipur,Online,Office Supplies,Printing,Epson 003 Ink Bottle,2,650.19,4,1248.36,997.12,251.24,Credit Card,Delivered,4.0
NR20250302373,2025-03-19,CUST00523,Rahul Gupta 18,South,Tamil Nadu,Coimbatore,Retail Store,Electronics,Laptops,HP 15s,1,52467.59,2,51418.24,42895.98,8522.26,Debit Card,Delivered,4.0
NR20250800860,2025-08-12,CUST00942,Pooja Singh 32,West,Gujarat,Vadodara,Online,Furniture,Storage,Wooden Filing Cabinet,1,7568.56,7,7038.76,5244.78,1793.98,Credit Card,Delivered,4.0
NR20251101895,2025-11-26,CUST00162,Pooja Singh 6,West,Goa,Goa,Corporate,Furniture,Tables,Conference Table 6-Seater,3,28298.94,10,76407.14,60613.33,15793.81,Credit Card,Delivered,3.0
NR20250401537,2025-04-11,CUST00666,Diya Shah 23,North,Rajasthan,Jaipur,Retail Store,Electronics,Cameras,Canon EOS 1500D ,2,46307.92,14,79649.62,69812.93,9836.69,Credit Card,Delivered,3.0
NR20250300379,2025-03-18,CUST00663,Aditya Verma 23,Central,Madhya Pradesh,Jabalpur,Online,Office Supplies,Writing,Classmate Notebook Pack,1,462.4,2,453.15,333.37,119.78,Debit Card,Delivered,5.0
NR20250901336,2025-09-10,CUST00864,Priya Nanda 29,North,Punjab,Ludhiana,Retail Store,Office Supplies,Stationery,Kangaro Stapler Set,3,285.86,7,797.55,598.32,199.23,Credit Card,Delivered,2.0
NR20251001361,2025-10-19,CUST01143,Aditya Verma 39,North,Delhi,Delhi,Online,Accessories,Bags,Skybags Casual Backpack,2,1883.27,12,3314.56,2396.29,918.27,Credit Card,Delivered,5.0
NR20251203738,2025-12-07,CUST00674,Riya Das 23,North,Delhi,Delhi,Retail Store,Electronics,Cameras,Canon EOS 1500D,5,45649.86,11,203141.88,173986.57,29155.31,Debit Card,Delivered,2.0
NR20250902875,2025-09-01,CUST01116,Diya Shah 38,South,Tamil Nadu,Chennai,Online,Office Supplies,Writing,Cello Ball Pen Pack,3,180.49,5,514.4,374.16,140.24,Credit Card,Delivered,4.0
NR20250703362,2025-07-05,CUST00381,Vikram Sethi 13,Central,Madhya Pradesh,Indore,Retail Store,Furniture,Office Chairs,Green Soul Monster Chair,3,14993.27,10,40481.83,30394.35,10087.48,UPI,Cancelled,0.0
NR20250201993,2025-02-07,CUST00194,Riya Das 7,North,Uttar Pradesh,Noida,Retail Store,Office Supplies,Writing,Cello Ball Pen Pack,5,178.42,18,731.52,539.51,192.01,Cash,Delivered,5.0
NR20250103869,2025-01-19,CUST00015,Rohan Kulkarni 1,West,Maharashtra,Nagpur,Retail Store,Electronics,Laptops,HP 15s,1,52763.32,7,49069.89,41059.82,8010.07,UPI,Delivered,3.0
NR20250202634,2025-02-24,CUST00546,Diya Shah 19,West,Gujarat,Ahmedabad,Online,Furniture,Storage,Metal Office Cabinet,1,9159.76,10,8243.78,6172.01,2071.77,Credit Card,Delivered,2.0
NR20251202388,2025-12-18,CUST00997,Ishaan Kapoor 34,South,Andhra Pradesh,Vijayawada,Retail Store,Electronics,Laptops,HP 15s,3,56400.04,6,159048.11,136753.14,22294.97,Cash,Delivered,3.0
NR20251204362,2025-12-19,CUST00160,Meera Joshi 6,South,Kerala,Kochi,Online,Accessories,Bags,Skybags Casual Backpack,1,1888.4,10,1699.56,1310.88,388.68,Net Banking,Delivered,3.0
NR20250702987,2025-07-12,CUST00888,Siddharth Rao 30,Central,Chhattisgarh,Raipur,Retail Store,Accessories,Webcams,Logitech C270 Webcam ,2,2529.83,10,4553.69,3410.4,1143.29,Debit Card,Delivered,2.0
NR20251104122,2025-11-15,CUST00613,Rahul Gupta 21,West,Maharashtra,Nagpur,Corporate,Electronics,Smartphones,OnePlus Nord CE,3,24849.25,15,63365.59,54830.63,8534.96,Credit Card,Delivered,2.0
NR20250100795,2025-01-02,CUST00857,Shreya Menon 29,North,Punjab,Amritsar,Retail Store,Furniture,Storage,Metal Office Cabinet,1,9101.28,5,8646.22,6750.69,1895.53,UPI,Delivered,4.0
NR20250302577,2025-03-06,CUST01188,Siddharth Rao 40,North,Uttar Pradesh,Noida,Retail Store,Electronics,Laptops,HP 15s,2,52351.49,10,94232.68,80421.02,13811.66,Debit Card,Returned,8.0
NR20251100842,2025-11-06,CUST00650,Varun Bhatia 22,West,Maharashtra,Pune,Retail Store,Office Supplies,Stationery,Faber-Castell Marker Set,5,361.09,15,1534.63,1155.49,379.14,Credit Card,Delivered,4.0
NR20250902345,2025-09-04,CUST00367,Ishaan Kapoor 13,West,Goa,Goa,Retail Store,Office Supplies,Writing,Classmate Notebook Pack,3,451.47,12,1191.88,910.47,281.41,Debit Card,Delivered,3.0
NR20250501922,2025-05-23,CUST00158,Kavya Reddy 6,Central,Chhattisgarh,Bilaspur,Online,Electronics,Audio,boAt Airdopes 141,1,1351.32,4,1297.27,951.02,346.25,Credit Card, Delivered,5.0
NR20250300176,2025-03-13,CUST00643,Rahul Gupta 22,South,Tamil Nadu,Coimbatore,Retail Store,Accessories,Bags,Skybags Casual Backpack,3,1927.75,12,5089.26,3762.71,1326.55,UPI,Delivered,3.0
NR20250503400,2025-05-16,CUST00417,Aman Arora 14,South,Karnataka,Mysuru,Online,Electronics,Smartphones,Samsung Galaxy M35,3,22317.75,7,62266.52,55469.76,6796.76,Net Banking,Returned,2.0
NR20251102820,2025-11-27,CUST00865,Manish Tiwari 29,West,Goa,Goa,Online,Office Supplies,Writing,Classmate Notebook Pack,10,455.83,10,4102.47,3129.21,973.26,Credit Card,Delivered,2.0
NR20250402019,2025-04-18,CUST00689,Mohit Saxena 23,West,Maharashtra,Mumbai,Retail Store,Accessories,Power Banks,Ambrane 20000mAh Power Bank,1,1726.36,10,1553.72,1212.14,341.58,UPI,Delivered,4.0
NR20250500046,2025-05-25,CUST00667,Ishaan Kapoor 23,South,Andhra Pradesh,Vijayawada,Retail Store,Furniture,Office Chairs,Green Soul Monster Chair,3,14096.4,2,41443.42,29862.42,11581.0,UPI,Delivered,4.0
NR20250702835,2025-07-28,CUST01175,Arjun Nair 40,West,Gujarat,Surat,Online,Office Supplies,Writing,Cello Ball Pen Pack,1,181.91,5,172.81,120.42,52.39,UPI,Delivered,2.0
NR20250103465,2025-01-17,CUST00020,Varun Bhatia 1,North,Uttar Pradesh,Noida,Retail Store,Electronics,Smartphones,OnePlus Nord CE,1,25364.11,15,21559.49,19211.73,2347.76,Cash,Delivered,4.0
NR20250801136,2025-08-27,CUST00153,Aditya Verma 6,East,Bihar,Patna,Corporate,Electronics,Audio,JBL Tune 770NC,8,6916.84,5,52567.98,39922.4,12645.58,Net Banking,Delivered,5.0
NR20251203044,2025-12-08,CUST01184,Riya Das 40,South,Karnataka,Mysuru,Retail Store,Electronics,Tablets,Lenovo Tab M11,5,18595.96,7,86471.21,74172.19,12299.02,Debit Card,Delivered,4.0
NR20250400897,2025-04-28,CUST00552,Pooja Singh 19,North,Punjab,Amritsar,Corporate,Furniture,Storage,Wooden Filing Cabinet,5,7837.66,15,33310.06,26117.37,7192.69,Net Banking,Delivered,2.0
NR20250601757,2025-06-13,CUST00491,Nikhil Patil 17,West,Maharashtra,Nagpur,Retail Store,Furniture,Tables,Conference Table 6-Seater,1,27674.19,10,24906.77,19494.62,5412.15,Debit Card,Delivered,2.0
NR20251101718,2025-11-21,CUST00309,Karan Malhotra 11,East,Jharkhand,Ranchi,Retail Store,Electronics,Monitors,LG 24MP60G,2,12520.33,9,22787.0,18810.72,3976.28,Credit Card,Delivered,6.0
NR20250501245,2025-05-19,CUST00999,Karan Malhotra 34,North,Rajasthan,Jaipur,Corporate,Furniture,Storage,Wooden Filing Cabinet,15,7937.6,7,110729.52,82655.45,28074.07,Net Banking,Delivered,8.0
NR20250901834,2025-09-20,CUST00772,Yash Agarwal 26,South,Telangana,Hyderabad,Retail Store,Office Supplies,Printing,HP 805 Ink Cartridge,3,1239.55,15,3160.85,2609.73,551.12,Cash,Delivered,5.0
NR20251104914,2025-11-17,CUST00781,Aarav Sharma 27,South,Andhra Pradesh,Vijayawada,Retail Store,Accessories,Bags,American Tourister Laptop Bag,2,2500.4,7,4650.74,3461.19,1189.55,Cash,Delivered,1.0
NR20250103602,2025-01-01,CUST00487,Ishaan Kapoor 17,West,Gujarat,Ahmedabad,Retail Store,Furniture,Office Chairs,Green Soul Monster Chair,1,14632.6,12,12876.69,8891.11,3985.58,Cash,Delivered,5.0
NR20251003198,2025-10-18,CUST00827,Shreya Menon 28,West,Gujarat,Vadodara,Online,Electronics,Audio,JBL Tune 770NC,1,7237.34,17,6006.99,4597.46,1409.53,Debit Card,Delivered,5.0
NR20250202128,2025-02-01,CUST00726,Diya Shah 25,South,Andhra Pradesh,Vijayawada,Corporate,Electronics,Audio,JBL Tune 770NC,3,7235.72,14,18668.16,14407.84,4260.32,Credit Card,Delivered,6.0
NR20251202496,2025-12-08,CUST00766,Sakshi Jain 26,South,Kerala,Kochi,Online,Furniture,Desks,Wooden Study Desk,3,6529.06,7,18216.08,13171.23,5044.85,Credit Card,Delivered,3.0
NR20250900284,2025-09-14,CUST00192,Pooja Singh 7,North,Uttar Pradesh,Noida,Online,Furniture,Office Chairs,Green Soul Monster Chair,2,14170.83,10,25507.49,19095.26,6412.23,UPI,Delivered,3.0
NR20251201617,2025-12-24,CUST00143,Neha Chawla 5,West,Maharashtra,Mumbai,Online,Furniture,Storage,Wooden Filing Cabinet,1,7831.98,10,7048.78,5386.6,1662.18,UPI,Delivered,3.0
NR20250604575,2025-06-10,CUST00449,Mohit Saxena 15,South,Tamil Nadu, Chennai,Online,Office Supplies,Files,Solo Executive File Pack,2,518.29,5,984.75,790.36,194.39,UPI,Delivered,3.0
NR20251102771,2025-11-10,CUST00009,Karan Malhotra 1,West,Maharashtra,Nagpur,Retail Store,Electronics,Audio,boAt Airdopes 141,3,1413.67,0,4241.01,3050.81,1190.2,Debit Card,Delivered,1.0
NR20251004910,2025-10-08,CUST00819,Karan Malhotra 28,East,Bihar,Patna,Online,Furniture,Tables,Conference Table 6-Seater,3,29060.15,15,74103.38,59448.65,14654.73,UPI,Delivered,9.0
NR20250502958,2025-05-06,CUST00502,Yash Agarwal 17,EAST,Odisha,Bhubaneswar,Retail Store,Office Supplies,Writing,Cello Ball Pen Pack,3,169.47,5,482.99,356.55,126.44,UPI,Delivered,4.0
NR20250701633,2025-07-05,CUST01110,Sneha Pillai 37,South,Kerala,Kochi,Online,Electronics,Smartphones,OnePlus Nord CE,1,25073.6,14,21563.3,18783.3,2780.0,UPI,Delivered,4.0
NR20250701056,2025-07-18,CUST00920,Varun Bhatia 31,West,Maharashtra,Pune,Retail Store,Furniture,Desks,Wooden Study Desk,1,6663.01,10,5996.71,4431.92,1564.79,UPI,Delivered,3.0
NR20250801210,2025-08-03,CUST00033,Aditya Verma 2,Central,Madhya Pradesh,Indore,Retail Store,Electronics,Tablets,Lenovo Tab M11,2,17070.34,12,30043.8,24769.89,5273.91,Cash,Delivered,4.0
NR20250902903,2025-09-22,CUST00754,Ananya Iyer 26,West,Gujarat,Ahmedabad,Retail Store,Office Supplies,Writing,Cello Ball Pen Pack,2,176.02,5,334.44,247.62,86.82,Cash,Delivered,3.0
NR20250102134,2025-01-09,CUST00227,Shreya Menon 8,North,Uttar Pradesh,Lucknow,Retail Store,Office Supplies,Stationery,Kangaro Stapler Set,3,280.54,7,782.71,581.25,201.46,Debit Card, Delivered,4.0
NR20250702802,2025-07-09,CUST00831,Vikram Sethi 28,South,Kerala,Kochi,Online,Office Supplies,Printing,HP 805 Ink Cartridge,4,1239.64,10,4462.7,3499.63,963.07,Credit Card,Delivered,6.0
NR20250102628,2025-01-11,CUST00796,Sakshi Jain 27,West,Gujarat,Surat,Online,Office Supplies,Printing,Epson 003 Ink Bottle,8,657.99,5,5000.72,4045.6,955.12,UPI,Delivered,4.0
NR20250201766,2025-02-16,CUST00721,Aarav Sharma 25,Central,Madhya Pradesh,Gwalior,Online,Electronics,Smartphones,Samsung Galaxy M35,1,21685.9,10,19517.31,17036.84,2480.47,Credit Card,Delivered,5.0
NR20250604109,2025-06-29,CUST00492,Pooja Singh 17,Central,Chhattisgarh,Raipur,Online,Electronics,Laptops,HP 15s,1,55496.15,9,50501.5,42370.33,8131.17,Credit Card,Delivered,4.0
NR20250704740,2025-07-14,CUST00796,Sakshi Jain 27,East,West Bengal,Kolkata,Retail Store,Electronics,Laptops,Acer Aspire 5,1,57706.12,5,54820.81,46435.53,8385.28,Cash,Delivered,6.0
NR20250301045,2025-03-31,CUST00808,Isha Banerjee 27,East,Odisha,Bhubaneswar,Retail Store,Accessories,Bags,American Tourister Laptop Bag,1,2578.82,12,2269.36,1724.84,544.52,Debit Card,Delivered,6.0
NR20250302296,2025-03-17,CUST01201,Aarav Sharma 41,North,Chandigarh,Chandigarh,Corporate,Office Supplies,Printing,HP 805 Ink Cartridge,20,1291.76,7,24026.74,19166.62,4860.12,Credit Card,Delivered,4.0
NR20250601433,2025-06-01,CUST00397,Ishaan Kapoor 14,West,Gujarat,Surat,Retail Store,Electronics,Smartphones,OnePlus Nord CE,2,26543.48,0,53086.96,48303.76,4783.2,Debit Card,Delivered,4.0
NR20250204624,2025-02-27,CUST00322,Yash Agarwal 11,South,Andhra Pradesh,Visakhapatnam,Corporate,Office Supplies,Writing,Cello Ball Pen Pack,15,181.95,5,2592.79,1887.28,705.51,Credit Card,Delivered,4.0
NR20250301910,2025-03-12,CUST00049,Tanvi Deshmukh 2,East,Jharkhand,Ranchi,Online,Office Supplies,Paper,JK Copier A4 Paper Ream,2,320.68,2,628.53,481.23,147.3,UPI,Delivered,6.0
NR20250701570,2025-07-31,CUST00228,Siddharth Rao 8,North,Delhi,Delhi,Corporate,Electronics,Smartphones,Samsung Galaxy M35,3,21970.1,17,54705.55,48020.6,6684.95,Debit Card,Delivered,5.0
NR20251002023,2025-10-02,CUST00181,Aarav Sharma 7,South,Karnataka,Bengaluru,Retail Store,Office Supplies,Stationery,Faber-Castell Marker Set,2,364.62,4,700.07,555.01,145.06,Cash,Delivered,6.0
NR20250400100,2025-04-29,CUST00193,Rahul Gupta 7,North,Rajasthan,Jaipur,Online,Electronics,Tablets,Lenovo Tab M11,3,18293.29,10,49391.88,41367.64,8024.24,Net Banking,Delivered,1.0
NR20250601118,2025-06-22,CUST01197,Aman Arora 40,North,Uttar Pradesh,Lucknow,Corporate,Electronics,Laptops,HP 15s,8,56088.1,12,394860.22,331771.08,63089.14,Debit Card,Delivered,6.0
NR20250304428,2025-03-20,CUST00874,Ananya Iyer 30,Central,Chhattisgarh,Bilaspur,Retail Store,Office Supplies,Writing,Classmate Notebook Pack,2,458.71,7,853.2,643.2,210.0,Credit Card,Delivered,7.0
NR20250502521,2025-05-22,CUST00796,Sakshi Jain 27,South,Tamil Nadu,Coimbatore,Retail Store,Office Supplies,Paper,JK Copier A4 Paper Ream,8,329.45,5,2503.82,1957.15,546.67,UPI,Delivered,4.0
NR20250303186,2025-03-06,CUST00654,Priya Nanda 22,East,Jharkhand,Ranchi,Retail Store,Furniture,Desks,Wooden Study Desk,2,6407.66,12,11277.48,8318.73,2958.75,Cash,Delivered,6.0
NR20250100352,2025-01-18,CUST00286,Sakshi Jain 10,North,Chandigarh,Chandigarh,Online,Electronics,Cameras,Canon EOS 1500D,1,48172.79,5,45764.15,39378.01,6386.14,Credit Card,Delivered,5.0
NR20250402813,2025-04-02,CUST01046,Simran Kaur 35,East,Odisha,Bhubaneswar,Retail Store,Furniture,Storage,Wooden Filing Cabinet,1,7907.07,10,7116.36,5385.33,1731.03,Cash,Delivered,3.0
NR20251102758,2025-11-21,CUST00749,Mohit Saxena 25,East,West Bengal,Siliguri,Online,Electronics,Audio,boAt Airdopes 141,1,1385.56,10,1247.0,943.27,303.73,Debit Card,Returned,9.0
NR20251203180,2025-12-14,CUST00996,Diya Shah 34,South,Andhra Pradesh,Vijayawada,Online,Electronics,Smartphones,OnePlus Nord CE,3,25722.93,9,70223.6,61633.78,8589.82,UPI,Delivered,4.0
NR20250504512,2025-05-05,CUST00182,Aditi Mehta 7,East,West Bengal,Kolkata,Retail Store,Electronics,Laptops,HP 15s,4,50929.4,9,185383.02,159357.93,26025.09,Debit Card,Delivered,6.0
NR20251000719,2025-10-03,CUST00623,Neha Chawla 21,South,Karnataka,Bengaluru,Corporate,Electronics,Laptops,Acer Aspire 5,2,60226.02,14,103588.75,86791.49,16797.26,Net Banking,Delivered,6.0
NR20251103419,2025-11-23,CUST00310,Meera Joshi 11,North,Uttarakhand,Dehradun,Online,Electronics,Audio,JBL Tune 770NC,2,7145.89,19,11576.34,8701.12,2875.22,UPI,Delivered,5.0
NR20250802803,2025-08-24,CUST00140,Varun Bhatia 5,NORTH,Chandigarh,Chandigarh,Online,Accessories,Cables,Belkin USB-C Cable,2,1096.21,5,2082.8,1478.93,603.87,Debit Card,Delivered,3.0
NR20250403356,2025-04-24,CUST01053,Aditya Verma 36,Central,Madhya Pradesh,Jabalpur,Corporate,Furniture,Office Chairs,Featherlite Astro Chair,1,10034.41,14,8629.59,6213.34,2416.25,UPI,Delivered,6.0
NR20250602270,2025-06-23,CUST00142,Yash Agarwal 5,South,Tamil Nadu,Coimbatore,Online,Office Supplies,Writing,Cello Ball Pen Pack,1,191.53,10,172.38,122.96,49.42,UPI,Delivered,1.0
NR20250800309,2025-08-12,CUST00296,Simran Kaur 10,West,Gujarat,Surat,Online,Electronics,Laptops,Acer Aspire 5,1,62045.01,15,52738.26,43235.24,9503.02,Credit Card,Delivered,3.0
NR20250802005,2025-08-16,CUST00861,Vikram Sethi 29,East,West Bengal,Siliguri,Online,Electronics,Audio,boAt Airdopes 141,1,1414.98,9,1287.63,913.97,373.66,Debit Card,Delivered,4.0
NR20250300834,2025-03-29,CUST00562,Yash Agarwal 19,South,Telangana,Hyderabad,Online,Electronics,Audio,JBL Tune 770NC,2,7252.58,7,13489.8,10205.41,3284.39,Debit Card,Delivered,3.0
NR20250300367,2025-03-18,CUST01197,Aman Arora 40,West,Maharashtra, Nagpur,Online,Accessories,Cables,Portronics HDMI Cable,1,676.26,12,595.11,420.32,174.79,UPI,Delivered,1.0
NR20250201740,2025-02-09,CUST00361,Aarav Sharma 13,East,Odisha,Bhubaneswar,Retail Store,Electronics,Smartphones,Samsung Galaxy M35,1,21785.42,16,18299.75,15878.0,2421.75,Cash,Delivered,3.0
NR20250303278,2025-03-29,CUST01015,Manish Tiwari 34,West,Goa,Goa,Retail Store,Furniture,Storage,Wooden Filing Cabinet,2,7789.4,7,14488.28,11150.94,3337.34,UPI,Delivered,3.0
NR20251102418,2025-11-20,CUST00562,Yash Agarwal 19,North,Uttar Pradesh,Lucknow,Online,Furniture,Desks,IKEA Linnmon Desk,1,8395.98,7,7808.26,6050.19,1758.07,Credit Card,Delivered,3.0
NR20250503876,2025-05-12,CUST00371,Nikhil Patil 13,Central,Chhattisgarh,Raipur,Corporate,Accessories,Cables,Portronics HDMI Cable,20,623.37,15,10597.29,6990.98,3606.31,Net Banking,Delivered,6.0
NR20250202615,2025-02-12,CUST00480,Sneha Pillai 16,East,Assam,Guwahati,Corporate,Furniture,Desks,IKEA Linnmon Desk,15,8712.1,12,114999.72,85568.51,29431.21,Net Banking,Delivered,3.0
NR20251000950,2025-10-05,CUST00832,Yash Agarwal 28,North,Rajasthan,Jaipur,Retail Store,Electronics,Smartphones,OnePlus Nord CE,1,25060.31,10,22554.28,19248.93,3305.35,UPI,Delivered,4.0
NR20250902689,2025-09-13,CUST01248,Siddharth Rao 42,South,Kerala,Kochi,Retail Store,Office Supplies,Writing,Cello Ball Pen Pack,3,174.76,10,471.85,344.88,126.97,Cash,Delivered,4.0
NR20250300020,2025-03-01,CUST00739,Tanvi Deshmukh 25,North,Uttar Pradesh,Lucknow,Retail Store,Furniture,Desks,IKEA Linnmon Desk,1,8500.02,12,7480.02,5567.4,1912.62,UPI,Delivered,8.0
NR20250904950,2025-09-13,CUST00162,Pooja Singh 6,West,Maharashtra,Mumbai,Retail Store,Electronics,Laptops,Acer Aspire 5,1,66063.58,4,63421.04,53313.29,10107.75,UPI,Delivered,4.0
NR20251201254,2025-12-03,CUST00232,Yash Agarwal 8,East,Bihar,Patna,Online,Electronics,Smartphones,OnePlus Nord CE,4,25209.65,12,88737.97,79104.93,9633.04,UPI,Delivered,3.0
NR20250802623,2025-08-03,CUST00117,Aman Arora 4,West,Maharashtra,Pune,Corporate,Furniture,Office Chairs,Green Soul Monster Chair,8,14440.23,10,103969.66,74726.86,29242.8,Credit Card,Delivered,5.0
NR20251000219,2025-10-27,CUST00380,Varun Bhatia 13,South,Karnataka,Bengaluru,Online,Accessories,Bags,American Tourister Laptop Bag,3,2613.5,12,6899.64,5017.3,1882.34,Credit Card,Delivered,3.0
NR20250103018,2025-01-11,CUST01121,,South,Karnataka,Bengaluru,Retail Store,Electronics,Laptops,Acer Aspire 5,2,59426.1,4,114098.11,95333.06,18765.05,Cash,Delivered,2.0
NR20250700439,2025-07-05,CUST00884,Riya Das 30,East,Assam,Guwahati,Retail Store,Office Supplies,Writing,Classmate Notebook Pack,3,473.44,2,1391.91,1090.21,301.7,Credit Card,Delivered,3.0
NR20250603717,2025-06-25,CUST00459,Karan Malhotra 16,West,Maharashtra,Nagpur,Online,Electronics,Laptops,Acer Aspire 5,1,62243.62,2,60998.75,51115.42,9883.33,Net Banking,Delivered,3.0
NR20250403942,2025-04-28,CUST00943,Rahul Gupta 32,South,Andhra Pradesh,Visakhapatnam,Corporate,Electronics,Monitors,LG 24MP60G,15,12480.91,9,170364.42,145105.66,25258.76,Net Banking,Returned,7.0
NR20250903788,2025-09-21,CUST00167,Shreya Menon 6,South,Telangana,Hyderabad,Retail Store,Furniture,Storage,Metal Office Cabinet,1,8946.23,10,8051.61,6224.32,1827.29,UPI,Delivered,4.0
NR20250303712,2025-03-16,CUST00679,Tanvi Deshmukh 23,West,Maharashtra,Pune,Online,Accessories,Cables,Belkin USB-C Cable,1,1101.27,7,1024.18,739.2,284.98,Net Banking,Delivered,2.0
NR20251103905,2025-11-07,CUST00166,Sakshi Jain 6,West,Gujarat,Ahmedabad,Online,Office Supplies,Printing,HP 805 Ink Cartridge,2,1253.06,9,2280.57,1810.94,469.63,UPI,Delivered,5.0
NR20250902225,2025-09-21,CUST00469,Tanvi Deshmukh 16,North,Uttar Pradesh,Noida,Online,Accessories,Bags,Skybags Casual Backpack,3,1914.15,7,5340.48,4050.01,1290.47,UPI,Delivered,4.0
NR20250204717,2025-02-24,CUST00002,Aditi Mehta 1,East,Odisha,Bhubaneswar,Corporate,Furniture,Desks,Wooden Study Desk,10,6477.24,4,62181.5,43897.69,18283.81,Net Banking,Delivered,7.0
NR20250504409,2025-05-28,CUST00234,Priya Nanda 8,East,Assam,Guwahati,Corporate,Accessories,Cables,Portronics HDMI Cable,15,661.65,12,8733.78,5839.24,2894.54,Debit Card,Delivered,5.0
NR20250402846,2025-04-12,CUST00365,Arjun Nair 13,East,Jharkhand,Ranchi,Retail Store,Electronics,Laptops,HP 15s,1,53846.93,2,52769.99,45640.16,7129.83,Cash,Delivered,3.0
NR20250500803,2025-05-07,CUST00206,Simran Kaur 7,West,Goa,Goa,Online,Electronics,Smartphones,Samsung Galaxy M35,2,22275.66,9,40541.7,36247.51,4294.19,Debit Card,Delivered,1.0
NR20251103470,2025-11-06,CUST00445,Manish Tiwari 15,East,West Bengal,Kolkata,Retail Store,Furniture,Tables,Conference Table 6-Seater,3,28291.23,12,74688.85,59713.02,14975.83,UPI,Delivered,3.0
NR20250304693,2025-03-14,CUST00399,Karan Malhotra 14,West,Maharashtra,Pune,Online,Electronics,Laptops,Acer Aspire 5,3,63961.3,17,159263.64,132197.23,27066.41,Credit Card,Delivered,3.0
NR20250503836,2025-05-28,CUST01074,Priya Nanda 36,South,Andhra Pradesh,Visakhapatnam,Online,Electronics,Audio,boAt Airdopes 141,1,1345.35,12,1183.91,839.08,344.83,Debit Card,Delivered,2.0
NR20250601407,2025-06-03,CUST00137,,South,Telangana,Hyderabad,Retail Store,Furniture,Office Chairs,Green Soul Monster Chair,2,14266.14,7,26535.02,19810.18,6724.84,Cash,Delivered,6.0
NR20250100583,2025-01-01,CUST00373,Rahul Gupta 13,East,Bihar,Patna,Retail Store,Accessories,Webcams,Logitech C270 Webcam,1,2523.01,10,2270.71,1682.71,588.0,Debit Card,Cancelled,0.0
NR20250900204,2025-09-01,CUST00738,Siddharth Rao 25,North,Chandigarh,Chandigarh,Retail Store,Office Supplies,Writing,Cello Ball Pen Pack,5,174.34,5,828.12,573.45,254.67,Credit Card,Delivered,4.0
NR20251004131,2025-10-26,CUST00115,Manish Tiwari 4,West,Maharashtra,Nashik,Online,Electronics,Monitors,LG 24MP60G,1,11939.26,19,9670.8,8110.83,1559.97,Debit Card,Delivered,4.0
NR20251204491,2025-12-03,CUST00382,Yash Agarwal 13,West,Maharashtra,Pune,Retail Store,Electronics,Laptops,Acer Aspire 5,1,62145.39,9,56552.3,48646.99,7905.31,Cash,Delivered,4.0
NR20251200945,2025-12-21,CUST00374,Riya Das 13,South,Tamil Nadu,Coimbatore,Corporate,Furniture,Storage,Metal Office Cabinet,10,9116.2,7,84780.66,65366.6,19414.06,Net Banking,Delivered,5.0
NR20251003956,2025-10-27,CUST00347,Shreya Menon 12,South,Telangana,Hyderabad,Online,Electronics,Cameras,Canon EOS 1500D,1,46067.23,11,40999.83,34580.9,6418.93,Credit Card,Delivered,1.0
NR20250102340,2025-01-12,CUST00853,Rahul Gupta 29,North,Chandigarh,Chandigarh,Online,Accessories,Keyboards,Logitech K120 Keyboard,1,835.67,10,752.1,543.62,208.48,UPI,Delivered,3.0
NR20250704980,2025-07-05,CUST00843,Aditya Verma 29,south,Telangana,Hyderabad,Online,Accessories,Webcams,Logitech C270 Webcam,2,2407.42,15,4092.61,3035.49,1057.12,Credit Card,Cancelled,0.0
NR20250602986,2025-06-11,CUST00261,Vikram Sethi 9,West,Maharashtra,Nashik,Online,Accessories,Mice,Logitech M331 Mouse,1,1428.25,10,1285.42,934.54,350.88,UPI,Returned,6.0
NR20250300965,2025-03-09,CUST01109,Mohit Saxena 37,South,Andhra Pradesh,Vijayawada,Online,Furniture,Desks,Wooden Study Desk,1,6266.99,10,5640.29,4184.82,1455.47,Credit Card,Delivered,4.0
NR20250102043,2025-01-07,CUST00060,Sneha Pillai 2,South,Tamil Nadu,Chennai,Retail Store,Electronics,Audio,boAt Airdopes 141,2,1325.44,12,2332.77,1755.06,577.71,UPI,Delivered,3.0
NR20251002158,2025-10-25,CUST00068,Kavya Reddy 3,West,Maharashtra,Mumbai,Retail Store,Office Supplies,Stationery,Kangaro Stapler Set,4,282.83,12,995.56,749.06,246.5,Credit Card,Delivered,2.0
NR20251104505,2025-11-24,CUST00389,Mohit Saxena 13,East,Odisha,Bhubaneswar,Online,Electronics,Audio,JBL Tune 770NC,1,7335.61,14,6308.62,4913.25,1395.37,Net Banking,Delivered,7.0
NR20250401838,2025-04-30,CUST00839,Mohit Saxena 28,South,Telangana,Hyderabad,Online,Electronics,Cameras,Canon EOS 1500D,1,47333.39,5,44966.72,38357.73,6608.99,Debit Card,Delivered,6.0
NR20251203455,2025-12-14,CUST00518,Kavya Reddy 18,West,Maharashtra,Nagpur,Corporate,Electronics,Smartphones,Samsung Galaxy M35,8,21928.54,7,163148.34,139854.92,23293.42,Net Banking,Delivered,6.0
NR20250700518,2025-07-12,CUST00393,Aditya Verma 14,South,Karnataka,Mysuru,Online,Office Supplies,Files,Solo Executive File Pack,4,506.78,12,1783.87,1322.0,461.87,Credit Card,Delivered,2.0
NR20250901363,2025-09-26,CUST00654,Priya Nanda 22,North,Delhi,Delhi,Retail Store,Electronics,Audio,JBL Tune 770NC,2,7399.65,9,13467.36,10038.31,3429.05,Credit Card,Delivered,1.0
NR20250801579,2025-08-11,CUST00588,Siddharth Rao 20,North,Punjab,Ludhiana,Online,Office Supplies,Stationery,Kangaro Stapler Set,1,282.91,15,240.47,176.22,64.25,UPI,Delivered,4.0
NR20250303655,2025-03-24,CUST00820,Meera Joshi 28,South,Tamil Nadu,Chennai,Online,Electronics,Audio,boAt Airdopes 141,3,1418.43,2,4170.18,3052.82,1117.36,UPI,Delivered,1.0
NR20250900669,2025-09-23,CUST00452,,South,Karnataka,Bengaluru,Corporate,Office Supplies,Stationery,Faber-Castell Marker Set,20,378.36,7,7037.5,5375.0,1662.5,Net Banking,Delivered,6.0
NR20250102239,2025-01-06,CUST00028,Isha Banerjee 1,West,Maharashtra,Nagpur,Online,Furniture,Desks,IKEA Linnmon Desk,1,8768.73,0,8768.73,6530.53,2238.2,UPI,Delivered,4.0
NR20250901481,2025-09-27,CUST00509,Mohit Saxena 17,West,Maharashtra,Mumbai,Corporate,Accessories,Keyboards,Logitech K120 Keyboard,3,856.21,7,2388.83,1768.2,620.63,UPI,Delivered,2.0
NR20250704981,2025-07-17,CUST00077,Shreya Menon 3,East,Bihar,Patna,Online,Office Supplies,Stationery,Faber-Castell Marker Set,10,366.12,15,3112.02,2414.81,697.21,Net Banking,Delivered,3.0
NR20250901863,2025-09-05,CUST00088,Isha Banerjee 3,Central,Chhattisgarh,Raipur,Retail Store,Electronics,Audio,boAt Airdopes 141,1,1429.79,10,1286.81,931.69,355.12,Cash,Returned,8.0
NR20250202874,2025-02-10,CUST01040,Varun Bhatia 35,West,Maharashtra,Mumbai,Online,Accessories,Keyboards,Logitech K120 Keyboard,2,847.87,5,1610.95,1172.21,438.74,UPI,Delivered,3.0
NR20250703567,2025-07-07,CUST01215,Rohan Kulkarni 41,North,Uttar Pradesh,Lucknow,Corporate,Office Supplies,Stationery,Faber-Castell Marker Set,1,360.23,9,327.81,248.18,79.63,UPI,Delivered,3.0
NR20250702424,2025-07-10,CUST00269,Mohit Saxena 9,East,Assam,Guwahati,Corporate,Electronics,Smartphones,OnePlus Nord CE,20,26509.03,15,450653.51,388857.93,61795.58,Credit Card,Delivered,5.0
NR20250302187,2025-03-19,CUST00528,Siddharth Rao 18,East,West Bengal,Siliguri,Retail Store,Office Supplies,Writing,Cello Ball Pen Pack,3,182.16,5,519.16,367.05,152.11,UPI,Delivered,6.0
NR20250204809,2025-02-20,CUST00526,Sakshi Jain 18,North,Delhi,Delhi,Online,Electronics,Smartphones,OnePlus Nord CE,1,25207.86,6,23695.39,21713.88,1981.51,UPI,Delivered,1.0
NR20250403498,2025-04-16,CUST00630,Sneha Pillai 21,West,Maharashtra,Nagpur,Corporate,Electronics,Laptops,Acer Aspire 5,8,60422.75,11,430209.98,353295.35,76914.63,Credit Card,Cancelled,0.0
NR20250902119,2025-09-08,CUST00576,Diya Shah 20,West,Gujarat,Surat,Retail Store,Accessories,Keyboards,Logitech K120 Keyboard,1,865.7,7,805.1,588.67,216.43,Cash,Delivered,2.0
NR20251200760,2025-12-18,CUST00235,Manish Tiwari 8,South,Andhra Pradesh,Visakhapatnam,Corporate,Office Supplies,Printing,HP 805 Ink Cartridge,3,1255.64,17,3126.54,2530.76,595.78,Credit Card,Delivered,5.0
NR20251001091,2025-10-22,CUST01205,Arjun Nair 41,South,Andhra Pradesh,Visakhapatnam,Online,Furniture,Desks,Wooden Study Desk,1,6478.21,10,5830.39,4248.12,1582.27,Credit Card,Delivered,4.0
NR20250901426,2025-09-02,CUST00364,Ananya Iyer 13,West,Maharashtra,Pune,Online,Electronics,Smartphones,Samsung Galaxy M35,1,22254.66,14,19139.01,16298.84,2840.17,Debit Card,Delivered,2.0
NR20250802750,2025-08-05,CUST00657,Aman Arora 22,South,Tamil Nadu,Coimbatore,Online,Furniture,Office Chairs,Green Soul Monster Chair,3,14443.15,7,40296.39,29655.14,10641.25,UPI,Cancelled,0.0
NR20250903248,2025-09-05,CUST00637,Ishaan Kapoor 22,West,Maharashtra,Nashik,Online,Office Supplies,Writing,Classmate Notebook Pack,4,465.58,5,1769.2,1295.71,473.49,Net Banking,Delivered,6.0
NR20250604517,2025-06-08,CUST00438,Siddharth Rao 15,South,Tamil Nadu,Coimbatore,Retail Store,Office Supplies,Writing,Classmate Notebook Pack,1,459.65,12,404.49,318.13,86.36,Debit Card,Delivered,1.0
NR20251102451,2025-11-25,CUST00315,Rohan Kulkarni 11,Central,Madhya Pradesh,Bhopal,Retail Store,Furniture,Office Chairs,Featherlite Astro Chair,1,10212.61,9,9293.48,6911.51,2381.97,UPI,Delivered,4.0
NR20250400215,2025-04-19,CUST00143,Neha Chawla 5,South,Tamil Nadu,Chennai,Retail Store,Office Supplies,Stationery,Faber-Castell Marker Set,3,354.9,7,990.17,733.69,256.48,Cash,Delivered,1.0
NR20250803435,2025-08-04,CUST00363,Aditya Verma 13,West,Maharashtra,Mumbai,Corporate,Office Supplies,Printing,Epson 003 Ink Bottle,20,656.36,15,11158.12,9175.69,1982.43,Credit Card,Delivered ,3.0
NR20250503103,2025-05-28,CUST00928,Isha Banerjee 31,Central,Madhya Pradesh,Jabalpur,Retail Store,Accessories,Webcams,Logitech C270 Webcam,1,2390.97,15,2032.32,1564.32,468.0,Debit Card,Delivered,7.0
NR20250803185,2025-08-30,CUST00242,Aditi Mehta 9,West,Maharashtra,Mumbai,Corporate,Electronics,Audio,boAt Airdopes 141,3,1444.47,16,3640.06,2726.92,913.14,Debit Card,Delivered,5.0
NR20250701936,2025-07-20,CUST01036,Sakshi Jain 35,West,Goa,Goa,Retail Store,Accessories,Mice,Logitech M331 Mouse,1,1442.71,0,1442.71,1027.69,415.02,UPI,Delivered,3.0
NR20251204245,2025-12-11,CUST00015,Rohan Kulkarni 1,South,Karnataka,Mysuru,Online,Office Supplies,Writing,Cello Ball Pen Pack,2,179.9,12,316.62,242.79,73.83,UPI,Delivered,7.0
NR20250900197,2025-09-19,CUST00948,Siddharth Rao 32,Central,Madhya Pradesh,Bhopal,Corporate,Office Supplies,Printing,HP 805 Ink Cartridge,3,1228.31,10,3316.44,2670.19,646.25,Net Banking,Delivered,7.0
NR20250401789,2025-04-11,CUST01048,Isha Banerjee 35,North,Punjab,Ludhiana,Retail Store,Office Supplies,Printing,HP 805 Ink Cartridge,3,1223.89,10,3304.5,2718.38,586.12,UPI,Delivered,7.0
NR20250802882,2025-08-20,CUST01079,Mohit Saxena 36,Central,Chhattisgarh,Raipur,Retail Store,Accessories,Webcams,Logitech C270 Webcam,2,2575.95,12,4533.67,3391.49,1142.18,UPI,Delivered,4.0
NR20250303600,2025-03-27,CUST00053,Neha Chawla 2,East,Assam,Guwahati,Online,Electronics,Audio,JBL Tune 770NC,1,7036.43,0,7036.43,5410.2,1626.23,Credit Card,Delivered,7.0
NR20250800888,2025-08-16,CUST01100,Varun Bhatia 37,East,Bihar,Patna,Online,Office Supplies,Stationery,Faber-Castell Marker Set,5,361.45,10,1626.53,1246.64,379.89,Credit Card,Delivered,5.0
NR20250301418,2025-03-11,CUST00729,Karan Malhotra 25,South,Tamil Nadu,Coimbatore,Corporate,Electronics,Audio,boAt Airdopes 141,20,1436.29,9,26140.48,19585.33,6555.15,Net Banking,Delivered,2.0
NR20250403687,2025-04-15,CUST00202,Yash Agarwal 7,West,Maharashtra,Pune,Retail Store,Furniture,Desks,IKEA Linnmon Desk,2,8303.61,5,15776.86,11760.54,4016.32,Cash,Delivered,2.0
NR20250600569,2025-06-28,CUST01003,Rahul Gupta 34,West,Gujarat,Surat,Retail Store,Accessories,Bags,American Tourister Laptop Bag,3,2616.15,7,7299.06,5311.86,1987.2,UPI,Delivered,2.0
NR20250501721,2025-05-04,CUST00095,Arjun Nair 4,West,Goa,Goa,Corporate,Accessories,Bags,Skybags Casual Backpack,10,1922.14,5,18260.33,13071.0,5189.33,Credit Card,Delivered,3.0
NR20250204677,2025-02-17,CUST00851,Nikhil Patil 29,West,Maharashtra,Mumbai,Online,Electronics,Laptops,Acer Aspire 5,4,64317.04,7,239259.39,200522.77,38736.62,Debit Card,Cancelled,0.0
NR20250600140,2025-06-17,CUST00956,Simran Kaur 32,South,Tamil Nadu,Coimbatore,Online,Office Supplies,Writing,Cello Ball Pen Pack,4,171.48,0,685.92,474.42,211.5,UPI,Delivered,4.0
NR20250603456,2025-06-23,CUST00583,Rahul Gupta 20,East,West Bengal,Kolkata,Corporate,Electronics,Laptops,Acer Aspire 5,15,65099.47,11,869077.92,730012.71,139065.21,UPI,Delivered,6.0
NR20251102487,2025-11-17,CUST00375,Rohan Kulkarni 13,West,Maharashtra,Pune,Online,Electronics,Laptops,Acer Aspire 5,2,62568.53,9,113874.72,93975.32,19899.4,Debit Card,Delivered,3.0
NR20251203059,2025-12-21,CUST00249,Karan Malhotra 9,West,Maharashtra,Nashik,Retail Store,Office Supplies,Stationery,Kangaro Stapler Set,3,285.86,9,780.4,557.84,222.56,UPI,Delivered,3.0
NR20250900464,2025-09-02,CUST00743,Neha Chawla 25,West,Gujarat,Surat,Retail Store,Electronics,Smartphones,OnePlus Nord CE,4,25136.84,12,88481.68,76156.69,12324.99,Cash,Delivered,3.0
NR20250502599,2025-05-13,CUST00314,Riya Das 11,Central,Chhattisgarh,Bilaspur,Online,Office Supplies,Writing,Classmate Notebook Pack,3,454.69,0,1364.07,1049.2,314.87,Credit Card,Pending,4.0
NR20250500595,2025-05-08,CUST00570,Sneha Pillai 19,West,Goa,Goa,Retail Store,Office Supplies,Stationery,Kangaro Stapler Set,10,276.32,7,2569.78,1946.82,622.96,UPI,Delivered,2.0
NR20251102237,2025-11-13,CUST00723,Aditya Verma 25,West,Gujarat,Ahmedabad,Retail Store,Electronics,Monitors,LG 24MP60G,1,11858.79,15,10079.97,8329.0,1750.97,Credit Card,Delivered,2.0
NR20250900451,2025-09-30,CUST00201,Vikram Sethi 7,West,Gujarat,Vadodara,Corporate,Electronics,Smartphones,OnePlus Nord CE,8,23987.67,15,163116.16,139855.73,23260.43,UPI,Delivered,4.0
NR20251004138,2025-10-31,CUST00130,Meera Joshi 5,West,Maharashtra,Nagpur,Online,Electronics,Smartphones,OnePlus Nord CE,2,24871.61,17,41286.87,35682.82,5604.05,Credit Card,Delivered,7.0
NR20251201944,2025-12-17,CUST00348,Siddharth Rao 12,West,Gujarat,Vadodara,Corporate,Electronics,Laptops,HP 15s,2,52362.41,7,97394.08,83145.77,14248.31,UPI,Delivered,5.0
NR20251101880,2025-11-03,CUST00126,Diya Shah 5,East,Bihar,Patna,Retail Store,Electronics,Audio,boAt Airdopes 141,1,1404.19,7,1305.9,939.14,366.76,Debit Card,Delivered,4.0
NR20250802474,2025-08-18,CUST01215,Rohan Kulkarni 41,Central,Madhya Pradesh,Bhopal,Online,Office Supplies,Files,Solo Executive File Pack,8,521.93,5,3966.67,3168.14,798.53,Net Banking,Delivered,4.0
NR20250903300,2025-09-03,CUST00704,Riya Das 24,East,West Bengal,Siliguri,Retail Store,Electronics,Laptops,HP 15s,2,55490.22,7,103211.81,86785.74,16426.07,Credit Card,Delivered,6.0
NR20250302252,2025-03-06,CUST00951,Vikram Sethi 32,South,Karnataka,Mysuru,Online,Electronics,Smartphones,OnePlus Nord CE,2,24628.63,4,47286.97,40126.1,7160.87,Credit Card,Returned,9.0
NR20251001778,2025-10-20,CUST00562,Yash Agarwal 19,West,Maharashtra,Nashik,Online,Office Supplies,Writing,Classmate Notebook Pack,2,466.0,0,932.0,712.92,219.08,UPI,Delivered,5.0
NR20251104067,2025-11-19,CUST00095,Arjun Nair 4,West,Maharashtra,Nashik,Online,Electronics,Laptops,HP 15s,1,53769.72,12,47317.35,40042.54,7274.81,Debit Card,Delivered,2.0
NR20250403803,2025-04-10,CUST00234,Priya Nanda 8,West,Gujarat,Surat,Corporate,Electronics,Laptops,Acer Aspire 5,3,61951.66,14,159835.28,129199.69,30635.59,Credit Card,Delivered,4.0
NR20250204050,2025-02-04,CUST01098,Siddharth Rao 37,South,Karnataka,Mysuru,Corporate,Office Supplies,Files,Solo Executive File Pack,3,523.0,17,1302.27,1029.12,273.15,Net Banking,Cancelled,0.0
NR20251202078,2025-12-16,CUST00620,Varun Bhatia 21,North,Punjab,Amritsar,Online,Office Supplies,Stationery,Kangaro Stapler Set,4,293.5,5,1115.3,801.03,314.27,UPI,Delivered,1.0
NR20251204748,2025-12-06,CUST00098,Kavya Reddy 4,West,Maharashtra,Pune,Retail Store,Accessories,Mice,Logitech M331 Mouse,1,1491.41,7,1387.01,1017.34,369.67,Debit Card,Delivered,3.0
NR20251101000,2025-11-24,CUST00810,Sneha Pillai 27,West,Gujarat,Ahmedabad,Online,Office Supplies,Writing,Cello Ball Pen Pack,1,185.35,12,163.11,122.45,40.66,UPI,Delivered,7.0
NR20251001504,2025-10-10,CUST00151,Aarav Sharma 6,East,Bihar,Patna,Corporate,Furniture,Storage,Wooden Filing Cabinet,1,7845.1,20,6276.08,4771.1,1504.98,Credit Card,Delivered,4.0
NR20250402053,2025-04-03,CUST01192,Yash Agarwal 40,South,Kerala,Kochi,Online,Electronics,Laptops,HP 15s,3,54757.34,12,144559.38,123699.47,20859.91,Credit Card,Delivered,4.0
NR20250100193,2025-01-04,CUST00557,Shreya Menon 19,Central,Madhya Pradesh,Jabalpur,Retail Store,Accessories,Power Banks,Ambrane 20000mAh Power Bank,1,1695.18,12,1491.76,1129.68,362.08,Debit Card,Delivered,2.0
NR20250703856,2025-07-20,CUST00436,Sakshi Jain 15,Central,Madhya Pradesh,Gwalior,Retail Store,Furniture,Office Chairs,Featherlite Astro Chair,1,10412.44,7,9683.57,7104.87,2578.7,UPI,Delivered,6.0
NR20250604241,2025-06-19,CUST00354,Priya Nanda 12,North,Delhi,Delhi,Online,Furniture,Office Chairs,Featherlite Astro Chair,1,10432.47,12,9180.57,6284.38,2896.19,UPI,Delivered,2.0
NR20251001232,2025-10-23,CUST00702,Pooja Singh 24,West,Maharashtra,Nagpur,Retail Store,Furniture,Storage,Wooden Filing Cabinet,2,8155.34,5,15495.15,12311.82,3183.33,Cash,Delivered,5.0
NR20251204292,2025-12-30,CUST00341,Nikhil Patil 12,West,Maharashtra,Nashik,Online,Electronics,Audio,JBL Tune 770NC,4,6666.15,18,21864.97,17085.26,4779.71,UPI,Delivered,2.0
NR20251004488,2025-10-02,CUST00548,Kavya Reddy 19,South,Andhra Pradesh,Visakhapatnam,Retail Store,Accessories,Bags,American Tourister Laptop Bag,1,2744.28,14,2360.08,1770.6,589.48,Cash,Delivered,4.0
NR20251202084,2025-12-30,CUST01166,Simran Kaur 39,West,Maharashtra,Mumbai,Online,Electronics,Audio,boAt Airdopes 141,1,1425.21,10,1282.69,914.09,368.6,Credit Card,Delivered,7.0
NR20250802631,2025-08-04,CUST00997,Ishaan Kapoor 34,South,Andhra Pradesh,Visakhapatnam,Corporate,Accessories,Cables,Portronics HDMI Cable,8,643.59,12,4530.87,3194.29,1336.58,Credit Card,Delivered,5.0
NR20250902037,2025-09-29,CUST00561,Vikram Sethi 19,North,Punjab,Ludhiana,Online,Furniture,Tables,Conference Table 6-Seater,1,28227.9,12,24840.55,20088.6,4751.95,Credit Card,Delivered,4.0
NR20250801768,2025-08-02,CUST00883,Rahul Gupta 30,West,Gujarat,Ahmedabad,Online,Electronics,Smartphones,OnePlus Nord CE,1,25317.49,5,24051.62,21027.24,3024.38,UPI,Delivered,3.0
NR20251003577,2025-10-16,CUST00436,Sakshi Jain 15,West,Gujarat,Ahmedabad,Online,Office Supplies,Writing,Cello Ball Pen Pack,4,192.22,12,676.61,485.23,191.38,UPI,Delivered,6.0
NR20250904254,2025-09-23,CUST00217,Ishaan Kapoor 8,East,Bihar,Patna,Online,Accessories,Mice,Logitech M331 Mouse,2,1465.78,0,2931.56,2268.87,662.69,Debit Card,Returned,7.0
NR20250401554,2025-04-17,CUST00197,Shreya Menon 7,South,Telangana,Hyderabad,Retail Store,Furniture,Storage,Metal Office Cabinet,1,9148.34,7,8507.96,6440.98,2066.98,Cash,Delivered,3.0
NR20250804341,2025-08-13,CUST01040,Varun Bhatia 35,Central,Madhya Pradesh,Gwalior,Corporate,Furniture,Storage,Metal Office Cabinet,15,9632.94,10,130044.69,100341.39,29703.3,Debit Card,Delivered,5.0
NR20250303065,2025-03-31,CUST01145,Arjun Nair 39,East,Assam,Guwahati,Online,Electronics,Smartphones,Samsung Galaxy M35,2,22309.38,9,40603.07,35408.27,5194.8,Net Banking,Delivered,6.0
NR20251103690,2025-11-23,CUST01016,Simran Kaur 34,North,Delhi,Delhi,Online,Accessories,Power Banks,Ambrane 20000mAh Power Bank,2,1683.16,9,3063.35,2355.22,708.13,Net Banking,Delivered,3.0
NR20250802814,2025-08-04,CUST01165,Manish Tiwari 39,South,Kerala,Kochi,Online,Furniture,Storage,Metal Office Cabinet,1,8846.22,10,7961.6,6297.31,1664.29,Credit Card,Delivered,3.0
NR20250502586,2025-05-24,CUST00609,Karan Malhotra 21,East,West Bengal,Kolkata,Online,Office Supplies,Writing,Classmate Notebook Pack,8,451.84,5,3433.98,2585.76,848.22,Debit Card,Delivered,3.0
NR20251004986,2025-10-26,CUST00631,Aarav Sharma 22,Central,Chhattisgarh,Raipur,Corporate,Furniture,Tables,Conference Table 6-Seater,8,29006.01,17,192599.91,150446.94,42152.97,UPI,Delivered,8.0
NR20250300192,2025-03-02,CUST00767,Shreya Menon 26,West,Maharashtra,Nashik,Online,Accessories,Webcams,Logitech C270 Webcam,3,2559.65,10,6911.06,5165.18,1745.88,UPI,Delivered,2.0
NR20250502916,2025-05-04,CUST00926,Simran Kaur 31,West,Gujarat,Ahmedabad,Retail Store,Electronics,Smartphones,OnePlus Nord CE,3,24120.01,12,63676.83,54619.03,9057.8,Cash, Delivered,3.0
NR20251103674,2025-11-17,CUST01073,Neha Chawla 36,South,Telangana,Hyderabad,Retail Store,Electronics,Monitors,LG 24MP60G,2,12518.53,15,21281.5,17759.53,3521.97,UPI,Delivered,3.0
NR20250501877,2025-05-14,CUST00044,Riya Das 2,south,Telangana,Hyderabad,Retail Store,Electronics,Audio,boAt Airdopes 141,1,1434.32,4,1376.95,977.36,399.59,UPI,Delivered,5.0
NR20250402789,2025-04-20,CUST00677,Shreya Menon 23,North,Uttar Pradesh,Lucknow,Corporate,Electronics,Smartphones,OnePlus Nord CE,5,25259.05,15,107350.96,96057.7,11293.26,Net Banking,Delivered,1.0
NR20250504923,2025-05-16,CUST00356,Simran Kaur 12,North,Punjab,Amritsar,Corporate,Office Supplies,Stationery,Faber-Castell Marker Set,8,364.97,17,2423.4,1897.26,526.14,Credit Card,Delivered,1.0
NR20250604543,2025-06-03,CUST01223,Neha Chawla 41,North,Uttarakhand,Dehradun,Retail Store,Furniture,Desks,IKEA Linnmon Desk,2,8734.1,12,15372.02,11649.86,3722.16,UPI,Delivered,2.0
NR20250103728,2025-01-30,CUST00478,Isha Banerjee 16,West,Gujarat,Ahmedabad,Online,Furniture,Desks,Wooden Study Desk,1,6621.02,12,5826.5,4499.47,1327.03,Debit Card,Delivered,5.0
NR20250702320,2025-07-21,CUST01164,Priya Nanda 39,East,West Bengal,Siliguri,Retail Store,Electronics,Cameras,Canon EOS 1500D,2,44941.37,12,79096.81,69046.43,10050.38,Debit Card,Delivered,7.0
NR20250204204,2025-02-20,CUST01039,Tanvi Deshmukh 35,South,Andhra Pradesh,Visakhapatnam,Online,Electronics,Audio,boAt Airdopes 141,2,1375.74,9,2503.85,1844.73,659.12,Credit Card,Returned,5.0
NR20251004012,2025-10-23,CUST00714,Priya Nanda 24,South,Tamil Nadu,Coimbatore,Retail Store,Accessories,Mice,Logitech M331 Mouse,1,1451.28,10,1306.15,950.91,355.24,UPI,Delivered,2.0
NR20250203504,2025-02-16,CUST00458,Kavya Reddy 16,North,Punjab,Ludhiana,Retail Store,Office Supplies,Printing,Epson 003 Ink Bottle,3,628.98,12,1660.51,1255.41,405.1,Cash,Delivered,3.0
NR20250104095,2025-01-21,CUST00296,Simran Kaur 10,East,Bihar,Patna,Online,Furniture,Desks,Wooden Study Desk,2,6359.27,12,11192.32,7968.59,3223.73,UPI,Pending,6.0
NR20250901733,2025-09-21,CUST00829,Tanvi Deshmukh 28,Central,Madhya Pradesh,Indore,Retail Store,Electronics,Laptops,Acer Aspire 5,4,62692.72,12,220678.37,186280.21,34398.16,UPI,Delivered,3.0
NR20250100167,2025-01-24,CUST01240,Meera Joshi 42,East,Odisha,Bhubaneswar,Online,Electronics,Laptops,HP 15s,2,54879.58,14,94392.88,79898.29,14494.59,Credit Card,Delivered,1.0
NR20251002836,2025-10-27,CUST00246,Diya Shah 9,South,Karnataka,Mysuru,Corporate,Accessories,Cables,Belkin USB-C Cable,5,1068.23,10,4807.03,3403.71,1403.32,Net Banking,Delivered,5.0
NR20251103115,2025-11-04,CUST00003,Aditya Verma 1,South,Telangana,Hyderabad,Corporate,Electronics,Monitors,LG 24MP60G,15,12639.94,13,164951.22,134297.96,30653.26,Debit Card,Delivered,6.0
NR20250401025,2025-04-03,CUST00007,Ishaan Kapoor 1,Central,Chhattisgarh,Bilaspur,Retail Store,Office Supplies,Printing,Epson 003 Ink Bottle,8,635.49,7,4728.05,3666.1,1061.95,Debit Card,Delivered,7.0
NR20250503393,2025-05-01,CUST00565,Manish Tiwari 19,South,Tamil Nadu,Coimbatore,Online,Electronics,Cameras,Canon EOS 1500D,2,44262.66,10,79672.79,69218.61,10454.18,Credit Card,Delivered,2.0
NR20250702313,2025-07-05,CUST00882,Pooja Singh 30,East,West Bengal,Siliguri,Retail Store,Office Supplies,Writing,Classmate Notebook Pack,4,443.99,2,1740.44,1255.37,485.07,UPI,Delivered,4.0
NR20250301515,2025-03-06,CUST00142,Yash Agarwal 5,West,Gujarat,Surat,Online,Office Supplies,Stationery,Kangaro Stapler Set,3,280.95,2,825.99,622.8,203.19,Net Banking,Delivered,4.0
NR20251101927,2025-11-23,CUST01085,Arjun Nair 37,South,Andhra Pradesh,Vijayawada,Retail Store,Electronics,Audio,JBL Tune 770NC,1,7354.75,7,6839.92,5191.37,1648.55,Credit Card,Delivered,3.0
NR20251003800,2025-10-31,CUST00335,Arjun Nair 12,North,Chandigarh,Chandigarh,Online,Office Supplies,Writing,Classmate Notebook Pack,2,453.73,12,798.56,631.78,166.78,UPI,Delivered,1.0
NR20250404828,2025-04-05,CUST00544,Ananya Iyer 19,South,Karnataka,Bengaluru,Online,Office Supplies,Stationery,Kangaro Stapler Set,8,278.17,15,1891.56,1348.39,543.17,Debit Card,Delivered,5.0
NR20251004079,2025-10-17,CUST00750,Sneha Pillai 25,West,Goa,Goa,Corporate,Accessories,Power Banks,Ambrane 20000mAh Power Bank,5,1682.93,12,7404.89,5663.71,1741.18,UPI,Delivered,7.0
NR20250700153,2025-07-26,CUST00829,Tanvi Deshmukh 28,South,Karnataka,Bengaluru,Online,Accessories,Webcams,Logitech C270 Webcam,1,2520.78,10,2268.7,1673.86,594.84,UPI,Delivered,3.0
NR20250402877,2025-04-06,CUST01194,Priya Nanda 40,South,Tamil Nadu,Coimbatore,Online,Furniture,Storage,Wooden Filing Cabinet,4,7126.61,5,27081.12,20383.99,6697.13,UPI,Delivered,2.0
NR20250804797,2025-08-08,CUST00956,Simran Kaur 32,South,Tamil Nadu,Chennai,Retail Store,Electronics,Cameras,Canon EOS 1500D,1,46747.26,19,37865.28,32160.58,5704.7,Debit Card,Returned,5.0
NR20250104399,2025-01-20,CUST00467,Shreya Menon 16,East,West Bengal,Siliguri,Retail Store,Office Supplies,Writing,Classmate Notebook Pack,4,468.67,0,1874.68,1452.22,422.46,Cash,Delivered,7.0
NR20250702693,2025-07-24,CUST01249,Tanvi Deshmukh 42,West,Maharashtra,Nagpur,Online,Electronics,Tablets,Lenovo Tab M11,2,17309.78,9,31503.8,26403.06,5100.74,Debit Card,Delivered,5.0
NR20250604935,2025-06-06,CUST00569,Mohit Saxena 19,South,Kerala,Kochi,Online,Electronics,Monitors,LG 24MP60G,2,12526.09,5,23799.57,19205.85,4593.72,Credit Card,Delivered,5.0
NR20250801703,2025-08-26,CUST00596,Simran Kaur 20,North,Delhi,Delhi,Retail Store,Furniture,Storage,Metal Office Cabinet,1,8865.9,12,7801.99,5987.98,1814.01,Credit Card,Delivered,4.0
NR20251104747,2025-11-21,CUST01180,Meera Joshi 40,South,Telangana,Hyderabad,Retail Store,Office Supplies,Printing,Epson 003 Ink Bottle,10,659.84,7,6136.51,4880.32,1256.19,UPI,Delivered,5.0
NR20250201150,2025-02-25,CUST00922,Yash Agarwal 31,North,Punjab,Ludhiana,Corporate,Electronics,Laptops,Acer Aspire 5,15,64514.41,7,899976.02,771008.93,128967.09,Net Banking,Delivered,4.0
NR20251104891,2025-11-03,CUST01185,Rohan Kulkarni 40,South,Karnataka,Mysuru,Online,Office Supplies,Printing,Epson 003 Ink Bottle,1,662.49,17,549.87,434.7,115.17,UPI,Delivered,3.0
NR20251101437,2025-11-04,CUST00328,Isha Banerjee 11,North,Delhi,Delhi,Retail Store,Accessories,Webcams,Logitech C270 Webcam,3,2431.2,12,6418.37,4713.42,1704.95,Cash,Delivered,4.0
NR20250602587,2025-06-23,CUST00174,Priya Nanda 6,West,Gujarat,Vadodara,Retail Store,Furniture,Storage,Wooden Filing Cabinet,1,7613.37,5,7232.7,5655.22,1577.48,Credit Card,Delivered,2.0
NR20250100032,2025-01-31,CUST00053,Neha Chawla 2,West,Maharashtra,Mumbai,Corporate,Office Supplies,Paper,JK Copier A4 Paper Ream,2,315.73,20,505.17,385.09,120.08,UPI,Delivered,5.0
NR20250400938,2025-04-09,CUST00724,Ananya Iyer 25,South,Andhra Pradesh,Vijayawada,Online,Office Supplies,Printing,Epson 003 Ink Bottle,2,630.05,5,1197.09,962.14,234.95,Debit Card,Delivered,2.0
NR20250301596,2025-03-11,CUST00927,Aman Arora 31,West,Goa,Goa,Corporate,Furniture,Office Chairs,Green Soul Monster Chair,10,14911.34,5,141657.73,104101.95,37555.78,Net Banking,Delivered,4.0
NR20250403774,2025-04-03,CUST01237,Ishaan Kapoor 42,North,Chandigarh,Chandigarh,Retail Store,Electronics,Monitors,LG 24MP60G,1,12372.93,10,11135.64,9244.14,1891.5,Cash,Delivered,5.0
NR20251004511,2025-10-14,CUST00041,Nikhil Patil 2,West,Maharashtra,Nagpur,Retail Store,Office Supplies,Paper,JK Copier A4 Paper Ream,8,330.15,14,2271.43,1714.32,557.11,UPI,Delivered,3.0
NR20250100310,2025-01-05,CUST00448,Isha Banerjee 15,Central,Chhattisgarh,Bilaspur,Retail Store,Office Supplies,Printing,Epson 003 Ink Bottle,3,651.45,10,1758.92,1422.07,336.85,Cash,Delivered,5.0
NR20251202526,2025-12-12,CUST01027,Ishaan Kapoor 35,North,Chandigarh,Chandigarh,Online,Office Supplies,Printing,Epson 003 Ink Bottle,4,635.0,10,2286.0,1801.87,484.13,UPI,Delivered,3.0
NR20250302219,2025-03-27,CUST00605,Arjun Nair 21,South,Tamil Nadu,Coimbatore,Retail Store,Accessories,Bags,American Tourister Laptop Bag,1,2596.87,10,2337.18,1766.28,570.9,Cash,Delivered,2.0
NR20250403214,2025-04-01,CUST00146,Simran Kaur 5,South,Karnataka,Bengaluru,Retail Store,Electronics,Laptops,Acer Aspire 5,5,63148.3,14,271537.69,229917.45,41620.24,UPI,Delivered,1.0
NR20251002174,2025-10-31,CUST00779,Mohit Saxena 26,West,Maharashtra,Nashik,Online,Accessories,Cables,Portronics HDMI Cable,3,620.89,7,1732.28,1233.05,499.23,UPI,Delivered,3.0
NR20250600496,2025-06-22,CUST00957,Aman Arora 32,West,Maharashtra,Pune,Online,Accessories,Mice,Logitech M331 Mouse,1,1457.58,10,1311.82,985.22,326.6,Net Banking,Delivered,6.0
NR20250300206,2025-03-30,CUST00930,Sneha Pillai 31,West,Maharashtra,Pune,Corporate,Furniture,Office Chairs,Green Soul Monster Chair,3,14465.92,10,39057.98,28978.57,10079.41,Credit Card,Returned,3.0
NR20250804339,2025-08-11,CUST00544,Ananya Iyer 19,South,Karnataka,Mysuru,Corporate,Accessories,Cables,Belkin USB-C Cable,5,1061.05,5,5039.99,3591.41,1448.58,Debit Card,Delivered,4.0
NR20251202465,2025-12-24,CUST01151,Nikhil Patil 39,Central,Chhattisgarh,Bilaspur,Online,Office Supplies,Printing,HP 805 Ink Cartridge,4,1212.79,17,4026.46,3342.44,684.02,Net Banking,Delivered,6.0
NR20251203945,2025-12-02,CUST00313,Rahul Gupta 11,West,Maharashtra,Pune,Online,Office Supplies,Writing,Cello Ball Pen Pack,3,181.44,0,544.32,384.97,159.35,Net Banking,Delivered,1.0
NR20250900306,2025-09-02,CUST01132,Yash Agarwal 38,South,Telangana,Hyderabad,Online,Office Supplies,Writing,Classmate Notebook Pack,5,442.58,10,1991.61,1500.45,491.16,Net Banking,Delivered,5.0
NR20250103907,2025-01-26,CUST00519,Karan Malhotra 18,East,West Bengal,Kolkata,Online,Electronics,Laptops,HP 15s,2,52105.18,9,94831.43,83610.93,11220.5,Credit Card,Delivered,4.0
NR20251003138,2025-10-09,CUST00696,Diya Shah 24,East,West Bengal,Kolkata,Online,Office Supplies,Files,Solo Executive File Pack,4,520.76,0,2083.04,1616.63,466.41,UPI,Cancelled,0.0
NR20250901062,2025-09-12,CUST00748,Isha Banerjee 25,South,Telangana,Hyderabad,Corporate,Furniture,Storage,Metal Office Cabinet,8,9049.19,10,65154.17,50783.52,14370.65,Net Banking,Delivered,3.0
NR20250300844,2025-03-01,CUST00089,Mohit Saxena 3,West,Maharashtra,Pune,Online,Furniture,Tables,Conference Table 6-Seater,1,27899.36,7,25946.4,19254.81,6691.59,Net Banking,Delivered,
NR20250904081,2025-09-18,CUST00222,Pooja Singh 8,West,Goa,Goa,Retail Store,Electronics,Monitors,LG 24MP60G,2,12585.31,14,21646.73,17284.04,4362.69,UPI,Delivered,3.0
NR20250402318,2025-04-05,CUST00582,Pooja Singh 20,South,Telangana,Hyderabad,Retail Store,Office Supplies,Printing,Epson 003 Ink Bottle,4,654.55,5,2487.29,1837.66,649.63,Debit Card,Delivered,4.0
NR20250800212,2025-08-29,CUST00851,Nikhil Patil 29,North,Delhi,Delhi,Retail Store,Furniture,Tables,Conference Table 6-Seater,2,28726.57,10,51707.83,41583.55,10124.28,UPI,Delivered,3.0
NR20250801109,2025-08-20,CUST00307,Ishaan Kapoor 11,South,Andhra Pradesh,Visakhapatnam,Retail Store,Furniture,Storage,Metal Office Cabinet,1,9043.18,2,8862.32,6406.83,2455.49,Credit Card,Returned,4.0
NR20251103828,2025-11-28,CUST00938,Kavya Reddy 32,West,Maharashtra,Nashik,Online,Accessories,Keyboards,Logitech K120 Keyboard,1,851.89,0,851.89,618.41,233.48,Net Banking,Delivered,4.0
NR20251200680,2025-12-12,CUST00152,Aditi Mehta 6,South,Andhra Pradesh,Vijayawada,Online,Electronics,Laptops,HP 15s,2,53672.68,5,101978.09,85502.45,16475.64,Debit Card,Delivered,3.0
NR20250800566,2025-08-20,CUST00315,Rohan Kulkarni 11,South,Tamil Nadu,Coimbatore,Online,Accessories,Bags,American Tourister Laptop Bag,1,2621.76,10,2359.58,1778.1,581.48,UPI,Delivered,1.0
NR20250101188,2025-01-20,CUST00876,Diya Shah 30,West,Goa,Goa,Online,Electronics,Audio,JBL Tune 770NC,1,6971.08,10,6273.97,4770.7,1503.27,Credit Card,Delivered,
NR20251003691,2025-10-25,CUST01128,Siddharth Rao 38,West,Gujarat,Surat,Online,Office Supplies,Files,Solo Executive File Pack,4,525.97,0,2103.88,1598.18,505.7,UPI,Delivered,1.0
NR20250300681,2025-03-07,CUST00034,Ananya Iyer 2,West,Maharashtra,Nagpur,Online,Furniture,Storage,Wooden Filing Cabinet,1,7788.41,10,7009.57,5333.11,1676.46,UPI,Returned,3.0
NR20250400181,2025-04-22,CUST00578,Kavya Reddy 20,North,Punjab,Amritsar,Online,Accessories,Power Banks,Ambrane 20000mAh Power Bank,1,1686.38,7,1568.33,1208.9,359.43,UPI,Delivered,3.0
NR20250703143,2025-07-06,CUST00266,Simran Kaur 9,South,Karnataka,Mysuru,Online,Electronics,Audio,JBL Tune 770NC,1,7642.25,14,6572.34,4942.69,1629.65,Debit Card,Delivered,3.0
NR20251102498,2025-11-30,CUST01100,Varun Bhatia 37,West,Gujarat,Ahmedabad,Online,Electronics,Audio,JBL Tune 770NC,3,7004.86,9,19123.27,14712.49,4410.78,UPI,Delivered,8.0
NR20250204305,2025-02-18,CUST00583,Rahul Gupta 20,East,West Bengal,Kolkata,Retail Store,Electronics,Cameras,Canon EOS 1500D,3,46414.67,17,115572.53,100204.48,15368.05,UPI,Cancelled,0.0
NR20250804336,2025-08-25,CUST01216,Sakshi Jain 41,South,Tamil Nadu,Chennai,Corporate,Furniture,Storage,Wooden Filing Cabinet,15,7878.12,14,101627.75,81187.84,20439.91,Net Banking,Delivered,5.0
NR20250700279,2025-07-18,CUST01016,Simran Kaur 34,East,Odisha,Bhubaneswar,Online,Electronics,Audio,JBL Tune 770NC,1,7271.13,15,6180.46,4819.7,1360.76,UPI,Delivered,5.0
NR20250701176,2025-07-02,CUST00582,Pooja Singh 20,North,Punjab,Amritsar,Retail Store,Office Supplies,Printing,HP 805 Ink Cartridge,3,1227.74,10,3314.9,2694.07,620.83,Debit Card,Delivered,2.0
NR20250703090,2025-07-09,CUST00819,Karan Malhotra 28,West,Maharashtra,Nagpur,Retail Store,Furniture,Office Chairs,Featherlite Astro Chair,5,10676.98,2,52317.2,37069.66,15247.54,Cash,Delivered,2.0
NR20250200433,2025-02-07,CUST00142,Yash Agarwal 5,East,Bihar,Patna,Retail Store,Electronics,Monitors,LG 24MP60G,1,12246.12,9,11143.97,9358.96,1785.01,Credit Card,Delivered,2.0
NR20250700290,2025-07-20,CUST01245,Rohan Kulkarni 42,West,Gujarat,Ahmedabad,Online,Office Supplies,Writing,Classmate Notebook Pack,1,448.23,7,416.85,302.01,114.84,UPI,Returned,4.0
NR20250101028,2025-01-15,CUST00116,Simran Kaur 4,South,Tamil Nadu,Coimbatore,Corporate,Furniture,Storage,Metal Office Cabinet,15,9328.97,12,123142.4,92822.39,30320.01,Debit Card,Delivered,6.0
NR20250900536,2025-09-14,CUST00975,Rohan Kulkarni 33,South,Telangana,Hyderabad,Online,Electronics,Smartphones,Samsung Galaxy M35,1,22327.05,14,19201.26,16930.85,2270.41,UPI,Delivered,6.0
NR20251003536,2025-10-09,CUST00280,Meera Joshi 10,South,Karnataka,Mysuru,Retail Store,Office Supplies,Paper,JK Copier A4 Paper Ream,1,320.44,20,256.35,201.11,55.24,UPI,Delivered,3.0
NR20251100189,2025-11-10,CUST00696,Diya Shah 24,North,Chandigarh,Chandigarh,Retail Store,Accessories,Bags, Skybags Casual Backpack,1,1907.72,12,1678.79,1242.93,435.86,Credit Card,Pending,4.0
NR20250204931,2025-02-01,CUST00960,Sneha Pillai 32,South,Telangana,Hyderabad,Online,Electronics,Laptops,HP 15s,2,54294.3,7,100987.4,84777.56,16209.84,Debit Card,Delivered,3.0
NR20250504236,2025-05-16,CUST01134,Priya Nanda 38,South,Andhra Pradesh,Visakhapatnam,Retail Store,Furniture,Office Chairs,Green Soul Monster Chair,1,14952.04,10,13456.84,9863.58,3593.26,UPI,Delivered,3.0
NR20251203283,2025-12-24,CUST00004,Ananya Iyer 1,West,Maharashtra,Pune,Corporate,Accessories,Cables,Belkin USB-C Cable,15,1137.43,14,14672.85,10204.19,4468.66,Credit Card,Delivered,3.0
NR20251200271,2025-12-31,CUST00179,Mohit Saxena 6,South,Tamil Nadu,Coimbatore,Retail Store,Furniture,Desks,Wooden Study Desk,3,6073.41,5,17309.22,12839.63,4469.59,Cash,Delivered,4.0
NR20250801746,2025-08-23,CUST00502,Yash Agarwal 17,Central,Madhya Pradesh,Indore,Retail Store,Electronics,Smartphones,OnePlus Nord CE,1,25617.58,16,21518.77,19588.76,1930.01,Cash,Returned,6.0
NR20250104380,2025-01-29,CUST00760,Meera Joshi 26,Central,Chhattisgarh,Raipur,Retail Store,Electronics,Smartphones,OnePlus Nord CE,1,24262.55,15,20623.17,18054.52,2568.65,Debit Card,Delivered,2.0
NR20250402221,2025-04-28,CUST01046,Simran Kaur 35,North,Chandigarh,Chandigarh,Retail Store,Electronics,Laptops,HP 15s,1,54876.37,14,47193.68,40963.56,6230.12,UPI,Delivered,3.0
NR20250203808,2025-02-04,CUST00150,Sneha Pillai 5,West,Maharashtra,Pune,Corporate,Office Supplies,Files,Solo Executive File Pack,8,510.66,7,3799.31,2963.37,835.94,Net Banking,Delivered,4.0
NR20250500112,2025-05-25,CUST00267,Aman Arora 9,West,Maharashtra,Nagpur,Online,Office Supplies,Files,Solo Executive File Pack,1,535.47,7,497.99,383.5,114.49,Debit Card,Delivered,3.0
NR20251001171,2025-10-28,CUST00467,Shreya Menon 16,East,Bihar,Patna,Online,Office Supplies,Stationery,Faber-Castell Marker Set,3,362.49,2,1065.72,832.19,233.53,Debit Card,Delivered,4.0
NR20250804928,2025-08-22,CUST00740,Varun Bhatia 25,South,Andhra Pradesh,Visakhapatnam,Corporate,Accessories,Bags,American Tourister Laptop Bag,8,2677.01,14,18417.83,13843.8,4574.03,Net Banking,Delivered,1.0
NR20250300221,2025-03-22,CUST00756,Diya Shah 26,North,Uttarakhand,Dehradun,Corporate,Office Supplies,Stationery,Kangaro Stapler Set,20,272.89,5,5184.91,3738.59,1446.32,Credit Card,Delivered,6.0
NR20250901771,2025-09-17,CUST00593,Neha Chawla 20,West,Goa,Goa,Corporate,Accessories,Bags,American Tourister Laptop Bag,15,2613.59,7,36459.58,27931.55,8528.03,Net Banking,Pending,3.0
NR20251100628,2025-11-10,CUST00112,Yash Agarwal 4,South,Kerala,Kochi,Corporate,Office Supplies,Writing,Cello Ball Pen Pack,1,172.47,6,162.12,120.1,42.02,Debit Card,Delivered,4.0
NR20250704238,2025-07-31,CUST00069,Karan Malhotra 3,East,Assam,Guwahati,Retail Store,Furniture,Tables,Conference Table 6-Seater,1,28236.49,7,26259.94,20271.13,5988.81,UPI,Delivered,3.0
NR20250903461,2025-09-26,CUST00671,Nikhil Patil 23,East,West Bengal,Kolkata,Corporate,Electronics,Audio,boAt Airdopes 141,20,1351.83,8,24873.67,18153.37,6720.3,Credit Card,Delivered,3.0
NR20250704090,2025-07-05,CUST00622,Yash Agarwal 21,West,Maharashtra,Mumbai,Corporate,Office Supplies,Printing,HP 805 Ink Cartridge,8,1257.97,17,8352.92,6512.8,1840.12,Net Banking,Delivered,3.0
NR20250800791,2025-08-24,CUST00229,Tanvi Deshmukh 8,North,Chandigarh,Chandigarh,Retail Store,Furniture,Storage,Metal Office Cabinet,1,9223.71,5,8762.52,6732.67,2029.85,Cash,Delivered,5.0
NR20250204385,2025-02-14,CUST00389,Mohit Saxena 13,West,Maharashtra,Nagpur,Online,Furniture,Desks,IKEA Linnmon Desk,3,8697.34,15,22178.22,16933.72,5244.5,UPI,Delivered,2.0
NR20251200462,2025-12-10,CUST00657,Aman Arora 22,West,Gujarat,Vadodara,Retail Store,Furniture,Storage,Metal Office Cabinet,4,9432.42,7,35088.6,26694.58,8394.02,UPI,Delivered,1.0
NR20250604465,2025-06-23,CUST00832,Yash Agarwal 28,North,Uttar Pradesh,Noida,Corporate,Office Supplies,Files,Solo Executive File Pack,3,515.22,5,1468.38,1181.23,287.15,Net Banking,Delivered,5.0
NR20250800552,2025-08-08,CUST00454,Ananya Iyer 16,North,Punjab,Ludhiana,Retail Store,Furniture,Storage,Metal Office Cabinet,1,9271.63,7,8622.62,6471.66,2150.96,Debit Card,Delivered,2.0
NR20251001205,2025-10-31,CUST00932,Aditi Mehta 32,Central,Madhya Pradesh,Gwalior,Online,Electronics,Audio,JBL Tune 770NC,1,7497.31,14,6447.69,4814.33,1633.36,Net Banking,Delivered,6.0
NR20250501222,2025-05-16,CUST01205,Arjun Nair 41,North,Chandigarh,Chandigarh,Retail Store,Electronics,Smartphones, Samsung Galaxy M35,1,21551.95,9,19612.27,17268.8,2343.47,Debit Card,Delivered,4.0
NR20250500199,2025-05-20,CUST00269,Mohit Saxena 9,South,Kerala,Kochi,Retail Store,Electronics,Audio,JBL Tune 770NC,4,7107.07,9,25869.73,19927.75,5941.98,UPI,Delivered,3.0
NR20250903853,2025-09-25,CUST01239,Karan Malhotra 42,West,Goa,Goa,Online,Accessories,Bags,American Tourister Laptop Bag,1,2759.0,7,2565.87,1864.37,701.5,Credit Card,Delivered,6.0
NR20251204025,2025-12-01,CUST01161,Vikram Sethi 39,West,Maharashtra,Nagpur,Retail Store,Electronics,Monitors,LG 24MP60G,1,12629.6,7,11745.53,9430.09,2315.44,Cash,Delivered ,3.0
NR20250900403,2025-09-16,CUST00518,Kavya Reddy 18,South,Andhra Pradesh,Visakhapatnam,Retail Store,Office Supplies,Printing,Epson 003 Ink Bottle,4,639.49,10,2302.16,1841.71,460.45,Credit Card,Delivered,3.0
NR20250803154,2025-08-30,CUST00920,Varun Bhatia 31,West,Maharashtra,Mumbai,Corporate,Office Supplies,Printing,HP 805 Ink Cartridge,3,1299.59,4,3742.82,3144.79,598.03,Net Banking,Delivered,3.0
NR20250104725,2025-01-27,CUST00226,Sakshi Jain 8,West,Maharashtra,Nashik,Online,Electronics,Monitors,LG 24MP60G,2,12404.68,14,21336.05,17646.05,3690.0,UPI,Delivered,1.0
NR20250304832,2025-03-08,CUST00532,Yash Agarwal 18,South,Andhra Pradesh,Visakhapatnam,Retail Store,Electronics,Smartphones,Samsung Galaxy M35,1,21334.14,20,17067.31,14880.26,2187.05,Debit Card,Delivered,7.0
NR20250302095,2025-03-02,CUST00658,Isha Banerjee 22,North,Rajasthan,Jaipur,Online,Electronics,Smartphones,Samsung Galaxy M35,1,22450.61,11,19981.04,17913.95,2067.09,Debit Card,Delivered,4.0
NR20251202678,2025-12-01,CUST00951,Vikram Sethi 32,North,Punjab,Ludhiana,Retail Store,Electronics,Laptops,Acer Aspire 5 ,3,61438.68,6,173257.08,144118.95,29138.13,Credit Card,Delivered,4.0
NR20251004527,2025-10-18,CUST00840,Sneha Pillai 28,North,Punjab,Ludhiana,Online,Electronics,Audio,JBL Tune 770NC,1,7348.77,12,6466.92,4855.02,1611.9,UPI,Delivered,4.0
NR20250400651,2025-04-12,CUST00028,Isha Banerjee 1,West,Maharashtra,Nashik,Retail Store,Office Supplies,Files,Solo Executive File Pack,1,511.88,15,435.1,345.13,89.97,UPI,Delivered,5.0
NR20250900709,2025-09-01,CUST00867,Aman Arora 29,East,West Bengal,Kolkata,Online,Electronics,Audio,JBL Tune 770NC,2,7254.52,12,12767.96,9605.97,3161.99,UPI,Delivered,
NR20251004548,2025-10-18,CUST00603,Aditya Verma 21,East,Bihar,Patna,Retail Store,Accessories,Webcams,Logitech C270 Webcam,1,2650.66,7,2465.11,1901.86,563.25,Debit Card,Delivered,2.0
NR20250804478,2025-08-24,CUST00399,Karan Malhotra 14,West,Gujarat,Surat,Retail Store,Accessories,Power Banks,Ambrane 20000mAh Power Bank,2,1724.78,10,3104.6,2431.67,672.93,Credit Card,Delivered,3.0
NR20250802643,2025-08-15,CUST00986,Simran Kaur 33,East,Assam,Guwahati,Online,Electronics,Audio,JBL Tune 770NC,2,7097.72,7,13201.76,10212.01,2989.75,UPI,Delivered,5.0
NR20250301935,2025-03-05,CUST00810,Sneha Pillai 27,North,Uttar Pradesh,Noida,Corporate,Electronics,Tablets,Lenovo Tab M11,10,17508.93,16,147075.01,120235.06,26839.95,Debit Card,Delivered,4.0
NR20251201870,2025-12-24,CUST01065,Rohan Kulkarni 36,West,Goa,Goa,Retail Store,Furniture,Tables,Conference Table 6-Seater,3,27589.69,20,66215.26,49618.31,16596.95,Debit Card,Delivered,3.0
NR20250200315,2025-02-22,CUST00967,Ishaan Kapoor 33,South,Andhra Pradesh,Visakhapatnam,Corporate,Office Supplies,Printing,Epson 003 Ink Bottle,10,638.7,7,5939.91,4674.28,1265.63,Net Banking,Delivered,4.0
NR20250901269,2025-09-23,CUST00147,Aman Arora 5,West,Maharashtra,Nashik,Online,Furniture,Storage,Wooden Filing Cabinet,2,7637.81,5,14511.84,11157.24,3354.6,UPI,Delivered,1.0
NR20251104539,2025-11-02,CUST01029,Karan Malhotra 35,East,Bihar,Patna,Online,Accessories,Cables,Portronics HDMI Cable,1,637.42,12,560.93,378.19,182.74,UPI,Delivered,5.0
NR20251000114,2025-10-08,CUST00586,Sakshi Jain 20,North,Uttar Pradesh,Lucknow,Online,Electronics,Monitors,LG 24MP60G,1,12561.02,17,10425.65,8596.39,1829.26,Net Banking,Delivered,4.0
NR20250700961,2025-07-26,CUST00142,Yash Agarwal 5,East,West Bengal,Siliguri,Retail Store,Office Supplies,Printing,Epson 003 Ink Bottle,5,675.33,12,2971.45,2277.94,693.51,Credit Card,Delivered,8.0
NR20250603001,2025-06-21,CUST00178,Isha Banerjee 6,East,West Bengal,Siliguri,Online,Electronics,Monitors,LG 24MP60G,2,12156.73,5,23097.79,18812.1,4285.69,Net Banking,Delivered,9.0
NR20251002324,2025-10-16,CUST00790,Meera Joshi 27,West,Gujarat,Vadodara,Retail Store,Accessories,Bags,American Tourister Laptop Bag,2,2662.54,15,4526.32,3425.09,1101.23,Debit Card,Delivered,3.0
NR20251101715,2025-11-06,CUST00043,Rahul Gupta 2,West,Goa,Goa,Online,Office Supplies,Writing,Classmate Notebook Pack,1,447.01,9,406.78,288.45,118.33,UPI,Delivered,4.0
NR20250503426,2025-05-22,CUST00490,Meera Joshi 17,West,Maharashtra,Mumbai,Corporate,Furniture,Desks,Wooden Study Desk,10,6579.27,10,59213.43,44744.15,14469.28,Credit Card,Delivered,5.0
NR20250104725,2025-01-27,CUST00226,Sakshi Jain 8,West,Maharashtra,Nashik,Online,Electronics,Monitors,LG 24MP60G,2,12404.68,14,21336.05,17646.05,3690.0,UPI,Delivered,1.0
NR20250501663,2025-05-29,CUST00125,Arjun Nair 5,South,Telangana,Hyderabad,Corporate,Furniture,Office Chairs,Featherlite Astro Chair,20,10804.42,0,216088.4,149521.08,66567.32,Credit Card,Delivered,4.0
NR20250903296,2025-09-05,CUST01057,Ishaan Kapoor 36,North,Rajasthan,Jaipur,Retail Store,Office Supplies,Stationery,Kangaro Stapler Set,2,293.61,7,546.11,407.81,138.3,Debit Card,Delivered,5.0
NR20250401973,2025-04-03,CUST00767,Shreya Menon 26,North,Uttarakhand,Dehradun,Retail Store,Electronics,Laptops,HP 15s,3,54183.55,7,151172.1,126392.75,24779.35,UPI,Delivered,4.0
NR20250703520,2025-07-06,CUST01014,Priya Nanda 34,West,Gujarat,Vadodara,Online,Office Supplies,Files,Solo Executive File Pack,3,513.3,12,1355.11,1069.17,285.94,UPI,Delivered,5.0
NR20251204913,2025-12-31,CUST00753,Aditya Verma 26,West,Gujarat,Surat,Online,Electronics,Smartphones,Samsung Galaxy M35,2,21129.05,9,38454.87,34346.76,4108.11,Credit Card,Delivered,4.0
NR20250104569,2025-01-22,CUST00928,Isha Banerjee 31,South,Tamil Nadu,Chennai,Online,Office Supplies,Stationery,Faber-Castell Marker Set,4,367.56,5,1396.73,1049.55,347.18,UPI,Delivered,5.0
NR20250402389,2025-04-16,CUST00995,Arjun Nair 34,South,Kerala,Kochi,Retail Store,Accessories,Webcams,Logitech C270 Webcam,2,2537.03,10,4566.65,3288.42,1278.23,UPI,Delivered,5.0
NR20250604282,2025-06-17,CUST00829,Tanvi Deshmukh 28,South,Tamil Nadu,Coimbatore,Corporate,Office Supplies,Printing,HP 805 Ink Cartridge,15,1254.55,12,16560.06,13591.96,2968.1,Credit Card,Delivered,5.0
NR20250700327,2025-07-28,CUST00329,Mohit Saxena 11,Central,Madhya Pradesh,Gwalior,Online,Furniture,Desks,IKEA Linnmon Desk,1,8680.31,2,8506.7,6343.27,2163.43,Net Banking,Delivered,6.0
NR20250200605,2025-02-16,CUST00114,Priya Nanda 4,North,Delhi,Delhi,Online,Office Supplies,Writing,Classmate Notebook Pack,5,433.47,0,2167.35,1637.94,529.41,UPI,Delivered,3.0
NR20250504251,2025-05-09,CUST01013,Neha Chawla 34,West,Maharashtra,Pune,Online,Electronics,Tablets,Lenovo Tab M11,2,17648.57,11,31414.45,25847.89,5566.56,Credit Card,Delivered,2.0
NR20251203113,2025-12-26,CUST00834,Priya Nanda 28,West,Maharashtra, Pune,Retail Store,Furniture,Desks,Wooden Study Desk,1,6620.31,12,5825.87,4168.59,1657.28,UPI,Delivered,1.0
NR20251002656,2025-10-05,CUST00522,Pooja Singh 18,East,West Bengal,Kolkata,Online,Office Supplies,Printing,Epson 003 Ink Bottle,1,667.37,7,620.65,495.57,125.08,Net Banking,Delivered,5.0
NR20251104296,2025-11-22,CUST01070,Varun Bhatia 36,South,Andhra Pradesh,Vijayawada,Corporate,Accessories,Webcams,Logitech C270 Webcam,15,2513.36,14,32422.34,23945.64,8476.7,Net Banking,Delivered,3.0
NR20250201398,2025-02-21,CUST01080,Sneha Pillai 36,Central,Madhya Pradesh,Bhopal,Retail Store,Office Supplies,Files,Solo Executive File Pack,4,543.08,10,1955.09,1494.19,460.9,Cash,Delivered,4.0
NR20250802949,2025-08-12,CUST01157,Shreya Menon 39,North,Uttar Pradesh,Noida,Retail Store,Accessories,Cables,Portronics HDMI Cable,1,654.31,12,575.79,381.81,193.98,Cash,Delivered,2.0
NR20250701438,2025-07-16,CUST00906,Diya Shah 31,East,Bihar, Patna,Online,Electronics,Cameras,Canon EOS 1500D,1,45136.84,14,38817.68,33439.68,5378.0,UPI,Delivered,7.0
NR20250803429,2025-08-25,CUST00628,Isha Banerjee 21,West,Maharashtra,Mumbai,Corporate,Office Supplies,Writing,Classmate Notebook Pack ,8,427.84,12,3011.99,2364.9,647.09,UPI,Delivered,1.0
NR20250203818,2025-02-21,CUST00936,Diya Shah 32,West,Maharashtra,Nashik,Retail Store,Electronics,Laptops,HP 15s,3,51410.74,7,143435.96,126696.08,16739.88,UPI,Returned,4.0
NR20251202950,2025-12-15,CUST00356,Simran Kaur 12,West,Gujarat,Surat,Corporate,Electronics,Laptops,Acer Aspire 5,8,61439.88,4,471858.28,388281.25,83577.03,UPI,Delivered,3.0
NR20250201719,2025-02-18,CUST00315,Rohan Kulkarni 11,Central,Chhattisgarh,Raipur,Corporate,Office Supplies,Writing,Cello Ball Pen Pack,10,190.89,10,1718.01,1209.06,508.95,Credit Card,Delivered,5.0
NR20250300790,2025-03-05,CUST00422,Aditi Mehta 15,South,Andhra Pradesh,Vijayawada,Online,Office Supplies,Printing,HP 805 Ink Cartridge,8,1239.13,12,8723.48,7369.72,1353.76,Debit Card,Delivered,7.0
NR20250202332,2025-02-05,CUST00285,Rohan Kulkarni 10,South,Tamil Nadu,Coimbatore,Corporate,Electronics,Audio,boAt Airdopes 141 ,20,1411.73,10,25411.14,18440.22,6970.92,Net Banking,Delivered,2.0
NR20250102120,2025-01-31,CUST00990,Sneha Pillai 33,Central,Chhattisgarh,Raipur,Online,Accessories,Power Banks,Ambrane 20000mAh Power Bank,2,1668.17,5,3169.52,2493.93,675.59,UPI,Delivered,6.0
NR20251204576,2025-12-09,CUST00355,Manish Tiwari 12,West,Gujarat,Ahmedabad,Online,Accessories,Power Banks,Ambrane 20000mAh Power Bank,2,1732.25,0,3464.5,2658.61,805.89,Debit Card,Delivered,3.0
NR20250600872,2025-06-16,CUST00378,Siddharth Rao 13,North,Rajasthan,Jaipur,Retail Store,Electronics,Smartphones,Samsung Galaxy M35,1,20990.16,15,17841.64,15454.29,2387.35,Cash,Delivered,2.0
NR20250104753,2025-01-27,CUST00624,Priya Nanda 21,West,Gujarat,Vadodara,Online,Furniture,Desks,IKEA Linnmon Desk,1,8485.58,2,8315.87,6459.4,1856.47,Net Banking,Pending,6.0
NR20250402442,2025-04-21,CUST01199,Mohit Saxena 40,South,Andhra Pradesh,Vijayawada,Retail Store,Electronics,Smartphones,OnePlus Nord CE,1,25808.99,10,23228.09,19596.02,3632.07,Cash,Delivered,3.0
NR20250801393,2025-08-13,CUST00953,Neha Chawla 32,North,Delhi,Delhi,Online,Office Supplies,Stationery, Faber-Castell Marker Set,2,343.29,5,652.25,494.17,158.08,UPI,Delivered,5.0
NR20250900074,2025-09-24,CUST01204,Ananya Iyer 41,West,Goa,Goa,Online,Office Supplies,Writing,Cello Ball Pen Pack,10,180.91,10,1628.19,1158.08,470.11,Credit Card,Delivered,3.0
NR20250902370,2025-09-21,CUST01170,Sneha Pillai 39,North,Punjab,Ludhiana,Online,Office Supplies,Files,Solo Executive File Pack,8,532.43,7,3961.28,3107.53,853.75,Credit Card,Delivered,5.0
NR20251104925,2025-11-18,CUST00114,Priya Nanda 4,South,Andhra Pradesh,Vijayawada,Online,Office Supplies,Stationery,Faber-Castell Marker Set,2,346.28,12,609.45,471.58,137.87,UPI,Cancelled,0.0
NR20250702606,2025-07-27,CUST00718,Isha Banerjee 24,South,Karnataka,Bengaluru,Retail Store,Electronics,Cameras,Canon EOS 1500D,1,44807.34,9,40774.68,34479.56,6295.12,Debit Card,Delivered,1.0
NR20250203106,2025-02-10,CUST00282,,North,Chandigarh,Chandigarh,Online,Furniture,Desks,IKEA Linnmon Desk,2,8729.81,5,16586.64,13232.49,3354.15,UPI,Delivered,4.0
NR20250500093,2025-05-04,CUST00277,Ishaan Kapoor 10,West,Maharashtra,Mumbai,Retail Store,Office Supplies,Files,Solo Executive File Pack,4,536.03,7,1994.03,1567.82,426.21,UPI,Delivered,4.0
NR20250704640,2025-07-31,CUST00506,Simran Kaur 17,West,Maharashtra,Pune,Retail Store,Electronics,Smartphones,Samsung Galaxy M35,1,21659.48,14,18627.15,15872.25,2754.9,Cash,Delivered,
NR20250203923,2025-02-28,CUST00741,Vikram Sethi 25,South,Karnataka,Mysuru,Retail Store,Electronics,Cameras,Canon EOS 1500D,1,45460.0,14,39095.6,33448.79,5646.81,Cash,Delivered,2.0
NR20250602715,2025-06-09,CUST00631,Aarav Sharma 22,East,Bihar,Patna,Online,Office Supplies,Stationery,Kangaro Stapler Set,5,283.02,10,1273.59,942.35,331.24,Net Banking,Delivered,2.0
NR20251202975,2025-12-04,CUST01250,Varun Bhatia 42,west,Maharashtra,Mumbai,Retail Store,Electronics,Audio,JBL Tune 770NC,2,7219.04,12,12705.51,9650.81,3054.7,Credit Card,Delivered,1.0
NR20251002674,2025-10-20,CUST00311,Nikhil Patil 11,South,Andhra Pradesh,Vijayawada,Online,Electronics,Smartphones,OnePlus Nord CE,1,25114.98,7,23356.93,20117.85,3239.08,UPI,Delivered,4.0
NR20250500495,2025-05-25,CUST00337,Ishaan Kapoor 12,West,Gujarat,Surat,Online,Furniture,Storage,Metal Office Cabinet,1,9122.3,5,8666.18,6698.66,1967.52,UPI,Delivered,1.0
NR20250203231,2025-02-02,CUST01071,Vikram Sethi 36,North,Uttar Pradesh,Noida,Corporate,Electronics,Audio,JBL Tune 770NC,5,7162.15,14,30797.24,22980.58,7816.66,Net Banking,Returned,6.0
NR20250704163,2025-07-21,CUST00251,Nikhil Patil 9,West,Goa,Goa,Online,Office Supplies,Paper,JK Copier A4 Paper Ream,5,335.42,10,1509.39,1130.43,378.96,Net Banking,Delivered,5.0
NR20250203649,2025-02-23,CUST01049,Mohit Saxena 35,West,Gujarat,Vadodara,Retail Store,Electronics,Tablets,Lenovo Tab M11,2,18103.41,2,35482.68,29707.82,5774.86,UPI,Delivered,3.0
NR20250901165,2025-09-10,CUST00007,Ishaan Kapoor 1,Central,Chhattisgarh,Bilaspur,Retail Store,Office Supplies,Paper,JK Copier A4 Paper Ream,5,313.38,5,1488.56,1159.72,328.84,Credit Card,Delivered,8.0
NR20250401293,2025-04-16,CUST00835,Manish Tiwari 28,South,Tamil Nadu,Chennai,Retail Store,Furniture,Storage,Wooden Filing Cabinet,1,7741.12,7,7199.24,5602.79,1596.45,Cash,Delivered,3.0
NR20250902585,2025-09-16,CUST00217,Ishaan Kapoor 8,West,Maharashtra,Nashik,Online,Office Supplies,Writing,Cello Ball Pen Pack,3,185.39,10,500.55,345.35,155.2,UPI,Delivered,3.0
NR20251104829,2025-11-04,CUST00793,Rahul Gupta 27,East,Assam,Guwahati,Online,Electronics,Monitors,LG 24MP60G,1,12798.22,6,12030.33,9363.73,2666.6,UPI,Delivered,4.0
NR20250202243,2025-02-17,CUST00224,Riya Das 8,North,Rajasthan,Jaipur,Online,Accessories,Mice,Logitech M331 Mouse,1,1371.8,7,1275.77,932.44,343.33,Net Banking,Cancelled,0.0
NR20250103246,2025-01-22,CUST00158,Kavya Reddy 6,South,Andhra Pradesh,Visakhapatnam,Online,Furniture,Desks,IKEA Linnmon Desk,2,8450.51,12,14872.9,11386.85,3486.05,UPI,Cancelled,0.0
NR20250400619,2025-04-11,CUST01017,Aman Arora 34,South,Karnataka,Bengaluru,Online,Electronics,Smartphones,OnePlus Nord CE,1,25751.49,7,23948.89,21168.14,2780.75,Net Banking,Delivered,3.0
NR20250501938,2025-05-13,CUST00992,Aditi Mehta 34,West,Goa,Goa,Retail Store,Electronics,Laptops,Acer Aspire 5,2,60880.89,7,113238.46,94730.96,18507.5,UPI,Delivered,3.0
NR20251101783,2025-11-09,CUST00095,Arjun Nair 4,South,Tamil Nadu,Chennai,Retail Store,Office Supplies,Stationery,Faber-Castell Marker Set,2,372.87,17,618.96,471.9,147.06,Debit Card,Delivered,4.0
NR20251201695,2025-12-15,CUST00244,Ananya Iyer 9,Central,Chhattisgarh,Raipur,Retail Store,Electronics,Audio,boAt Airdopes 141,1,1448.63,17,1202.36,862.44,339.92,Debit Card,Delivered,6.0
NR20250502918,2025-05-25,CUST01047,Aman Arora 35,South,Telangana,Hyderabad,Corporate,Office Supplies,Files,Solo Executive File Pack,10,508.3,10,4574.7,3639.6,935.1,Net Banking,Delivered,3.0
NR20250802136,2025-08-11,CUST00877,Ishaan Kapoor 30,South,Andhra Pradesh,Vijayawada ,Retail Store,Office Supplies,Printing,Epson 003 Ink Bottle,3,666.22,7,1858.75,1535.11,323.64,Debit Card,Delivered,2.0
NR20250703516,03/07/2025,CUST01206,Diya Shah 41,West,Maharashtra,Mumbai,Online,Furniture,Storage,Metal Office Cabinet,1,8928.15,10,8035.34,6063.02,1972.32,Credit Card,Delivered,1.0
NR20251000870,2025-10-21,CUST00820,Meera Joshi 28,North,Punjab,Ludhiana,Online,Electronics,Tablets,Lenovo Tab M11,1,17614.84,10,15853.36,12887.32,2966.04,UPI,Delivered,3.0
NR20250902989,2025-09-29,CUST01028,Kavya Reddy 35,East,Bihar,Patna,Online,Furniture,Office Chairs,Green Soul Monster Chair,1,14451.22,12,12717.07,9289.91,3427.16,UPI,Delivered,1.0
NR20250301043,2025-03-15,CUST00011,Nikhil Patil 1,West,Maharashtra,Pune,Corporate,Electronics,Smartphones,Samsung Galaxy M35,15,21438.78,14,276560.26,238224.7,38335.56,Credit Card,Delivered,5.0
NR20250601434,2025-06-17,CUST01233,Aditya Verma 42,South,Tamil Nadu,Coimbatore,Retail Store,Office Supplies,Writing,Cello Ball Pen Pack,8,175.48,5,1333.65,956.48,377.17,Debit Card,Delivered,5.0
NR20250700357,2025-07-12,CUST00969,Karan Malhotra 33,East,West Bengal,Siliguri,Online,Electronics,Smartphones,Samsung Galaxy M35,3,21345.19,10,57632.01,49005.44,8626.57,Net Banking,Delivered,5.0
NR20250901163,2025-09-13,CUST00697,Ishaan Kapoor 24,East,Bihar,Patna,Online,Furniture,Desks,Wooden Study Desk,1,6630.62,5,6299.09,4759.91,1539.18,Credit Card,Delivered,6.0
NR20251002848,2025-10-28,CUST00563,Neha Chawla 19,West,Maharashtra,Pune,Online,Electronics,Laptops,HP 15s,1,54381.02,15,46223.87,39333.63,6890.24,UPI,Delivered,4.0
NR20250803951,2025-08-29,CUST00376,Sakshi Jain 13,East,Jharkhand,Ranchi,Online,Furniture,Storage,Metal Office Cabinet,1,9221.59,7,8576.08,6396.54,2179.54,UPI,Delivered,4.0
NR20250601420,2025-06-28,CUST00599,Mohit Saxena 20,South,Andhra Pradesh,Vijayawada,Retail Store,Accessories,Bags,American Tourister Laptop Bag,1,2673.25,10,2405.93,1840.81,565.12,Credit Card,Delivered,5.0
NR20250402303,2025-04-19,CUST00078,Siddharth Rao 3,West,Maharashtra,Nashik,Online,Electronics,Audio,JBL Tune 770NC,1,7359.84,7,6844.65,4933.09,1911.56,Credit Card,Delivered,3.0
NR20250601865,2025-06-11,CUST00583,Rahul Gupta 20,South,Tamil Nadu,Coimbatore,Retail Store,Accessories,Cables,Belkin USB-C Cable,2,1117.98,5,2124.16,1531.63,592.53,Cash,Delivered,6.0
NR20250504216,2025-05-11,CUST00500,Varun Bhatia 17,South,Andhra Pradesh,Vijayawada,Online,Office Supplies,Writing,Classmate Notebook Pack,3,450.87,5,1284.98,963.02,321.96,Net Banking,Delivered,4.0
NR20251103656,2025-11-10,CUST00744,Priya Nanda 25,North,Uttar Pradesh,Noida,Online,Accessories,Keyboards,Logitech K120 Keyboard,3,854.04,15,2177.8,1555.64,622.16,UPI,Returned,6.0
NR20251203752,2025-12-25,CUST00684,Priya Nanda 23,South,Tamil Nadu,Chennai,Retail Store,Electronics,Laptops,HP 15s,2,54874.16,11,97676.0,86423.75,11252.25,Credit Card,Cancelled,0.0
NR20250401331,2025-04-02,CUST00779,Mohit Saxena 26,South,Karnataka,Mysuru,Retail Store,Accessories,Mice,Logitech M331 Mouse,2,1492.37,2,2925.05,2130.69,794.36,UPI,Delivered,1.0
NR20251104178,2025-11-16,CUST00119,Mohit Saxena 4,South,Karnataka,Mysuru,Retail Store,Office Supplies,Stationery,Kangaro Stapler Set,5,281.55,10,1266.98,925.0,341.98,UPI,Delivered,1.0
NR20250800333,2025-08-13,CUST00227,Shreya Menon 8,West,Goa,Goa,Online,Office Supplies,Writing,Classmate Notebook Pack,5,456.28,0,2281.4,1699.74,581.66,UPI,Returned,5.0
NR20250202528,2025-02-08,CUST00215,Arjun Nair 8,North,Punjab,Ludhiana,Corporate,Electronics,Smartphones,Samsung Galaxy M35,10,22737.55,4,218280.48,188601.25,29679.23,Credit Card,Delivered,4.0
NR20250102819,2025-01-25,CUST00169,Tanvi Deshmukh 6,Central,Madhya Pradesh,Jabalpur,Online,Accessories,Bags,Skybags Casual Backpack,1,1948.61,7,1812.21,1324.21,488.0,UPI,Returned,7.0
NR20250303556,2025-03-20,CUST00472,Yash Agarwal 16,South,Andhra Pradesh,Vijayawada,Online,Electronics,Audio,JBL Tune 770NC,1,7187.71,7,6684.57,5114.05,1570.52,UPI,Delivered,4.0
NR20250201259,2025-02-09,CUST00445,Manish Tiwari 15,North,Punjab,Amritsar,Corporate,Accessories,Bags,American Tourister Laptop Bag,1,2574.55,12,2265.6,1770.44,495.16,Credit Card,Delivered,5.0
NR20250503780,2025-05-16,CUST00592,Yash Agarwal 20,South,Telangana,Hyderabad,Retail Store,Electronics,Monitors,LG 24MP60G,4,12407.58,6,46652.5,37101.98,9550.52,UPI,Delivered,5.0
NR20250204947,2025-02-24,CUST00601,Aarav Sharma 21,North,Chandigarh,Chandigarh,Online,Accessories,Power Banks,Ambrane 20000mAh Power Bank,1,1629.51,5,1548.03,1194.42,353.61,UPI,Delivered,5.0
NR20250101117,2025-01-25,CUST00256,Sakshi Jain 9, South ,Karnataka,Bengaluru,Corporate,Accessories,Webcams,Logitech C270 Webcam,5,2534.73,0,12673.65,9714.0,2959.65,Credit Card,Delivered,4.0
NR20250704201,2025-07-04,CUST00702,Pooja Singh 24,South,Telangana,Hyderabad,Retail Store,Furniture,Desks,IKEA Linnmon Desk,2,8491.75,7,15794.65,11904.11,3890.54,UPI,Delivered,4.0
NR20251003858,2025-10-21,CUST01121,Nikhil Patil 38,West,Maharashtra,Nashik,Online,Office Supplies,Stationery,Kangaro Stapler Set,3,278.88,5,794.81,594.17,200.64,Credit Card,Delivered,2.0
NR20250104319,2025-01-08,CUST00038,Kavya Reddy 2,West,Maharashtra,Pune,Corporate,Furniture,Tables,Conference Table 6-Seater,3,28073.8,14,72430.4,58602.53,13827.87,Debit Card,Delivered,2.0
NR20250504069,2025-05-30,CUST01197,Aman Arora 40,North,Delhi,Delhi,Online,Accessories,Webcams,Logitech C270 Webcam,2,2598.06,7,4832.39,3670.51,1161.88,Debit Card,Delivered,5.0
NR20250104169,2025-01-05,CUST00597,Aman Arora 20,West,Maharashtra,Nagpur,Retail Store,Furniture,Office Chairs,Featherlite Astro Chair,2,9943.9,7,18495.65,13156.5,5339.15,Debit Card,Delivered,3.0
NR20250802722,2025-08-22,CUST00695,Arjun Nair 24,West,Maharashtra,Pune,Retail Store,Furniture,Office Chairs,Green Soul Monster Chair,1,14511.89,2,14221.65,10718.08,3503.57,UPI,Delivered,5.0
NR20250900446,2025-09-07,CUST00660,Sneha Pillai 22,South,Tamil Nadu,Coimbatore,Retail Store,Office Supplies,Paper,JK Copier A4 Paper Ream,1,310.82,7,289.06,216.69,72.37,Credit Card,Delivered,3.0
NR20250302312,2025-03-11,CUST00770,Varun Bhatia 26,West,Gujarat,Surat,Online,Electronics,Smartphones,OnePlus Nord CE,2,23899.89,7,44453.8,40253.65,4200.15,Net Banking,Delivered,3.0
NR20250600453,2025-06-10,CUST00961,Aarav Sharma 33,North,Punjab,Amritsar,Online,Accessories,Cables,Belkin USB-C Cable,1,1100.95,2,1078.93,772.77,306.16,Credit Card,Pending,3.0
NR20250904218,2025-09-21,CUST00167,Shreya Menon 6,West,Gujarat,Vadodara,Corporate,Furniture,Storage,Metal Office Cabinet,2,8868.3,15,15076.11,11835.61,3240.5,Debit Card,Delivered,5.0
NR20251104498,2025-11-21,CUST00669,Karan Malhotra 23,East,Odisha,Bhubaneswar,Corporate,Accessories,Webcams,Logitech C270 Webcam,10,2526.27,14,21725.92,16196.88,5529.04,Net Banking,Delivered,7.0
NR20250303049,2025-03-18,CUST01160,Varun Bhatia 39,North,Delhi,Delhi,Corporate,Furniture,Desks,Wooden Study Desk,10,6709.47,2,65752.81,48916.35,16836.46,Net Banking,Delivered,3.0
NR20250200015,2025-02-27,CUST00106,Sakshi Jain 4,South,Karnataka,Bengaluru,Online,Office Supplies,Paper,JK Copier A4 Paper Ream,4,313.25,10,1127.7,886.15,241.55,UPI,Delivered,5.0
NR20250904741,2025-09-10,CUST00059,Mohit Saxena 2,North,Uttar Pradesh,Lucknow,Retail Store,Electronics,Laptops,Acer Aspire 5,2,63676.0,7,118437.36,99872.94,18564.42,Debit Card,Delivered,4.0
NR20251200946,2025-12-30,CUST00223,Rahul Gupta 8,West,Maharashtra,Mumbai,Retail Store,Electronics,Cameras,Canon EOS 1500D,1,45740.96,17,37965.0,32661.16,5303.84,Cash,Delivered,3.0
NR20251200248,2025-12-25,CUST00643,Rahul Gupta 22,West,Gujarat,Surat,Retail Store,Furniture,Tables,Conference Table 6-Seater,1,29194.51,17,24231.44,18428.86,5802.58,Debit Card,Delivered,3.0
NR20250803320,2025-08-28,CUST00493,Rahul Gupta 17,South,Kerala,Kochi,Online,Furniture,Tables,Conference Table 6-Seater,2,27831.86,5,52880.53,43097.85,9782.68,UPI,Delivered,5.0
NR20250900361,2025-09-21,CUST01218,Siddharth Rao 41,West,Maharashtra,Mumbai,Online,Furniture,Storage,Wooden Filing Cabinet,2,7813.64,5,14845.92,11614.55,3231.37,UPI,Delivered,3.0
NR20250704723,2025-07-22,CUST00261,Vikram Sethi 9, West ,Goa,Goa,Online,Furniture,Storage,Metal Office Cabinet,1,9281.5,10,8353.35,6561.95,1791.4,UPI,Delivered,3.0
NR20250602604,2025-06-30,CUST01005,Rohan Kulkarni 34,West,Maharashtra,Mumbai,Retail Store,Electronics,Tablets,Lenovo Tab M11,1,17205.53,5,16345.25,13776.47,2568.78,UPI,Delivered,6.0
NR20250103524,2025-01-29,CUST00531,Vikram Sethi 18,West,Goa,Goa,Online,Office Supplies,Writing,Classmate Notebook Pack,2,464.84,5,883.2,686.29,196.91,UPI,Delivered,5.0
NR20251202371,2025-12-23,CUST00390,Sneha Pillai 13,North,Rajasthan,Jaipur,Retail Store,Office Supplies,Files,Solo Executive File Pack,5,523.48,15,2224.79,1809.23,415.56,Cash,Delivered,3.0
NR20251203257,2025-12-19,CUST00565,Manish Tiwari 19,West,Gujarat,Vadodara,Corporate,Electronics,Smartphones,OnePlus Nord CE,8,25033.02,8,184243.03,167234.55,17008.48,Credit Card,Delivered,4.0
NR20251103270,2025-11-05,CUST00288,Siddharth Rao 10,West,Gujarat,Ahmedabad,Online,Accessories,Cables,Portronics HDMI Cable,2,665.81,5,1265.04,863.41,401.63,UPI,Delivered,4.0
NR20250204291,2025-02-27,CUST00779,Mohit Saxena 26,North,Delhi,Delhi,Online,Electronics,Monitors,LG 24MP60G,2,12366.3,7,23001.32,18925.07,4076.25,UPI,Delivered,5.0
NR20250703790,2025-07-20,CUST01195,Manish Tiwari 40,South,Telangana,Hyderabad,Online,Electronics,Smartphones,OnePlus Nord CE,1,25583.39,15,21745.88,18638.86,3107.02,Debit Card,Delivered,3.0
NR20251003605,2025-10-28,CUST00835,Manish Tiwari 28,East,West Bengal,Siliguri,Online,Electronics,Audio,JBL Tune 770NC,1,7119.73,10,6407.76,4738.61,1669.15,UPI,Delivered,4.0
NR20250404954,2025-04-21,CUST00801,Vikram Sethi 27,East,Jharkhand,Ranchi,Retail Store,Electronics,Laptops,Acer Aspire 5,3,61130.64,9,166886.65,142722.13,24164.52,Debit Card,Delivered,4.0
NR20251102940,2025-11-06,CUST00573,Aditya Verma 20,East,Jharkhand,Ranchi,Retail Store,Accessories,Power Banks,Ambrane 20000mAh Power Bank,1,1722.92,7,1602.32,1205.73,396.59,Cash,Delivered,4.0
NR20250600491,2025-06-22,CUST00317,Shreya Menon 11,West,Maharashtra,Mumbai,Online,Electronics,Tablets,Lenovo Tab M11,2,17534.93,9,31913.57,25708.55,6205.02,Debit Card,Returned,7.0
NR20251100863,2025-11-09,CUST00982,Yash Agarwal 33,South,Andhra Pradesh,Visakhapatnam,Online,Accessories,Bags,Skybags Casual Backpack,4,1949.66,7,7252.74,5343.75,1908.99,Credit Card,Delivered,3.0
NR20250503610,2025-05-28,CUST00344,Riya Das 12,north,Delhi,Delhi,Online,Office Supplies,Files,Solo Executive File Pack,2,513.42,10,924.16,704.03,220.13,Credit Card,Delivered,3.0
NR20250402488,2025-04-26,CUST00611,Nikhil Patil 21,North,Uttarakhand,Dehradun,Corporate,Electronics,Laptops,HP 15s,15,52803.69,14,681167.6,569273.27,111894.33,Credit Card,Delivered,3.0
NR20250201984,2025-02-07,CUST01090,Meera Joshi 37,South,Karnataka,Bengaluru,Online,Office Supplies,Stationery,Kangaro Stapler Set,3,269.92,2,793.56,619.84,173.72,Debit Card,Delivered,3.0
NR20250602518,2025-06-25,CUST00752,Aditi Mehta 26,South,Telangana,Hyderabad,Retail Store,Office Supplies,Stationery,Kangaro Stapler Set,10,286.7,5,2723.65,2000.03,723.62,UPI,Delivered,5.0
NR20250901962,2025-09-13,CUST00123,Aditya Verma 5,East,West Bengal,Siliguri,Online,Office Supplies,Stationery,Kangaro Stapler Set,3,298.69,7,833.35,632.86,200.49,Credit Card,Delivered,2.0
NR20250603459,2025-06-03,CUST00437,Shreya Menon 15,SOUTH,Tamil Nadu,Coimbatore,Online,Office Supplies,Stationery,Kangaro Stapler Set,2,279.1,10,502.38,372.02,130.36,UPI,Pending,4.0
NR20250900507,2025-09-19,CUST00038,Kavya Reddy 2,West,Goa,Goa,Online,Accessories,Mice,Logitech M331 Mouse,1,1462.74,12,1287.21,927.7,359.51,Debit Card,Delivered,2.0
NR20251004040,2025-10-18,CUST00507,Aman Arora 17,West,Maharashtra,Mumbai,Online,Furniture,Desks,IKEA Linnmon Desk,1,8689.04,12,7646.36,5503.46,2142.9,UPI,Delivered,3.0
NR20251000026,2025-10-15,CUST00616,Sakshi Jain 21,West,Gujarat,Vadodara,Retail Store,Accessories,Bags,American Tourister Laptop Bag,1,2695.94,10,2426.35,1844.7,581.65,Cash,Delivered,5.0
NR20251103740,2025-11-19,CUST00510,Sneha Pillai 17,South,Karnataka,Bengaluru,Online,Office Supplies,Printing,Epson 003 Ink Bottle,2,626.08,5,1189.55,924.15,265.4,Net Banking,Delivered,5.0
NR20250501223,2025-05-09,CUST00733,Rahul Gupta 25,West,Maharashtra,Pune,Retail Store,Furniture,Tables,Conference Table 6-Seater,1,28238.55,15,24002.77,19188.75,4814.02,UPI,Delivered,4.0
NR20250101114,2025-01-18,CUST00443,Neha Chawla 15,South,Karnataka,Bengaluru,Online,Electronics,Audio,JBL Tune 770NC,1,7156.42,5,6798.6,5023.77,1774.83,Net Banking,Delivered,4.0
NR20250803484,2025-08-15,CUST00539,Mohit Saxena 18,South,Karnataka,Mysuru,Online,Furniture,Office Chairs,Green Soul Monster Chair,1,14171.69,5,13463.11,9878.21,3584.9,UPI,Delivered,4.0
NR20250503529,2025-05-21,CUST00581,Nikhil Patil 20, North ,Chandigarh,Chandigarh,Online,Accessories,Keyboards,Logitech K120 Keyboard,1,887.62,10,798.86,573.25,225.61,Credit Card,Delivered,3.0
NR20250701428,2025-07-04,CUST01250,Varun Bhatia 42,West,Maharashtra,Pune,Retail Store,Furniture,Storage,Wooden Filing Cabinet,1,8064.74,10,7258.27,5646.86,1611.41,Credit Card,Delivered,4.0
NR20250804739,2025-08-22,CUST01026,Diya Shah 35,East,West Bengal,Kolkata,Online,Accessories,Bags,Skybags Casual Backpack,1,1801.37,10,1621.23,1236.74,384.49,Net Banking,Delivered,6.0
NR20250900434,2025-09-03,CUST00231,Vikram Sethi 8,East,West Bengal,Siliguri,Retail Store,Electronics,Laptops,Acer Aspire 5,2,62719.9,6,117913.41,100836.08,17077.33,Credit Card,Delivered,5.0
NR20250504422,2025-05-24,CUST01208,Kavya Reddy 41,West,Maharashtra,Pune,Retail Store,Furniture,Tables,Conference Table 6-Seater,1,28989.07,7,26959.84,19984.15,6975.69,Cash,Cancelled,0.0
NR20250404894,2025-04-14,CUST00796,Sakshi Jain 27,South,Tamil Nadu,Chennai,Online,Electronics,Audio,JBL Tune 770NC,1,7267.71,7,6758.97,4973.96,1785.01,Debit Card,Delivered,4.0
NR20250802922,2025-08-24,CUST00866,Simran Kaur 29,North,Uttar Pradesh,Lucknow,Retail Store,Electronics,Monitors,LG 24MP60G,1,12694.87,4,12187.08,10044.96,2142.12,Debit Card,Delivered,2.0
NR20250202155,2025-02-27,CUST00636,Diya Shah 22,North,Chandigarh,Chandigarh,Retail Store,Furniture,Storage,Wooden Filing Cabinet,1,7720.41,7,7179.98,5483.91,1696.07,Credit Card,Delivered,3.0
NR20250103576,2025-01-21,CUST00368,Kavya Reddy 13,South,Tamil Nadu,Coimbatore,Online,Accessories,Bags,Skybags Casual Backpack,3,1955.35,5,5572.75,4100.06,1472.69,Debit Card,Pending,4.0
NR20250703264,2025-07-06,CUST00633,Aditya Verma 22,West,Maharashtra,Nagpur,Retail Store,Office Supplies,Stationery,Faber-Castell Marker Set,4,364.61,12,1283.43,977.45,305.98,Cash,Delivered,3.0
NR20250902195,2025-09-06,CUST00240,Sneha Pillai 8,South,Karnataka,Bengaluru,Corporate,Electronics,Monitors,LG 24MP60G,8,12448.23,12,87635.54,73536.15,14099.39,UPI,Delivered,5.0
NR20250404104,2025-04-12,CUST00349,Tanvi Deshmukh 12,East,Bihar,Patna,Online,Accessories,Bags,Skybags Casual Backpack,3,1922.11,7,5362.69,3868.69,1494.0,Debit Card,Delivered,4.0
NR20250603007,2025-06-17,CUST00175,Manish Tiwari 6,West,Gujarat,Surat,Corporate,Office Supplies,Writing,Cello Ball Pen Pack,8,185.96,12,1309.16,928.15,381.01,UPI,Delivered,5.0
NR20250301103,2025-03-07,CUST00402,Pooja Singh 14,South,Kerala,Kochi,Corporate,Office Supplies,Writing,Classmate Notebook Pack,10,455.41,5,4326.4,3391.88,934.52,Net Banking,Delivered,5.0
NR20250803634,2025-08-17,CUST01070,Varun Bhatia 36,East,Assam,Guwahati,Online,Electronics,Smartphones,OnePlus Nord CE,1,25441.06,12,22388.13,19144.03,3244.1,UPI,Returned,11.0
NR20250801535,2025-08-11,CUST01003,Rahul Gupta 34,North,Chandigarh,Chandigarh,Retail Store,Accessories,Power Banks,Ambrane 20000mAh Power Bank,1,1703.86,2,1669.78,1276.04,393.74,Debit Card,Delivered,3.0
NR20250702202,2025-07-17,CUST00669,Karan Malhotra 23,South,Andhra Pradesh,Vijayawada,Online,Electronics,Laptops,Acer Aspire 5,4,63249.31,14,217577.63,183901.75,33675.88,UPI,Delivered,4.0
NR20250203957,2025-02-27,CUST00535,Manish Tiwari 18,East,Bihar,Patna,Online,Office Supplies,Files,Solo Executive File Pack,1,520.25,5,494.24,382.91,111.33,Net Banking,Delivered,5.0
NR20250500157,2025-05-17,CUST01208,Kavya Reddy 41,East,Odisha,Bhubaneswar,Retail Store,Accessories,Webcams,Logitech C270 Webcam,1,2472.86,10,2225.57,1629.94,595.63,Debit Card,Delivered,7.0
NR20250300916,2025-03-24,CUST00386,Simran Kaur 13,North,Delhi,Delhi,Retail Store,Electronics,Cameras,Canon EOS 1500D,1,45179.2,9,41113.07,34308.81,6804.26,Cash,Delivered,3.0
NR20251201874,2025-12-29,CUST00931,Aarav Sharma 32,East,Assam,Guwahati,Online,Electronics,Smartphones,OnePlus Nord CE,1,24595.73,11,21890.2,19225.79,2664.41,Credit Card,Delivered,3.0
NR20250600616,2025-06-30,CUST00484,Ananya Iyer 17,East,West Bengal,Siliguri,Online,Furniture,Office Chairs,Featherlite Astro Chair,1,10549.38,10,9494.44,6637.7,2856.74,UPI,Delivered,6.0
NR20250300644,2025-03-22,CUST00588,Siddharth Rao 20,West,Maharashtra,Pune,Corporate,Accessories,Webcams,Logitech C270 Webcam,2,2492.54,17,4137.62,3008.06,1129.56,UPI,Delivered,6.0
NR20250403893,2025-04-23,CUST00788,Kavya Reddy 27,North,Uttar Pradesh,Lucknow,Retail Store,Furniture,Storage,Metal Office Cabinet,2,9369.71,10,16865.48,13580.53,3284.95,Cash,Delivered,5.0
NR20251201729,2025-12-12,CUST01050,Sneha Pillai 35,South,Karnataka,Mysuru,Online,Electronics,Laptops,Acer Aspire 5,1,60899.66,11,54200.7,46117.89,8082.81,Net Banking,Delivered,3.0
NR20251001069,2025-10-12,CUST00998,Kavya Reddy 34,South,Karnataka,Mysuru,Online,Furniture,Storage,Wooden Filing Cabinet,1,7805.6,10,7025.04,5481.2,1543.84,Net Banking,Delivered,4.0
NR20251003387,2025-10-21,CUST00842,Aditi Mehta 29,East,Bihar,Patna,Retail Store,Office Supplies,Paper,JK Copier A4 Paper Ream,4,340.01,12,1196.84,939.52,257.32,Credit Card,Delivered,3.0
NR20250202723,2025-02-15,CUST00512,Aditi Mehta 18,East,West Bengal,Siliguri,Corporate,Office Supplies,Files,Solo Executive File Pack,20,523.14,17,8684.12,6919.41,1764.71,Credit Card,Delivered,3.0
NR20251104413,2025-11-24,CUST00829,Tanvi Deshmukh 28,Central,Chhattisgarh,Bilaspur,Retail Store,Accessories,Power Banks,Ambrane 20000mAh Power Bank,2,1623.37,10,2922.07,2272.69,649.38,Cash,Delivered,6.0
NR20251203535,2025-12-26,CUST00868,Isha Banerjee 29,East,Jharkhand,Ranchi,Online,Electronics,Laptops,HP 15s,1,52184.0,12,45921.92,39337.89,6584.03,Net Banking,Delivered,6.0
NR20250800331,2025-08-15,CUST00107,Shreya Menon 4,Central,Chhattisgarh,Raipur,Online,Accessories,Cables,Portronics HDMI Cable,1,636.43,7,591.88,416.55,175.33,UPI,Delivered,4.0
NR20250303721,2025-03-09,CUST00931,Aarav Sharma 32,Central,Madhya Pradesh,Jabalpur,Online,Electronics,Cameras,Canon EOS 1500D,1,43745.57,19,35433.91,30987.43,4446.48,UPI,Delivered,7.0
NR20250303979,2025-03-07,CUST01229,Mohit Saxena 41,North,Rajasthan,Jaipur,Online,Electronics,Monitors,LG 24MP60G,1,12962.76,12,11407.23,9347.73,2059.5,UPI,Delivered,4.0
NR20250303443,2025-03-02,CUST00149,Mohit Saxena 5,South,Tamil Nadu,Chennai,Retail Store,Office Supplies,Printing,Epson 003 Ink Bottle,3,663.92,12,1752.75,1397.89,354.86,Debit Card,Delivered,4.0
NR20250800623,2025-08-12,CUST00210,Sneha Pillai 7,South,Tamil Nadu,Chennai,Retail Store,Electronics,Cameras,Canon EOS 1500D,1,47630.78,9,43344.01,37810.47,5533.54,UPI,Delivered,4.0
NR20250904899,2025-09-13,CUST00144,Priya Nanda 5,east,Jharkhand,Ranchi,Corporate,Electronics,Audio,boAt Airdopes 141,20,1402.29,12,24680.3,18098.46,6581.84,UPI,Delivered,6.0
NR20251004968,2025-10-27,CUST00942,Pooja Singh 32,South,Andhra Pradesh,Vijayawada,Online,Office Supplies,Stationery,Kangaro Stapler Set,3,267.76,14,690.82,537.11,153.71,UPI,Returned,6.0
NR20250803525,2025-08-27,CUST00372,Pooja Singh 13,South,Kerala,Kochi,Online,Accessories,Cables,Portronics HDMI Cable,1,644.99,12,567.59,401.49,166.1,UPI,Returned,5.0
NR20251102992,2025-11-13,CUST00288,Siddharth Rao 10,West,Gujarat,Vadodara,Corporate,Office Supplies,Paper,JK Copier A4 Paper Ream,5,334.43,6,1571.82,1239.22,332.6,Credit Card,Delivered,3.0
NR20250302030,2025-03-06,CUST01119,Karan Malhotra 38,West,Maharashtra,Nagpur,Online,Electronics,Audio,boAt Airdopes 141,2,1420.92,14,2443.98,1736.38,707.6,Debit Card,Delivered,2.0
NR20250601648,2025-06-09,CUST00869,Mohit Saxena 29,East,Jharkhand,Ranchi,Online,Office Supplies,Printing,HP 805 Ink Cartridge,4,1244.58,2,4878.75,3980.59,898.16,UPI,Delivered,6.0
NR20250202790,2025-02-23,CUST01037,Shreya Menon 35,Central,Madhya Pradesh,Indore,Retail Store,Furniture,Storage,Wooden Filing Cabinet,2,7980.95,0,15961.9,12598.37,3363.53,Cash,Delivered,4.0
NR20250500756,2025-05-22,CUST00149,Mohit Saxena 5,East,Assam,Guwahati,Online,Electronics,Audio,JBL Tune 770NC,1,7349.57,17,6100.14,4424.4,1675.74,UPI,Delivered,7.0
NR20250100519,2025-01-19,CUST00051,Vikram Sethi 2,Central,Chhattisgarh,Bilaspur,Online,Electronics,Laptops,HP 15s,2,56078.8,7,104306.57,85326.68,18979.89,UPI,Delivered,5.0
NR20250803917,2025-08-20,CUST01177,Ishaan Kapoor 40,East,West Bengal,Kolkata,Online,Electronics,Audio,boAt Airdopes 141,1,1405.68,11,1251.06,896.7,354.36,Debit Card,Delivered,5.0
NR20251200033,2025-12-17,CUST00117,Aman Arora 4,East,Odisha,Bhubaneswar ,Retail Store,Office Supplies,Files,Solo Executive File Pack,2,518.3,7,964.04,715.91,248.13,Credit Card,Delivered,5.0
NR20250303831,2025-03-26,CUST00860,Varun Bhatia 29,West,Maharashtra,Mumbai,Corporate,Office Supplies,Printing,Epson 003 Ink Bottle,5,632.17,12,2781.55,2201.84,579.71,Credit Card,Delivered,5.0
NR20250601158,2025-06-09,CUST00519,Karan Malhotra 18,West,Maharashtra,Pune,Online,Accessories,Bags,Skybags Casual Backpack,3,1945.06,2,5718.48,4178.09,1540.39,Net Banking,Delivered,8.0
NR20251000745,2025-10-19,CUST01052,Aditi Mehta 36,West,Maharashtra,Mumbai,Retail Store,Furniture,Desks,Wooden Study Desk,3,6581.52,2,19349.67,14415.54,4934.13,Credit Card,Delivered,4.0
NR20250804426,2025-08-04,CUST01015,Manish Tiwari 34,West,Maharashtra,Nashik,Corporate,Office Supplies,Printing,HP 805 Ink Cartridge,8,1302.63,5,9899.99,8108.53,1791.46,Credit Card,Delivered,5.0
NR20250902472,2025-09-18,CUST00436,Sakshi Jain 15,South,Karnataka,Bengaluru,Retail Store,Office Supplies,Stationery,Kangaro Stapler Set,4,286.4,7,1065.41,819.15,246.26,Cash,Delivered,3.0
NR20250901730,2025-09-05,CUST00276,Diya Shah 10,West,Gujarat,Ahmedabad,Online,Accessories,Bags,Skybags Casual Backpack,1,1899.77,10,1709.79,1202.99,506.8,Net Banking,Delivered,4.0
NR20251103802,2025-11-16,CUST00306,Diya Shah 11,West,Maharashtra,Nashik,Online,Office Supplies,Stationery,Faber-Castell Marker Set,10,353.12,5,3354.64,2534.59,820.05,Credit Card,Delivered,2.0
NR20250800784,2025-08-27,CUST01095,Rohan Kulkarni 37,South,Andhra Pradesh,Visakhapatnam,Online,Electronics,Monitors,LG 24MP60G,2,12324.27,5,23416.11,18654.18,4761.93,Debit Card,Delivered,4.0
NR20251001873,2025-10-14,CUST00658,Isha Banerjee 22,South,Andhra Pradesh,Vijayawada,Corporate,Accessories,Cables,Belkin USB-C Cable,15,1066.96,7,14884.09,10337.17,4546.92,Credit Card,Delivered,5.0
NR20250604175,2025-06-13,CUST00090,Sneha Pillai 3,North,Punjab,Ludhiana,Online,Electronics,Audio,boAt Airdopes 141,1,1438.28,14,1236.92,901.57,335.35,UPI,Delivered,5.0
NR20250100230,2025-01-05,CUST01008,Siddharth Rao 34,South,Andhra Pradesh,Visakhapatnam,Online,Accessories,Mice,Logitech M331 Mouse,1,1397.34,0,1397.34,982.08,415.26,Credit Card,Delivered,5.0
NR20251200858,2025-12-07,CUST01152,Pooja Singh 39,South,Andhra Pradesh,Visakhapatnam,Corporate,Electronics,Monitors,LG 24MP60G,3,13211.42,25,29725.69,24572.27,5153.42,Credit Card,Delivered,4.0
NR20250203379,2025-02-01,CUST00534,Priya Nanda 18,West,Gujarat,Surat,Online,Electronics,Audio,boAt Airdopes 141,1,1362.66,7,1267.27,914.42,352.85,Net Banking,Delivered,4.0
NR20250502944,2025-05-15,CUST00525,Rohan Kulkarni 18,West,Maharashtra,Mumbai,Online,Electronics,Laptops,Acer Aspire 5,1,62916.37,10,56624.73,47178.96,9445.77,UPI,Delivered,1.0
NR20250300409,2025-03-09,CUST01200,Sneha Pillai 40,West,Maharashtra,Nashik,Retail Store,Electronics,Smartphones,Samsung Galaxy M35,1,22178.57,6,20847.86,18465.01,2382.85,UPI,Delivered,2.0
NR20250900171,2025-09-18,CUST00802,Yash Agarwal 27,West,Maharashtra,Pune,Retail Store,Office Supplies,Printing,Epson 003 Ink Bottle,4,623.23,5,2368.27,1886.05,482.22,UPI,Delivered,2.0
NR20251000541,2025-10-07,CUST00632,Aditi Mehta 22,South,Kerala,Kochi,Online,Furniture,Tables,Conference Table 6-Seater,2,29159.28,10,52486.7,40135.17,12351.53,UPI,Delivered,3.0
NR20251202277,2025-12-18,CUST00743,Neha Chawla 25,West,Gujarat,Vadodara,Corporate,Electronics,Audio,JBL Tune 770NC,10,7432.19,20,59457.52,45959.35,13498.17,Net Banking,Delivered,3.0
NR20250103735,2025-01-04,CUST00871,Aarav Sharma 30,North,Rajasthan,Jaipur,Online,Office Supplies,Printing,HP 805 Ink Cartridge,1,1280.47,0,1280.47,1057.3,223.17,UPI,Delivered,1.0
NR20250403817,2025-04-24,CUST00138,Siddharth Rao 5,West,Gujarat,Vadodara,Corporate,Furniture,Storage,Metal Office Cabinet,10,9344.93,7,86907.85,68799.78,18108.07,Net Banking,Delivered,4.0
NR20250800614,2025-08-27,CUST00024,Priya Nanda 1,North,Uttar Pradesh,Lucknow,Retail Store,Office Supplies,Writing,Classmate Notebook Pack,5,442.66,2,2169.03,1618.31,550.72,Cash,Delivered,4.0
NR20251101635,2025-11-01,CUST00815,Arjun Nair 28,West,Gujarat,Surat,Online,Office Supplies,Printing,HP 805 Ink Cartridge,3,1307.51,20,3138.02,2523.81,614.21,Credit Card,Delivered,4.0
NR20251101913,2025-11-04,CUST00450,Sneha Pillai 15,West,Maharashtra,Nagpur,Retail Store,Furniture,Tables,Conference Table 6-Seater,2,29192.59,14,50211.25,39528.1,10683.15,UPI,Delivered,5.0
NR20251203545,2025-12-02,CUST01225,Manish Tiwari 41,West,Maharashtra,Pune,Online,Electronics,Smartphones,Samsung Galaxy M35,2,23131.35,9,42099.06,36667.89,5431.17,Credit Card,Cancelled,0.0
NR20250701162,2025-07-24,CUST00046,Sakshi Jain 2,West,Maharashtra,Mumbai,Corporate,Electronics,Laptops,HP 15s,8,54891.66,7,408393.95,364427.92,43966.03,Net Banking,Delivered,5.0
NR20250104812,2025-01-21,CUST00091,Aarav Sharma 4,East,West Bengal,Kolkata,Retail Store,Office Supplies,Stationery,Kangaro Stapler Set,8,271.43,7,2019.44,1465.43,554.01,UPI,Delivered,4.0
NR20250202433,2025-02-23,CUST00109,Tanvi Deshmukh 4,West,Maharashtra,Pune,Online,Electronics,Cameras,Canon EOS 1500D,2,46921.79,17,77890.17,65643.37,12246.8,UPI,Delivered,3.0
NR20250903566,2025-09-04,CUST00584,Riya Das 20,Central,Chhattisgarh,Raipur,Online,Electronics,Monitors,LG 24MP60G,2,13118.08,12,23087.82,18735.92,4351.9,Debit Card,Delivered,5.0
NR20251001700,2025-10-10,CUST00167,Shreya Menon 6,West,Gujarat,Vadodara,Retail Store,Office Supplies,Printing,Epson 003 Ink Bottle,10,644.31,0,6443.1,5199.62,1243.48,Debit Card,Delivered,5.0
NR20250901533,2025-09-03,CUST00141,Vikram Sethi 5,Central,Chhattisgarh,Bilaspur,Online,Accessories,Keyboards,Logitech K120 Keyboard,3,839.53,0,2518.59,1864.85,653.74,Net Banking,Delivered,5.0
NR20250804123,2025-08-19,CUST00975,Rohan Kulkarni 33,North,Punjab,Ludhiana,Retail Store,Office Supplies,Writing,Cello Ball Pen Pack,10,176.78,15,1502.63,1088.74,413.89,UPI,Delivered,3.0
NR20250900565,2025-09-19,CUST01001,Nikhil Patil 34,Central,Madhya Pradesh,Bhopal,Retail Store,Electronics,Smartphones,OnePlus Nord CE,2,25125.36,12,44220.63,38437.23,5783.4,UPI,Delivered,3.0
NR20250103682,2025-01-24,CUST00929,Mohit Saxena 31,South,Tamil Nadu,Chennai,Retail Store,Electronics,Audio,boAt Airdopes 141,3,1353.54,5,3857.59,2749.3,1108.29,UPI,Delivered,2.0
NR20251104310,2025-11-01,CUST00898,Isha Banerjee 30,West,Goa,Goa,Online,Office Supplies,Writing,Classmate Notebook Pack,1,452.04,17,375.19,283.42,91.77,UPI,Delivered,3.0
NR20251001898,2025-10-15,CUST00406,Sakshi Jain 14,South,Karnataka,Mysuru,Retail Store,Furniture,Tables,Conference Table 6-Seater,1,27914.18,5,26518.47,20804.65,5713.82,UPI,Delivered,5.0
NR20250701584,2025-07-06,CUST00315,Rohan Kulkarni 11,South,Tamil Nadu,Chennai,Online,Office Supplies,Printing,HP 805 Ink Cartridge,4,1292.01,7,4806.28,3864.13,942.15,UPI,Delivered,3.0
NR20251101455,2025-11-11,CUST00321,Vikram Sethi 11,West,Maharashtra,Mumbai,Retail Store,Electronics,Tablets,Lenovo Tab M11,2,18320.19,9,33342.75,27667.76,5674.99,Credit Card,Delivered,3.0
NR20250403478,2025-04-27,CUST00553,Rahul Gupta 19,Central,Madhya Pradesh,Bhopal,Retail Store,Office Supplies,Paper,JK Copier A4 Paper Ream,4,319.15,0,1276.6,976.68,299.92,Debit Card,Delivered,4.0
NR20250604998,2025-06-24,CUST00921,Vikram Sethi 31,South,Telangana,Hyderabad,Online,Electronics,Laptops,HP 15s,1,53354.44,14,45884.82,37627.15,8257.67,Net Banking,Delivered,4.0
NR20251004471,2025-10-22,CUST00466,Sakshi Jain 16,South,Kerala,Kochi,Corporate,Furniture,Desks,IKEA Linnmon Desk,5,8366.59,6,39322.97,29143.14,10179.83,Credit Card,Delivered,2.0
NR20251001619,2025-10-02,CUST00155,Arjun Nair 6,West,Gujarat,Surat ,Online,Electronics,Tablets,Lenovo Tab M11,1,18777.97,4,18026.85,14966.72,3060.13,UPI,Returned,5.0
NR20251004308,2025-10-13,CUST01150,Meera Joshi 39,South,Andhra Pradesh,Vijayawada,Online,Office Supplies,Stationery,Faber-Castell Marker Set,2,367.74,2,720.77,539.93,180.84,UPI,Delivered,3.0
NR20250702556,2025-07-05,CUST00555,Rohan Kulkarni 19,East,Jharkhand,Ranchi,Online,Office Supplies,Printing,Epson 003 Ink Bottle,8,665.45,7,4950.95,4050.46,900.49,UPI,Delivered,2.0
NR20251003874,2025-10-14,CUST00334,Ananya Iyer 12,West,Gujarat,Surat,Online,Electronics,Audio,JBL Tune 770NC,2,7351.03,19,11908.67,9004.02,2904.65,Debit Card,Delivered,5.0
NR20251101173,2025-11-26,CUST00525,Rohan Kulkarni 18,East,Bihar,Patna,Corporate,Accessories,Webcams,Logitech C270 Webcam,20,2501.96,10,45035.28,34496.0,10539.28,UPI,Pending,3.0
NR20250601502,2025-06-13,CUST00101,Nikhil Patil 4,West,Gujarat,Vadodara,Online,Electronics,Cameras,Canon EOS 1500D,1,45788.94,16,38462.71,32574.81,5887.9,Net Banking,Delivered,2.0
NR20251200326,2025-12-24,CUST00357,Aman Arora 12,South,Karnataka,Bengaluru,Online,Accessories,Mice,Logitech M331 Mouse,1,1361.61,15,1157.37,852.24,305.13,Credit Card,Delivered,4.0
NR20250701052,2025-07-15,CUST00627,Aman Arora 21,South,Tamil Nadu,Chennai,Retail Store,Electronics,Audio,JBL Tune 770NC,1,7127.97,9,6486.45,4842.1,1644.35,Debit Card,Delivered,3.0
NR20250504440,2025-05-26,CUST00830,,West,Maharashtra,Mumbai,Online,Electronics,Smartphones,OnePlus Nord CE,1,25414.74,18,20840.09,18085.63,2754.46,Net Banking,Cancelled,0.0
NR20250203397,2025-02-08,CUST01141,Aarav Sharma 39,South,Andhra Pradesh,Visakhapatnam,Online,Electronics,Audio,JBL Tune 770NC,3,7150.61,12,18877.61,14241.05,4636.56,Net Banking,Delivered,6.0
NR20250804775,2025-08-01,CUST00137,Shreya Menon 5,East,Jharkhand,Ranchi,Online,Furniture,Desks,IKEA Linnmon Desk,1,8656.59,5,8223.76,6400.21,1823.55,Credit Card,Delivered,4.0
NR20250301745,2025-03-15,CUST00809,Mohit Saxena 27,Central,Chhattisgarh,Bilaspur,Online,Office Supplies,Stationery,Faber-Castell Marker Set,1,352.1,7,327.45,254.55,72.9,UPI,Delivered,4.0
NR20250402349,2025-04-17,CUST00905,Arjun Nair 31,South,Telangana,Hyderabad,Retail Store,Accessories,Bags,American Tourister Laptop Bag,1,2687.88,10,2419.09,1813.19,605.9,Debit Card,Delivered,4.0
NR20251201197,2025-12-03,CUST01205,Arjun Nair 41,North,Chandigarh,Chandigarh,Corporate,Furniture,Desks,IKEA Linnmon Desk,5,8399.66,9,38218.45,27899.23,10319.22,Debit Card,Delivered,5.0
NR20251100621,2025-11-05,CUST00273,Aditya Verma 10,Central,Chhattisgarh,Bilaspur,Online,Furniture,Tables,Conference Table 6-Seater,1,29180.83,2,28597.21,22435.02,6162.19,Credit Card,Delivered,7.0
NR20251004011,2025-10-26,CUST00503,Neha Chawla 17,Central,Chhattisgarh,Raipur,Retail Store,Accessories,Mice,Logitech M331 Mouse,2,1436.87,9,2615.1,1854.85,760.25,UPI,Delivered,3.0
NR20250102969,2025-01-19,CUST00574,Ananya Iyer 20,East,Bihar, Patna,Online,Accessories,Mice,Logitech M331 Mouse,1,1438.81,12,1266.15,876.36,389.79,UPI,Returned,10.0
NR20250301190,2025-03-09,CUST00712,Yash Agarwal 24,West,Gujarat,Vadodara,Online,Furniture,Tables,Conference Table 6-Seater,3,27434.11,10,74072.1,57421.16,16650.94,Net Banking,Delivered,1.0
NR20250400329,2025-04-02,CUST00366,Diya Shah 13,South,Tamil Nadu,Coimbatore,Online,Accessories,Cables,Belkin USB-C Cable,1,1072.42,10,965.18,675.01,290.17,UPI,Delivered,3.0
NR20250800649,2025-08-21,CUST00080,Varun Bhatia 3,North,Rajasthan,Jaipur,Online,Accessories,Bags,Skybags Casual Backpack,2,1861.33,7,3462.07,2522.24,939.83,Credit Card,Delivered,3.0
NR20250100898,2025-01-04,CUST00747,Aman Arora 25,North,Uttar Pradesh,Noida,Retail Store,Office Supplies,Printing,HP 805 Ink Cartridge,5,1316.2,5,6251.95,5175.35,1076.6,UPI,Delivered,3.0
NR20250903558,2025-09-07,CUST00356,Simran Kaur 12,East,West Bengal,Kolkata,Corporate,Accessories,Mice,Logitech M331 Mouse,20,1481.83,5,28154.77,20390.37,7764.4,Net Banking,Delivered,6.0
NR20250601124,2025-06-19,CUST00471,Vikram Sethi 16,East,Bihar,Patna,Online,Furniture,Desks,Wooden Study Desk,3,6380.67,7,17802.07,12903.71,4898.36,UPI,Cancelled,0.0
NR20251104663,2025-11-07,CUST00305,Arjun Nair 11,West,Maharashtra,Mumbai,Corporate,Electronics,Laptops,Acer Aspire 5,3,63489.03,9,173325.05,146299.45,27025.6,Credit Card,Delivered,3.0
NR20250704710,2025-07-24,CUST00008,Kavya Reddy 1,Central,Madhya Pradesh,Bhopal,Online,Office Supplies,Writing,Cello Ball Pen Pack,2,185.71,10,334.28,239.33,94.95,UPI,Delivered,4.0
NR20250703444,2025-07-07,CUST00289,Tanvi Deshmukh 10,South,Karnataka,Mysuru,Online,Office Supplies,Stationery,Kangaro Stapler Set,3,282.19,15,719.58,520.81,198.77,UPI,Delivered,3.0
NR20250203201,2025-02-19,CUST00824,Riya Das 28,South,Karnataka,Bengaluru,Online,Furniture,Tables,Conference Table 6-Seater,3,27742.26,10,74904.1,57864.31,17039.79,Credit Card,Delivered,3.0
NR20250804984,2025-08-31,CUST00605,Arjun Nair 21,Central,Madhya Pradesh,Jabalpur,Retail Store,Electronics,Audio,boAt Airdopes 141,4,1444.18,15,4910.21,3603.83,1306.38,Debit Card,Delivered,1.0
NR20250902064,2025-09-26,CUST01083,Aditya Verma 37,East,West Bengal,Kolkata,Online,Electronics,Audio,JBL Tune 770NC,3,7033.0,9,19200.09,14501.57,4698.52,UPI,Delivered,5.0
NR20251203415,2025-12-02,CUST00406,Sakshi Jain 14,West,Maharashtra,Pune,Retail Store,Electronics,Laptops,Acer Aspire 5,1,61453.72,9,55922.89,46912.24,9010.65,Cash,Delivered,4.0
NR20250102211,2025-01-06,CUST01235,Arjun Nair 42,South,Telangana,Hyderabad,Online,Electronics,Monitors,LG 24MP60G,1,12636.93,20,10109.54,8213.98,1895.56,Debit Card,Delivered,4.0
NR20250701631,2025-07-21,CUST00259,Tanvi Deshmukh 9,West,Maharashtra,Nagpur,Retail Store,Furniture,Storage,Wooden Filing Cabinet,1,7578.37,10,6820.53,5156.37,1664.16,Credit Card,Delivered,3.0
NR20250502555,2025-05-31,CUST00359,Mohit Saxena 12,West,Gujarat,Vadodara,Online,Office Supplies,Writing,Classmate Notebook Pack,3,454.21,10,1226.37,895.6,330.77,Debit Card,Delivered,3.0
NR20250801024,2025-08-12,CUST01250,Varun Bhatia 42,South,Tamil Nadu,Chennai,Retail Store,Electronics,Monitors,LG 24MP60G,1,12852.31,7,11952.65,9853.48,2099.17,Debit Card,Delivered,5.0
NR20250304821,2025-03-30,CUST00185,Arjun Nair 7,West,Maharashtra,Pune,Online,Accessories,Power Banks,Ambrane 20000mAh Power Bank,1,1730.02,7,1608.92,1310.49,298.43,Credit Card,Delivered,6.0
NR20251102460,2025-11-26,CUST01134,Priya Nanda 38,West,Goa,Goa,Retail Store,Accessories,Cables,Belkin USB-C Cable,2,1080.28,2,2117.35,1487.37,629.98,Credit Card,Returned,4.0
NR20250104727,2025-01-22,CUST00052,Yash Agarwal 2,South,Tamil Nadu,Chennai,Online,Electronics,Smartphones,Samsung Galaxy M35,2,21885.0,9,39830.7,33560.79,6269.91,Debit Card,Delivered,4.0
NR20251001472,2025-10-17,CUST00627,Aman Arora 21,West,Maharashtra,Pune,Retail Store,Electronics,Monitors,LG 24MP60G ,3,12005.56,2,35296.35,28338.39,6957.96,UPI,Delivered,2.0
NR20250101558,2025-01-20,CUST00653,Neha Chawla 22,West,Maharashtra,Pune,Retail Store,Office Supplies,Paper,JK Copier A4 Paper Ream,8,316.57,10,2279.3,1768.33,510.97,Debit Card,Delivered ,1.0
NR20250100810,2025-01-15,CUST00371,Nikhil Patil 13,South,Kerala,Kochi,Corporate,Furniture,Office Chairs,Green Soul Monster Chair,8,14297.27,17,94933.87,67593.04,27340.83,Credit Card,Delivered,3.0
NR20250402938,2025-04-18,CUST00227,Shreya Menon 8,South,Karnataka,Bengaluru,Online,Furniture,Office Chairs,Featherlite Astro Chair,1,10556.18,12,9289.44,6577.6,2711.84,Net Banking,Delivered,3.0
NR20251000979,2025-10-01,CUST01157,Shreya Menon 39,South,Andhra Pradesh,Vijayawada,Retail Store,Electronics,Smartphones,Samsung Galaxy M35,3,22271.54,14,57460.57,48966.43,8494.14,Cash,Delivered,6.0
NR20250802427,2025-08-05,CUST00849,Karan Malhotra 29,West,Maharashtra,Pune,Retail Store,Electronics,Tablets,Lenovo Tab M11,1,17375.43,10,15637.89,12896.09,2741.8,Debit Card,Delivered,3.0
NR20250103783,2025-01-29,CUST00858,Siddharth Rao 29,North,Punjab,Amritsar,Corporate,Accessories,Bags,Skybags Casual Backpack,2,1991.54,17,3305.96,2506.54,799.42,Debit Card,Cancelled,0.0
NR20250701780,2025-07-29,CUST00866,Simran Kaur 29,West,Maharashtra,Nagpur,Online,Office Supplies,Writing,Classmate Notebook Pack,1,463.33,15,393.83,299.62,94.21,UPI,Delivered,5.0
NR20250902837,2025-09-07,CUST00074,Riya Das 3,North,Delhi,Delhi,Online,Office Supplies,Printing,Epson 003 Ink Bottle,2,651.34,10,1172.41,943.75,228.66,Net Banking,Delivered,5.0
NR20250601540,2025-06-08,CUST00278,Kavya Reddy 10,North,Uttar Pradesh,Lucknow,Online,Electronics,Smartphones,Samsung Galaxy M35,3,22741.32,12,60037.08,51012.78,9024.3,Credit Card,Delivered,3.0
NR20250802880,2025-08-15,CUST01144,Ananya Iyer 39,South,Andhra Pradesh,Visakhapatnam,Online,Office Supplies,Printing,HP 805 Ink Cartridge,5,1261.76,10,5677.92,4511.81,1166.11,UPI,Returned,7.0
NR20251201613,2025-12-06,CUST00674,Riya Das 23,North,Delhi,Delhi,Corporate,Electronics,Cameras,Canon EOS 1500D,10,45545.55,9,414464.51,357268.71,57195.8,Net Banking,Delivered,6.0
NR20250801906,2025-08-10,CUST00482,Aditi Mehta 17,Central,Madhya Pradesh,Bhopal,Online,Electronics,Monitors,LG 24MP60G,2,12492.63,7,23236.29,19359.2,3877.09,UPI,Delivered,5.0
NR20251001868,2025-10-06,CUST00665,Arjun Nair 23,West,Maharashtra,Mumbai,Online,Furniture,Storage,Metal Office Cabinet,3,8992.91,17,22392.35,17910.53,4481.82,Credit Card,Delivered,3.0
NR20251200175,2025-12-09,CUST00666,Diya Shah 23,Central,Madhya Pradesh,Bhopal,Retail Store,Furniture,Desks,IKEA Linnmon Desk,1,8092.72,7,7526.23,5665.62,1860.61,UPI,Delivered,3.0
NR20250203574,2025-02-26,CUST00826,Sakshi Jain 28,Central,Chhattisgarh,Raipur,Corporate,Office Supplies,Stationery,Kangaro Stapler Set,8,290.94,12,2048.22,1571.01,477.21,Net Banking,Delivered,5.0
NR20251004217,2025-10-03,CUST00335,Arjun Nair 12,South,Tamil Nadu,Coimbatore,Online,Furniture,Desks,Wooden Study Desk,1,6346.29,5,6028.98,4354.31,1674.67,Debit Card,Delivered,2.0
NR20250703784,2025-07-18,CUST00900,Sneha Pillai 30,South,Kerala,Kochi,Retail Store,Furniture,Desks,Wooden Study Desk,1,6753.01,5,6415.36,4863.36,1552.0,UPI,Delivered,4.0
NR20250804526,2025-08-30,CUST00458,Kavya Reddy 16,Central,Madhya Pradesh,Gwalior,Online,Accessories,Webcams,Logitech C270 Webcam,1,2478.36,7,2304.87,1689.44,615.43,UPI,Delivered,2.0
NR20250600218,2025-06-02,CUST00714,Priya Nanda 24,South,Tamil Nadu,Chennai,Retail Store,Electronics,Audio,JBL Tune 770NC,4,7120.5,15,24209.7,18536.99,5672.71,UPI,Delivered,3.0
NR20250804033,2025-08-25,CUST00897,Aman Arora 30,East,Jharkhand,Ranchi,Online,Accessories,Cables,Portronics HDMI Cable,1,637.03,5,605.18,413.77,191.41,UPI,Delivered,4.0
NR20250203833,2025-02-28,CUST00942,Pooja Singh 32,North,Uttar Pradesh,Noida,Corporate,Electronics,Audio,JBL Tune 770NC,15,7648.48,14,98665.39,74818.8,23846.59,Debit Card,Delivered,5.0
NR20250901445,2025-09-15,CUST00441,Vikram Sethi 15,East,Odisha,Bhubaneswar,Online,Furniture,Storage,Metal Office Cabinet,2,9650.1,0,19300.2,14183.25,5116.95,Credit Card,Delivered,7.0
NR20250700691,2025-07-31,CUST00596,Simran Kaur 20,West,Gujarat,Vadodara,Retail Store,Electronics,Monitors,LG 24MP60G,1,13230.0,7,12303.9,10359.2,1944.7,Credit Card,Delivered,3.0
NR20250502654,2025-05-25,CUST00078,Siddharth Rao 3,East,Odisha,Bhubaneswar,Online,Accessories,Cables,Portronics HDMI Cable,1,629.34,5,597.87,418.36,179.51,UPI,Delivered,6.0
NR20250802300,2025-08-04,CUST00096,Diya Shah 4,South,Karnataka,Mysuru,Online,Furniture,Tables,Conference Table 6-Seater,2,29019.01,5,55136.12,41586.86,13549.26,UPI,Delivered,4.0
NR20250702305,2025-07-14,CUST01194,Priya Nanda 40,North,Uttar Pradesh,Lucknow,Online,Accessories,Webcams,Logitech C270 Webcam,3,2511.64,10,6781.43,5090.56,1690.87,Net Banking,Delivered,1.0
NR20250801107,2025-08-11,CUST00067,Ishaan Kapoor 3,South,Tamil Nadu,Chennai,Retail Store,Electronics,Audio,JBL Tune 770NC,2,7399.8,9,13467.64,10585.4,2882.24,Cash, Delivered,1.0
NR20251001612,2025-10-16,CUST00727,Ishaan Kapoor 25,South,Andhra Pradesh,Visakhapatnam,Corporate,Furniture,Office Chairs,Green Soul Monster Chair,10,14495.57,7,134808.8,96901.35,37907.45,Credit Card,Delivered,4.0
NR20251102006,2025-11-01,CUST01186,Sakshi Jain 40,North,Rajasthan,Jaipur,Corporate,Accessories,Power Banks,Ambrane 20000mAh Power Bank,20,1684.06,9,30649.89,23277.82,7372.07,Net Banking,Delivered,3.0
NR20251202584,2025-12-08,CUST00428,Kavya Reddy 15,South,Karnataka,Mysuru,Online,Accessories,Bags,Skybags Casual Backpack,2,1906.73,12,3355.84,2458.11,897.73,UPI,Cancelled,0.0
NR20251000612,2025-10-04,CUST00030,Sneha Pillai 1,East,Jharkhand,Ranchi,Retail Store,Accessories,Power Banks,Ambrane 20000mAh Power Bank,3,1653.13,15,4215.48,3272.13,943.35,Cash,Delivered,8.0
NR20250504261,2025-05-13,CUST00227,Shreya Menon 8,North,Chandigarh,Chandigarh,Online,Office Supplies,Writing,Classmate Notebook Pack,2,454.16,12,799.32,601.01,198.31,UPI,Delivered,2.0
NR20250104697,2025-01-24,CUST01224,Priya Nanda 41,Central,Chhattisgarh,Bilaspur,Corporate,Electronics,Tablets,Lenovo Tab M11,8,17662.86,9,128585.62,103662.61,24923.01,UPI,Delivered,6.0
NR20250804410,2025-08-22,CUST01014,Priya Nanda 34,West,Gujarat, Ahmedabad,Retail Store,Electronics,Laptops,Acer Aspire 5,3,62962.17,10,169997.86,148739.45,21258.41,Credit Card,Delivered ,1.0
NR20250500577,2025-05-04,CUST00038,Kavya Reddy 2,West,Goa,Goa,Online,Electronics,Smartphones,OnePlus Nord CE,1,24707.3,19,20012.91,18098.51,1914.4,UPI,Delivered,4.0
NR20250702405,2025-07-26,CUST00553,Rahul Gupta 19,East,Bihar,Patna,Retail Store,Accessories,Power Banks,Ambrane 20000mAh Power Bank,2,1679.53,7,3123.93,2397.88,726.05,Cash,Delivered,5.0
NR20250604845,2025-06-04,CUST00649,Tanvi Deshmukh 22,West,Maharashtra,Nashik,Online,Accessories,Bags,American Tourister Laptop Bag,1,2671.17,7,2484.19,1800.51,683.68,Credit Card,Delivered,5.0
NR20251201181,2025-12-21,CUST00025,Manish Tiwari 1,South,Kerala,Kochi,Corporate,Electronics,Audio,JBL Tune 770NC,8,7193.54,5,54670.9,42472.64,12198.26,Credit Card,Pending,5.0
NR20251100889,2025-11-06,CUST00699,Karan Malhotra 24,North,Uttar Pradesh,Lucknow,Retail Store,Accessories,Mice,Logitech M331 Mouse,1,1440.32,10,1296.29,933.96,362.33,UPI,Cancelled,0.0
NR20250504346,2025-05-18,CUST00855,Rohan Kulkarni 29,Central,Chhattisgarh,Bilaspur,Online,Furniture,Desks,IKEA Linnmon Desk,1,8620.38,7,8016.95,6172.26,1844.69,Credit Card,Delivered,5.0
NR20251001832,2025-10-21,CUST00588,Siddharth Rao 20,Central,Madhya Pradesh,Jabalpur,Retail Store,Accessories,Cables,Belkin USB-C Cable,1,1095.86,12,964.36,694.84,269.52,Credit Card,Delivered,5.0
NR20251202743,2025-12-25,CUST00991,Aarav Sharma 34,East,Assam,Guwahati,Online,Office Supplies,Stationery,Faber-Castell Marker Set,10,359.86,5,3418.67,2686.44,732.23,Net Banking,Delivered,6.0
NR20250900818,2025-09-22,CUST00837,Aman Arora 28,North,Delhi,Delhi,Retail Store,Furniture,Desks,IKEA Linnmon Desk,1,8396.62,12,7389.03,5491.22,1897.81,Debit Card,Delivered,5.0
NR20250603380,2025-06-30,CUST00511,Aarav Sharma 18,West,Maharashtra,Nagpur,Corporate,Furniture,Office Chairs,Featherlite Astro Chair,10,10296.28,15,87518.38,58875.93,28642.45,Debit Card,Delivered,4.0
NR20250201967,2025-02-22,CUST01077,Aman Arora 36,East,West Bengal,Siliguri,Retail Store,Furniture,Storage,Wooden Filing Cabinet,3,7705.46,10,20804.74,15848.1,4956.64,UPI,Delivered,7.0
NR20250800209,2025-08-10,CUST00819,Karan Malhotra 28,East,Jharkhand,Ranchi,Online,Accessories,Bags,American Tourister Laptop Bag,3,2550.91,5,7270.09,5683.79,1586.3,Credit Card,Delivered,4.0
NR20250100294,2025-01-22,CUST00192,Pooja Singh 7,South,Kerala,Kochi,Online,Accessories,Keyboards,Logitech K120 Keyboard,1,857.43,5,814.56,601.92,212.64,Debit Card,Delivered,6.0
NR20251201120,2025-12-21,CUST00324,Priya Nanda 11,South,Tamil Nadu,Chennai,Retail Store,Electronics,Laptops,Acer Aspire 5,1,57190.2,16,48039.77,40018.46,8021.31,Cash,Delivered,4.0
NR20250202634,2025-02-24,CUST00546,Diya Shah 19,West,Gujarat,Ahmedabad,Online,Furniture,Storage,Metal Office Cabinet,1,9159.76,10,8243.78,6172.01,2071.77,Credit Card,Delivered,2.0
NR20250702795,2025-07-24,CUST01188,Siddharth Rao 40,West,Maharashtra,Mumbai,Online,Accessories,Bags,Skybags Casual Backpack,1,1929.13,7,1794.09,1323.99,470.1,UPI,Delivered,3.0
NR20250701265,2025-07-01,CUST01134,Priya Nanda 38,South,Tamil Nadu,Chennai,Online,Accessories,Power Banks,Ambrane 20000mAh Power Bank,1,1664.43,12,1464.7,1087.52,377.18,UPI,Delivered,3.0
NR20250600991,2025-06-28,CUST00448,Isha Banerjee 15,West,Maharashtra,Nashik,Online,Office Supplies,Printing,HP 805 Ink Cartridge,3,1293.39,10,3492.15,2871.46,620.69,UPI,Delivered,5.0
NR20251203804,2025-12-06,CUST00209,Mohit Saxena 7,North,Chandigarh,Chandigarh,Retail Store,Office Supplies,Paper,JK Copier A4 Paper Ream,8,314.47,10,2264.18,1804.18,460.0,UPI,Delivered,4.0
NR20250204258,2025-02-08,CUST00706,Sakshi Jain 24,Central,Madhya Pradesh,Indore,Retail Store,Furniture,Desks,IKEA Linnmon Desk,2,8309.77,10,14957.59,11213.34,3744.25,Debit Card,Delivered,5.0
NR20251201593,2025-12-20,CUST00159,Karan Malhotra 6,West,Maharashtra,Nashik,Online,Office Supplies,Paper,JK Copier A4 Paper Ream,10,318.87,0,3188.7,2372.75,815.95,Debit Card,Delivered,7.0
NR20251200354,2025-12-26,CUST01024,Ananya Iyer 35,South,Telangana,Hyderabad,Retail Store,Furniture,Desks,IKEA Linnmon Desk,5,8405.15,12,36982.66,27363.1,9619.56,UPI,Delivered,2.0
NR20250802381,2025-08-29,CUST01161,Vikram Sethi 39,South,Karnataka,Mysuru,Retail Store,Office Supplies,Writing,Cello Ball Pen Pack,8,178.33,7,1326.78,982.18,344.6,Debit Card,Delivered,1.0
NR20250604652,2025-06-11,CUST01011,Vikram Sethi 34,North,Uttar Pradesh,Lucknow,Corporate,Furniture,Office Chairs,Green Soul Monster Chair,10,14507.8,15,123316.3,89233.7,34082.6,Credit Card,Delivered,3.0
NR20250904589,2025-09-09,CUST00281,Nikhil Patil 10,West,Maharashtra,Nashik,Online,Electronics,Tablets,Lenovo Tab M11,2,16719.01,10,30094.22,24894.91,5199.31,Credit Card,Delivered,2.0
NR20250601490,2025-06-18,CUST01210,Meera Joshi 41,North,Uttar Pradesh,Noida,Retail Store,Accessories,Bags,Skybags Casual Backpack,1,1898.18,2,1860.22,1376.88,483.34,UPI,Delivered,4.0
NR20250702630,2025-07-09,CUST00268,Isha Banerjee 9,South,Tamil Nadu,Coimbatore,Retail Store,Accessories,Bags,American Tourister Laptop Bag,1,2682.66,5,2548.53,2020.12,528.41,UPI,Delivered,3.0
NR20251202856,2025-12-13,CUST00110,Varun Bhatia 4,South,Kerala,Kochi,Corporate,Electronics,Laptops,HP 15s,10,52335.8,17,434387.14,373228.4,61158.74,UPI,Delivered,7.0
NR20250304625,2025-03-15,CUST00044,Riya Das 2,South,Andhra Pradesh,Vijayawada,Retail Store,Office Supplies,Stationery,Faber-Castell Marker Set,3,363.92,5,1037.17,785.9,251.27,Cash,Delivered,5.0
NR20250501229,2025-05-06,CUST00237,Aman Arora 8,East,Assam,Guwahati,Online,Office Supplies,Files,Solo Executive File Pack,3,515.01,5,1467.78,1127.09,340.69,UPI,Delivered,6.0
NR20250800260,2025-08-29,CUST01219,Tanvi Deshmukh 41,North,Punjab,Ludhiana,Online,Office Supplies,Stationery,Faber-Castell Marker Set,3,366.47,5,1044.44,787.23,257.21,Debit Card,Delivered,7.0
NR20251002073,2025-10-11,CUST00295,Manish Tiwari 10,West,Gujarat,Surat,Online,Furniture,Desks,Wooden Study Desk,2,6412.51,12,11286.02,8629.46,2656.56,UPI,Delivered,3.0
NR20250501879,2025-05-25,CUST01090,Meera Joshi 37,east,Jharkhand,Ranchi,Retail Store,Electronics,Audio,boAt Airdopes 141,1,1413.56,2,1385.29,1041.04,344.25,Credit Card,Delivered,6.0
NR20250204808,2025-02-14,CUST00657,Aman Arora 22,West,Goa,Goa,Online,Furniture,Storage,Wooden Filing Cabinet,4,7467.82,7,27780.29,22562.57,5217.72,UPI,Delivered,1.0
NR20251001871,2025-10-02,CUST00947,Shreya Menon 32,East,Assam,Guwahati,Corporate,Furniture,Office Chairs,Featherlite Astro Chair,10,10184.7,12,89625.36,65614.11,24011.25,Credit Card,Delivered,10.0
NR20250804583,2025-08-01,CUST00769,Tanvi Deshmukh 26,Central,Madhya Pradesh,Bhopal,Corporate,Furniture,Storage,Metal Office Cabinet,3,9225.64,2,27123.38,20033.17,7090.21,Net Banking,Delivered,6.0
NR20250900053,2025-09-08,CUST00414,Priya Nanda 14,South,Karnataka,Mysuru,Corporate,Electronics,Smartphones,OnePlus Nord CE,10,25036.42,4,240349.63,210823.6,29526.03,UPI,Delivered,5.0
NR20250303706,2025-03-13,CUST00692,Aditi Mehta 24,West,Gujarat,Vadodara,Online,Accessories,Bags,American Tourister Laptop Bag,2,2715.21,10,4887.38,3574.92,1312.46,Credit Card,Delivered,5.0
NR20250204416,2025-02-24,CUST00412,Yash Agarwal 14,West,Gujarat,Vadodara,Retail Store,Office Supplies,Files,Solo Executive File Pack,2,509.38,5,967.82,757.05,210.77,UPI,Delivered,3.0
NR20250404896,2025-04-16,CUST00450,Sneha Pillai 15,Central,Chhattisgarh,Raipur,Retail Store,Office Supplies,Stationery,Kangaro Stapler Set,4,275.86,10,993.1,758.98,234.12,Cash,Delivered,5.0
NR20250103440,2025-01-13,CUST01210,Meera Joshi 41,West,Gujarat,Vadodara,Corporate,Office Supplies,Printing,HP 805 Ink Cartridge,20,1253.4,12,22059.84,18653.4,3406.44,Net Banking,Delivered,4.0
NR20251004480,2025-10-07,CUST01021,Aarav Sharma 35,West,Goa,Goa,Online,Office Supplies,Paper,JK Copier A4 Paper Ream,2,326.95,15,555.81,427.27,128.54,Credit Card,Delivered,3.0
NR20251203017,2025-12-29,CUST00447,Aman Arora 15,North,Delhi,Delhi,Corporate,Furniture,Tables,Conference Table 6-Seater,10,27384.06,15,232764.51,182516.85,50247.66,Credit Card,Delivered,2.0
NR20250801480,2025-08-31,CUST00190,Meera Joshi 7,East,Bihar,Patna,Online,Electronics,Tablets,Lenovo Tab M11,4,17894.13,11,63703.1,52599.25,11103.85,Credit Card,Delivered,5.0
NR20251001508,2025-10-23,CUST00030,Sneha Pillai 1,East,West Bengal,Kolkata,Retail Store,Electronics,Audio,boAt Airdopes 141,1,1416.73,16,1190.05,845.91,344.14,UPI,Delivered,3.0
NR20250501034,2025-05-24,CUST00849,Karan Malhotra 29,West,Maharashtra,Nashik,Online,Furniture,Storage,Metal Office Cabinet,1,9245.55,10,8320.99,6314.4,2006.59,UPI,Delivered,6.0
NR20251001098,2025-10-19,CUST01097,Shreya Menon 37,North,Chandigarh,Chandigarh,Corporate,Office Supplies,Printing,HP 805 Ink Cartridge,10,1264.25,7,11757.52,9365.62,2391.9,Debit Card,Delivered,2.0
NR20250201470,2025-02-20,CUST00386,Simran Kaur 13,Central,Madhya Pradesh,Bhopal,Online,Electronics,Tablets,Lenovo Tab M11,1,18672.65,7,17365.56,14532.92,2832.64,UPI,Delivered,6.0
NR20251200544,2025-12-19,CUST00320,Varun Bhatia 11,West,Maharashtra,Pune,Online,Office Supplies,Writing, Classmate Notebook Pack,10,440.73,4,4231.01,3340.96,890.05,Debit Card,Delivered,3.0
NR20250501047,2025-05-06,CUST00266,Simran Kaur 9,West,Maharashtra,Nagpur,Retail Store,Office Supplies,Files,Solo Executive File Pack,5,541.82,12,2384.01,1765.46,618.55,Debit Card,Delivered,3.0
NR20250202003,2025-02-13,CUST01076,Simran Kaur 36,North,Uttar Pradesh,Lucknow,Retail Store,Electronics,Monitors,LG 24MP60G,1,12537.46,12,11032.96,9266.52,1766.44,Debit Card,Delivered,2.0
NR20250701741,2025-07-24,CUST00954,Priya Nanda 32,West,Maharashtra,Nagpur,Online,Electronics,Laptops,HP 15s,1,55983.65,18,45906.59,37829.84,8076.75,UPI,Delivered,4.0
NR20250900031,2025-09-25,CUST00654,Priya Nanda 22,North,Uttarakhand,Dehradun,Online,Electronics,Tablets,Lenovo Tab M11,2,18041.46,12,31752.97,27201.17,4551.8,Credit Card,Delivered,4.0
NR20250700726,2025-07-12,CUST00295,Manish Tiwari 10,South,Andhra Pradesh,Vijayawada,Retail Store,Office Supplies,Stationery,Faber-Castell Marker Set,3,367.32,7,1024.82,773.94,250.88,Cash,Delivered,3.0
NR20250602504,2025-06-27,CUST00173,Neha Chawla 6,North,Uttarakhand,Dehradun,Corporate,Electronics,Monitors,LG 24MP60G,15,12180.44,14,157127.68,128042.93,29084.75,Credit Card,Delivered,5.0
NR20250602485,2025-06-05,CUST00980,Varun Bhatia 33,West,Goa,Goa,Retail Store,Accessories,Bags,Skybags Casual Backpack,2,1970.45,10,3546.81,2632.87,913.94,Debit Card,Delivered,4.0
NR20250704156,2025-07-03,CUST00998,Kavya Reddy 34,West,Gujarat,Surat,Online,Furniture,Office Chairs,Green Soul Monster Chair,2,15024.88,10,27044.78,19564.87,7479.91,UPI,Delivered,2.0
NR20250701427,2025-07-19,CUST00289,Tanvi Deshmukh 10,North,Delhi,Delhi,Corporate,Office Supplies,Files,Solo Executive File Pack,5,514.71,10,2316.2,1818.85,497.35,Credit Card,Delivered,3.0
NR20250804985,2025-08-19,CUST00624,Priya Nanda 21,West,Gujarat,Vadodara,Retail Store,Furniture,Storage,Wooden Filing Cabinet,2,7874.07,10,14173.33,10881.22,3292.11,Debit Card,Delivered,3.0
NR20251100437,2025-11-12,CUST00631,Aarav Sharma 22,East,Jharkhand,Ranchi,Corporate,Electronics,Audio,boAt Airdopes 141,10,1458.61,22,11377.16,8397.73,2979.43,Debit Card,Delivered,4.0
NR20251202991,2025-12-24,CUST00810,Sneha Pillai 27,West,Maharashtra,Nashik,Online,Electronics,Smartphones,Samsung Galaxy M35,2,21767.79,12,38311.31,34378.8,3932.51,Debit Card,Delivered,5.0
NR20250300913,2025-03-22,CUST00505,Manish Tiwari 17,West,Maharashtra,Nagpur,Online,Accessories,Bags,Skybags Casual Backpack,1,1823.21,10,1640.89,1219.47,421.42,Net Banking,Delivered,5.0
NR20250804881,2025-08-01,CUST00556,Sakshi Jain 19,West,Goa,Goa,Retail Store,Office Supplies,Files,Solo Executive File Pack,5,504.2,5,2394.95,1883.67,511.28,UPI,Delivered,2.0
NR20250804224,2025-08-31,CUST00958,Isha Banerjee 32,South,Andhra Pradesh,Visakhapatnam ,Retail Store,Accessories,Bags,American Tourister Laptop Bag,1,2559.91,7,2380.72,1783.78,596.94,Cash,Delivered,2.0
NR20251204577,2025-12-08,CUST00488,Kavya Reddy 17,West,Goa,Goa,Online,Furniture,Office Chairs,Featherlite Astro Chair,2,10622.78,10,19121.0,13677.92,5443.08,UPI,Delivered,5.0
NR20251103434,2025-11-17,CUST01049,Mohit Saxena 35,Central,Madhya Pradesh,Gwalior,Retail Store,Office Supplies,Stationery,Kangaro Stapler Set,3,279.88,12,738.88,557.69,181.19,Debit Card,Delivered,1.0
NR20251002355,2025-10-18,CUST00028,Isha Banerjee 1,South,Andhra Pradesh,Vijayawada,Retail Store,Electronics,Laptops,Acer Aspire 5,3,62493.09,7,174355.72,144379.94,29975.78,Debit Card,Delivered,3.0
NR20250501673,2025-05-06,CUST00648,Siddharth Rao 22,South,Andhra Pradesh,Visakhapatnam,Retail Store,Accessories,Webcams,Logitech C270 Webcam,1,2490.58,15,2116.99,1560.19,556.8,Cash,Delivered,1.0
NR20251201239,2025-12-21,CUST00916,Sakshi Jain 31,West,Maharashtra,Pune,Online,Accessories,Cables,Portronics HDMI Cable,1,650.53,9,591.98,429.21,162.77,Net Banking,Delivered,3.0
NR20250300904,2025-03-09,CUST00562,Yash Agarwal 19,West,Gujarat,Vadodara,Online,Electronics,Audio,boAt Airdopes 141,1,1368.55,2,1341.18,990.78,350.4,UPI,Delivered,2.0
NR20251201875,2025-12-21,CUST00119,Mohit Saxena 4,East,Odisha,Bhubaneswar,Corporate,Office Supplies,Printing,Epson 003 Ink Bottle,20,621.58,4,11934.34,9883.23,2051.11,UPI,Delivered,4.0
NR20251203245,2025-12-28,CUST00595,Manish Tiwari 20,South,Andhra Pradesh,Visakhapatnam,Corporate,Accessories,Cables,Belkin USB-C Cable,10,1070.38,9,9740.46,6951.05,2789.41,Debit Card,Delivered,
NR20250901589,2025-09-01,CUST01146,Diya Shah 39,North,Rajasthan,Jaipur,Retail Store,Electronics,Smartphones,OnePlus Nord CE,1,25355.72,17,21045.25,18436.47,2608.78,Cash,Delivered,4.0
NR20250200508,2025-02-03,CUST00484,Ananya Iyer 17,South,Tamil Nadu,Chennai,Online,Furniture,Storage,Metal Office Cabinet,1,9071.67,12,7983.07,6006.64,1976.43,UPI,Delivered,5.0
NR20251203324,2025-12-13,CUST01140,Sneha Pillai 38,East,West Bengal,Kolkata,Online,Electronics,Tablets,Lenovo Tab M11,1,17207.75,9,15659.05,13351.57,2307.48,UPI,Returned,6.0
NR20250700184,2025-07-17,CUST01029,Karan Malhotra 35,South,Tamil Nadu,Chennai,Online,Office Supplies,Stationery,Faber-Castell Marker Set,4,364.14,5,1383.73,1049.57,334.16,Credit Card,Delivered,4.0
NR20250702996,2025-07-24,CUST00574,Ananya Iyer 20,North,Uttarakhand,Dehradun,Corporate,Furniture,Tables,Conference Table 6-Seater,10,28014.5,14,240924.7,183444.31,57480.39,Credit Card,Delivered,8.0
NR20250801498,2025-08-28,CUST00151,Aarav Sharma 6,North,Uttar Pradesh,Noida,Online,Office Supplies,Stationery,Kangaro Stapler Set,2,273.88,5,520.37,377.38,142.99,Net Banking,Delivered,4.0
NR20250501933,2025-05-14,CUST00418,Isha Banerjee 14,West,Gujarat,Surat,Online,Electronics,Laptops,Acer Aspire 5,3,60323.91,9,164684.27,138189.11,26495.16,Debit Card,Delivered,3.0
NR20251100322,2025-11-29,CUST00779,Mohit Saxena 26,North,Punjab,Ludhiana,Corporate,Electronics,Laptops,HP 15s,5,54101.15,9,246160.23,212356.25,33803.98,Credit Card,Delivered,6.0
NR20250201878,2025-02-02,CUST00833,Neha Chawla 28,East,West Bengal,Siliguri,Online,Office Supplies,Printing,HP 805 Ink Cartridge,10,1252.42,18,10269.84,8212.84,2057.0,Credit Card,Pending,6.0
NR20251001594,2025-10-06,CUST00388,Isha Banerjee 13,South,Andhra Pradesh,Visakhapatnam,Online,Office Supplies,Writing,Cello Ball Pen Pack,3,191.28,17,476.29,340.33,135.96,UPI,Delivered,2.0
NR20250701860,2025-07-17,CUST00947,Shreya Menon 32,West,Gujarat,Vadodara,Online,Furniture,Office Chairs,Featherlite Astro Chair,1,10559.47,12,9292.33,6418.71,2873.62,UPI,Delivered,3.0
NR20251102448,2025-11-15,CUST01099,Tanvi Deshmukh 37,North,Uttar Pradesh,Lucknow,Online,Office Supplies,Printing,HP 805 Ink Cartridge,5,1277.9,15,5431.07,4348.44,1082.63,Debit Card,Returned,4.0
NR20250801882,2025-08-15,CUST00450,Sneha Pillai 15,South,Andhra Pradesh,Visakhapatnam,Retail Store,Office Supplies,Writing,Cello Ball Pen Pack,3,181.51,2,533.64,379.32,154.32,UPI,Delivered,5.0
NR20251001947,2025-10-02,CUST00698,Kavya Reddy 24,East,West Bengal,Kolkata,Online,Furniture,Desks,Wooden Study Desk,1,6347.26,0,6347.26,4823.39,1523.87,UPI,Delivered,6.0
NR20250902178,2025-09-24,CUST00041,Nikhil Patil 2,South,Karnataka,Mysuru,Corporate,Furniture,Tables,Conference Table 6-Seater,15,29526.25,7,411891.19,328930.15,82961.04,Credit Card,Delivered,4.0
NR20251101552,2025-11-27,CUST00280,Meera Joshi 10, South ,Andhra Pradesh,Visakhapatnam,Online,Accessories,Bags,Skybags Casual Backpack,2,1990.54,5,3782.03,2672.66,1109.37,UPI,Delivered,6.0
NR20250904502,2025-09-22,CUST01066,Sakshi Jain 36,South,Andhra Pradesh,Vijayawada,Retail Store,Furniture,Desks,Wooden Study Desk,1,6579.58,5,6250.6,4587.55,1663.05,UPI,Cancelled,0.0
NR20250401147,2025-04-19,CUST00747,Aman Arora 25,West,Maharashtra,Mumbai,Online,Electronics,Tablets,Lenovo Tab M11,4,18258.43,4,70112.37,58350.99,11761.38,Debit Card,Delivered,4.0
NR20251202132,2025-12-20,CUST00940,,West,Gujarat,Ahmedabad,Online,Furniture,Tables,Conference Table 6-Seater,4,29089.87,12,102396.34,77715.7,24680.64,Net Banking,Delivered,1.0
NR20251100045,2025-11-26,CUST00294,Priya Nanda 10,North,Punjab,Amritsar,Retail Store,Accessories,Bags,American Tourister Laptop Bag,1,2559.72,0,2559.72,1938.76,620.96,Cash,Delivered,2.0
NR20251104213,2025-11-10,CUST00739,Tanvi Deshmukh 25, North ,Delhi,Delhi,Online,Office Supplies,Printing,HP 805 Ink Cartridge,2,1215.81,5,2310.04,1888.36,421.68,Net Banking,Delivered,2.0
NR20250901610,2025-09-17,CUST00218,Kavya Reddy 8,West,Gujarat,Ahmedabad,Online,Electronics,Laptops,HP 15s,1,52602.74,7,48920.55,41155.3,7765.25,Debit Card,Delivered,5.0
NR20251102089,2025-11-23,CUST00237,,West,Maharashtra,Mumbai,Corporate,Office Supplies,Stationery,Faber-Castell Marker Set,8,356.81,19,2312.13,1761.82,550.31,Net Banking,Delivered,3.0
NR20250101379,2025-01-07,CUST00224,Riya Das 8,West,Gujarat,Vadodara,Retail Store,Office Supplies,Files,Solo Executive File Pack,10,516.61,2,5062.78,3954.74,1108.04,UPI,Delivered,5.0
NR20251004212,2025-10-19,CUST00157,Ishaan Kapoor 6,South,Kerala,Kochi,Corporate,Electronics,Monitors,LG 24MP60G,15,12211.14,14,157523.71,128939.89,28583.82,Debit Card,Delivered,2.0
NR20250104852,2025-01-03,CUST00611,Nikhil Patil 21,South,Kerala,Kochi,Corporate,Office Supplies,Writing,Classmate Notebook Pack,5,447.43,17,1856.83,1362.73,494.1,UPI,Delivered,2.0
NR20250100414,2025-01-17,CUST00094,Ananya Iyer 4,West,Gujarat,Surat,Retail Store,Electronics,Audio,JBL Tune 770NC,1,7226.32,4,6937.27,5208.93,1728.34,UPI,Delivered,7.0
NR20251202222,2025-12-09,CUST00347,Shreya Menon 12,North,Uttar Pradesh,Lucknow,Online,Accessories,Cables,Portronics HDMI Cable,4,658.17,10,2369.41,1597.95,771.46,Net Banking,Delivered,1.0
NR20251101408,2025-11-24,CUST01022,Aditi Mehta 35,Central,Madhya Pradesh,Jabalpur,Online,Electronics,Audio,boAt Airdopes 141,1,1338.64,0,1338.64,964.57,374.07,UPI,Returned,8.0
NR20251001753,2025-10-29,CUST00038,Kavya Reddy 2,South,Andhra Pradesh,Visakhapatnam,Online,Furniture,Office Chairs,Featherlite Astro Chair,1,10652.41,9,9693.69,7177.57,2516.12,UPI,Delivered,3.0
NR20251000802,2025-10-07,CUST01062,Pooja Singh 36,East,Odisha,Bhubaneswar,Retail Store,Furniture,Office Chairs,Green Soul Monster Chair,1,14212.67,9,12933.53,9255.55,3677.98,Cash,Delivered,5.0
NR20251101289,2025-11-22,CUST00996,Diya Shah 34,West,Maharashtra,Nashik,Retail Store,Office Supplies,Files,Solo Executive File Pack,2,513.43,10,924.17,764.46,159.71,Cash,Delivered,1.0
NR20250801559,2025-08-08,CUST00368,Kavya Reddy 13,South,Tamil Nadu,Coimbatore,Retail Store,Electronics,Laptops,Acer Aspire 5,3,61026.49,12,161109.93,134668.32,26441.61,UPI,Delivered,2.0
NR20250902246,2025-09-27,CUST00039,Karan Malhotra 2,North,Delhi,Delhi,Retail Store,Accessories,Cables,Belkin USB-C Cable,4,1103.97,12,3885.97,2879.84,1006.13,Credit Card,Delivered,3.0
NR20251004879,2025-10-23,CUST01091,Nikhil Patil 37,West,Maharashtra,Pune,Corporate,Office Supplies,Writing,Classmate Notebook Pack,1,440.85,2,432.03,313.76,118.27,Net Banking,Delivered,1.0
NR20251001861,2025-10-05,CUST00375,Rohan Kulkarni 13,West,Gujarat,Surat,Online,Electronics,Smartphones,Samsung Galaxy M35,2,22269.87,12,39194.97,34172.32,5022.65,UPI,Delivered,4.0
NR20250902673,2025-09-06,CUST01030,Meera Joshi 35,Central,Madhya Pradesh,Bhopal,Corporate,Accessories,Webcams,Logitech C270 Webcam,5,2434.21,7,11319.08,8419.67,2899.41,Credit Card,Delivered,2.0
NR20250800257,2025-08-20,CUST01234,Ananya Iyer 42,East,West Bengal,Kolkata,Retail Store,Furniture,Desks,IKEA Linnmon Desk,1,8401.52,7,7813.41,5841.38,1972.03,UPI,Delivered,6.0
NR20251102079,2025-11-29,CUST00462,Pooja Singh 16,West,Gujarat,Vadodara,Retail Store,Office Supplies,Stationery,Kangaro Stapler Set,2,276.12,10,497.02,362.23,134.79,UPI,Delivered,3.0
NR20250901785,2025-09-03,CUST01190,Varun Bhatia 40,West,Goa,Goa,Retail Store,Electronics,Audio,boAt Airdopes 141,1,1419.48,10,1277.53,946.01,331.52,UPI,Delivered,4.0
NR20250201152,2025-02-23,CUST00764,Riya Das 26,South,Tamil Nadu,Coimbatore,Corporate,Office Supplies,Paper,JK Copier A4 Paper Ream,8,328.87,9,2394.17,1865.6,528.57,Credit Card,Delivered,2.0
NR20250202827,2025-02-09,CUST00248,Kavya Reddy 9,North,Delhi,Delhi,Corporate,Electronics,Monitors,LG 24MP60G,8,12314.07,20,78810.05,66250.26,12559.79,Debit Card,Delivered,2.0
NR20250900648,2025-09-09,CUST00663,Aditya Verma 23,East,Jharkhand,Ranchi,Retail Store,Electronics,Laptops,Acer Aspire 5,2,57047.31,9,103826.1,86470.57,17355.53,Credit Card,Delivered,3.0
NR20251202999,2025-12-05,CUST00187,Ishaan Kapoor 7,South,Karnataka,Mysuru,Retail Store,Electronics,Smartphones,OnePlus Nord CE,1,25922.21,12,22811.54,19896.84,2914.7,Cash,Delivered,1.0
NR20250701616,2025-07-02,CUST00548,Kavya Reddy 19,South,Kerala,Kochi,Retail Store,Furniture,Tables,Conference Table 6-Seater,1,28240.32,10,25416.29,19981.97,5434.32,UPI,Delivered,2.0
NR20250402965,2025-04-30,CUST00973,Rahul Gupta 33,South,Andhra Pradesh,Visakhapatnam,Corporate,Electronics,Monitors,LG 24MP60G,20,12387.83,14,213070.68,172644.69,40425.99,Net Banking,Delivered,3.0
NR20250803290,2025-08-24,CUST00638,Kavya Reddy 22,East,West Bengal,Siliguri,Retail Store,Furniture,Office Chairs,Featherlite Astro Chair,1,10110.1,10,9099.09,6612.63,2486.46,UPI,Returned,10.0
NR20251103389,2025-11-19,CUST00203,Neha Chawla 7,South,Telangana,Hyderabad,Corporate,Electronics,Audio,JBL Tune 770NC,1,7481.69,14,6434.25,4862.0,1572.25,Net Banking,Delivered,3.0
NR20250103882,2025-01-23,CUST00235,Manish Tiwari 8,West,Gujarat,Surat,Corporate,Furniture,Desks,Wooden Study Desk,3,6648.52,12,17552.09,13282.78,4269.31,UPI,Returned,7.0
NR20250701316,2025-07-28,CUST00540,Sneha Pillai 18,South,Karnataka,Bengaluru,Online,Accessories,Mice,Logitech M331 Mouse,2,1425.78,12,2509.37,1885.0,624.37,Credit Card,Delivered,4.0
NR20250901089,2025-09-10,CUST00754,Ananya Iyer 26,North,Uttar Pradesh,Lucknow,Corporate,Electronics,Laptops,Acer Aspire 5,20,62422.13,11,1111113.91,949163.21,161950.7,Net Banking,Delivered,4.0
NR20250603553,2025-06-12,CUST00069,Karan Malhotra 3,South,Tamil Nadu,Coimbatore,Online,Accessories,Webcams,Logitech C270 Webcam,3,2389.69,10,6452.16,4799.85,1652.31,UPI,Delivered,5.0
NR20251202537,2025-12-08,CUST00372,Pooja Singh 13,North,Uttarakhand,Dehradun,Corporate,Furniture,Tables,Conference Table 6-Seater,5,28285.62,14,121628.17,91176.75,30451.42,Net Banking,Cancelled,0.0
NR20250103683,2025-01-11,CUST00936,Diya Shah 32,South,Telangana,Hyderabad,Online,Office Supplies,Printing,HP 805 Ink Cartridge,1,1242.14,10,1117.93,885.18,232.75,Debit Card,Delivered,1.0
NR20250101351,2025-01-14,CUST01103,Neha Chawla 37,West,Gujarat, Surat,Retail Store,Electronics,Audio,JBL Tune 770NC,2,7168.32,7,13333.08,10342.2,2990.88,Debit Card,Delivered,4.0
NR20250203519,2025-02-06,CUST00457,Ishaan Kapoor 16,East,Odisha,Bhubaneswar,Online,Office Supplies,Writing,Classmate Notebook Pack,3,443.09,2,1302.68,935.19,367.49,UPI,Delivered,6.0
NR20250500113,2025-05-08,CUST00090,Sneha Pillai 3,South,Tamil Nadu,Chennai,Online,Furniture,Tables,Conference Table 6-Seater,2,27980.18,18,45887.5,35418.46,10469.04,Debit Card,Delivered,4.0
NR20251104049,2025-11-02,CUST01240,Meera Joshi 42,East,Odisha,Bhubaneswar,Online,Office Supplies,Printing,Epson 003 Ink Bottle,4,634.79,10,2285.24,1833.97,451.27,UPI,Delivered,3.0
NR20250500264,2025-05-20,CUST00342,Pooja Singh 12,South,Karnataka,Mysuru,Online,Electronics,Laptops,HP 15s,2,53808.25,12,94702.52,79358.1,15344.42,UPI,Delivered,4.0
NR20250101394,2025-01-16,CUST01023,Aditya Verma 35,East,Odisha,Bhubaneswar,Online,Office Supplies,Stationery,Kangaro Stapler Set,3,276.84,15,705.94,547.5,158.44,Net Banking,Delivered,8.0
NR20250303686,2025-03-27,CUST00967,Ishaan Kapoor 33,North,Rajasthan,Jaipur,Online,Office Supplies,Stationery,Kangaro Stapler Set,4,280.22,7,1042.42,782.29,260.13,UPI,Delivered,3.0
NR20250501187,2025-05-10,CUST00012,Pooja Singh 1,North,Chandigarh,Chandigarh,Corporate,Electronics,Monitors,LG 24MP60G,5,13275.71,13,57749.34,46352.47,11396.87,Credit Card,Delivered,4.0
NR20250903814,2025-09-20,CUST00836,Simran Kaur 28,South,Andhra Pradesh,Vijayawada,Online,Electronics,Tablets,Lenovo Tab M11,5,17871.55,7,83102.71,68152.32,14950.39,UPI,Delivered,3.0
NR20251200057,2025-12-01,CUST00159,Karan Malhotra 6,East,Assam,Guwahati,Corporate,Accessories,Keyboards,Logitech K120 Keyboard,10,846.79,2,8298.54,5916.5,2382.04,Credit Card,Delivered,6.0
NR20250901310,2025-09-29,CUST00728,Kavya Reddy 25,West,Maharashtra,Mumbai,Online,Accessories,Cables,Portronics HDMI Cable,1,670.09,10,603.08,414.38,188.7,Credit Card,Delivered,2.0
NR20251100696,2025-11-28,CUST00722,Aditi Mehta 25,West,Gujarat,Vadodara,Retail Store,Office Supplies,Paper,JK Copier A4 Paper Ream,10,327.14,17,2715.26,2109.49,605.77,Credit Card,Delivered,3.0
NR20250304264,2025-03-17,CUST00447,Aman Arora 15,West,Maharashtra,Pune,Retail Store,Electronics,Audio,boAt Airdopes 141,1,1438.69,12,1266.05,942.02,324.03,Credit Card,Delivered,5.0
NR20251204988,2025-12-07,CUST00623,Neha Chawla 21,South,Tamil Nadu,Chennai,Online,Electronics,Cameras,Canon EOS 1500D,3,47048.89,12,124209.07,104885.11,19323.96,Credit Card,Cancelled,0.0
NR20250704866,2025-07-13,CUST01201,Aarav Sharma 41,South,Kerala,Kochi,Online,Electronics,Smartphones,Samsung Galaxy M35,2,22828.34,5,43373.85,37386.09,5987.76,Debit Card,Delivered,3.0
NR20250901889,2025-09-17,CUST00576,Diya Shah 20,NORTH,Delhi,Delhi,Retail Store,Furniture,Storage,Metal Office Cabinet,2,9446.77,0,18893.54,14379.85,4513.69,UPI,Delivered,3.0
NR20250601836,2025-06-10,CUST00015,Rohan Kulkarni 1,West,Gujarat,Ahmedabad,Corporate,Office Supplies,Printing,Epson 003 Ink Bottle,5,642.63,14,2763.31,2165.53,597.78,Credit Card,Delivered,5.0
NR20251000320,2025-10-08,CUST00265,Manish Tiwari 9,South,Kerala,Kochi,Corporate,Furniture,Office Chairs,Featherlite Astro Chair,5,10584.91,20,42339.64,29877.92,12461.72,Net Banking,Delivered,2.0
NR20250303510,2025-03-08,CUST00871,Aarav Sharma 30,Central,Chhattisgarh,Bilaspur,Retail Store,Electronics,Monitors,LG 24MP60G,2,12568.38,12,22120.35,18365.47,3754.88,Debit Card,Delivered,7.0
NR20250101590,2025-01-02,CUST00658,Isha Banerjee 22,South,Tamil Nadu,Chennai,Online,Furniture,Office Chairs,Green Soul Monster Chair,2,14457.16,12,25444.6,18669.31,6775.29,Debit Card,Delivered,5.0
NR20251000683,2025-10-07,CUST00011,Nikhil Patil 1,West,Gujarat,Surat,Online,Furniture,Storage,Wooden Filing Cabinet,4,8049.85,5,30589.43,23427.88,7161.55,Debit Card,Delivered,
NR20250803249,2025-08-20,CUST00172,Yash Agarwal 6,West,Maharashtra,Nagpur,Retail Store,Electronics,Laptops,HP 15s,1,52777.33,5,50138.46,41655.21,8483.25,Debit Card,Delivered,5.0
NR20251203903,2025-12-07,CUST00346,Sakshi Jain 12,North,Punjab,Amritsar,Retail Store,Office Supplies,Stationery,Faber-Castell Marker Set,4,353.03,12,1242.67,919.53,323.14,UPI,Cancelled,0.0
NR20251000480,2025-10-08,CUST00580,Meera Joshi 20,West,Gujarat,Vadodara,Retail Store,Office Supplies,Files,Solo Executive File Pack,3,524.29,7,1462.77,1141.37,321.4,UPI,Delivered,4.0
NR20250903616,2025-09-23,CUST01159,Tanvi Deshmukh 39,West,Goa,Goa,Retail Store,Office Supplies,Files,Solo Executive File Pack,8,505.77,12,3560.62,2662.48,898.14,Credit Card,Delivered,3.0
NR20250702941,2025-07-29,CUST00782,Aditi Mehta 27,South,Tamil Nadu,Coimbatore,Online,Office Supplies,Files,Solo Executive File Pack,4,513.55,7,1910.41,1487.11,423.3,UPI,Returned,7.0
NR20250700287,2025-07-27,CUST00998,Kavya Reddy 34,Central,Madhya Pradesh,Jabalpur,Corporate,Furniture,Tables,Conference Table 6-Seater,3,28918.42,9,78947.29,61349.16,17598.13,Credit Card,Delivered,5.0
NR20250604545,2025-06-02,CUST00214,Ananya Iyer 8,East,Jharkhand,Ranchi,Online,Electronics,Cameras,Canon EOS 1500D,1,47613.43,10,42852.09,36973.22,5878.87,UPI,Delivered,1.0
NR20250102188,2025-01-11,CUST00164,Riya Das 6,South,Telangana,Hyderabad,Retail Store,Office Supplies,Files,Solo Executive File Pack,3,507.32,12,1339.32,1006.9,332.42,UPI,Delivered,2.0
NR20251102524,2025-11-15,CUST00823,Rahul Gupta 28,East,Assam,Guwahati,Retail Store,Furniture,Office Chairs,Featherlite Astro Chair,1,10148.36,18,8321.66,5788.44,2533.22,Credit Card,Delivered,4.0
NR20251204769,2025-12-21,CUST00918,Siddharth Rao 31,South,Karnataka,Bengaluru,Online,Electronics,Tablets,Lenovo Tab M11,3,18145.46,4,52258.92,43152.31,9106.61,Debit Card,Delivered,6.0
NR20251204077,2025-12-22,CUST01134,Priya Nanda 38,North,Uttar Pradesh,Lucknow,Corporate,Accessories,Power Banks,Ambrane 20000mAh Power Bank,15,1686.52,5,24032.91,18349.3,5683.61,Net Banking,Delivered,5.0
NR20250403608,2025-04-26,CUST00374,Riya Das 13,Central,Madhya Pradesh,Jabalpur,Retail Store,Electronics,Smartphones,OnePlus Nord CE,2,25239.77,16,42402.81,37415.7,4987.11,Debit Card,Delivered,3.0
NR20250301599,2025-03-04,CUST00445,Manish Tiwari 15,Central,Madhya Pradesh,Indore,Online,Office Supplies,Stationery,Kangaro Stapler Set,2,285.47,7,530.97,392.15,138.82,Debit Card,Delivered,6.0
NR20250801966,2025-08-23,CUST00683,Neha Chawla 23,North,Uttar Pradesh,Lucknow,Retail Store,Accessories,Mice,Logitech M331 Mouse,1,1404.58,10,1264.12,943.95,320.17,Cash,Returned,9.0
NR20250702146,2025-07-24,CUST00501,Vikram Sethi 17,Central,Madhya Pradesh,Jabalpur,Online,Electronics,Tablets,Lenovo Tab M11,1,17870.44,9,16262.1,13353.04,2909.06,Debit Card,Delivered,4.0
NR20250700737,2025-07-29,CUST00297,Aman Arora 10,West,Maharashtra,Nashik,Online,Accessories,Keyboards,Logitech K120 Keyboard,1,835.67,18,685.25,492.42,192.83,Net Banking,Delivered,5.0
NR20250301833,2025-03-15,CUST01146,Diya Shah 39,Central,Madhya Pradesh,Gwalior,Retail Store,Accessories,Power Banks,Ambrane 20000mAh Power Bank,2,1731.61,12,3047.63,2306.29,741.34,Cash,Delivered,4.0
NR20250600337,2025-06-05,CUST00537,Aman Arora 18,South,Karnataka,Mysuru,Online,Electronics,Laptops,HP 15s,2,53789.31,12,94669.19,84287.07,10382.12,UPI,Delivered,3.0
NR20250402459,2025-04-26,CUST00346,Sakshi Jain 12,Central,Chhattisgarh,Bilaspur,Corporate,Accessories,Keyboards,Logitech K120 Keyboard,20,841.07,12,14802.83,10888.24,3914.59,Net Banking,Delivered,7.0
NR20251204210,2025-12-04,CUST00012,Pooja Singh 1,West,Maharashtra,Pune,Online,Accessories,Bags,American Tourister Laptop Bag,3,2552.08,20,6124.99,4604.85,1520.14,UPI,Delivered,4.0
NR20251202719,2025-12-07,CUST00009,Karan Malhotra 1,South,Andhra Pradesh,Visakhapatnam,Retail Store,Office Supplies,Writing,Cello Ball Pen Pack,10,181.68,17,1507.94,1105.1,402.84,Debit Card,Delivered,4.0
NR20250104467,2025-01-18,CUST00692,Aditi Mehta 24,South,Telangana,Hyderabad,Online,Accessories,Mice,Logitech M331 Mouse,2,1455.86,12,2562.31,1945.55,616.76,Debit Card,Delivered,5.0
NR20251201072,2025-12-22,CUST00176,Simran Kaur 6,South,Andhra Pradesh,Vijayawada,Online,Furniture,Storage,Metal Office Cabinet,2,9289.49,2,18207.4,14088.09,4119.31,UPI,Cancelled,0.0
NR20250602358,2025-06-12,CUST01236,Diya Shah 42,West,Maharashtra,Pune,Retail Store,Office Supplies,Printing,HP 805 Ink Cartridge,4,1283.57,5,4877.57,4047.3,830.27,UPI,Delivered,2.0
NR20250202821,2025-02-11,CUST01234,Ananya Iyer 42,South,Kerala,Kochi,Retail Store,Furniture,Office Chairs,Featherlite Astro Chair,1,10617.13,10,9555.42,6697.61,2857.81,UPI,Delivered,3.0
NR20250303104,2025-03-10,CUST00797,Shreya Menon 27,West,Maharashtra,Pune,Online,Electronics,Cameras,Canon EOS 1500D,2,46510.59,10,83719.06,72812.65,10906.41,UPI,Pending,3.0
NR20250503124,2025-05-25,CUST01064,Riya Das 36,West,Maharashtra,Nashik,Retail Store,Electronics,Smartphones,OnePlus Nord CE,4,25525.76,12,89850.68,81457.77,8392.91,UPI,Delivered,3.0
NR20251004173,2025-10-22,CUST00673,Rahul Gupta 23,East,Assam,Guwahati,Online,Electronics,Audio,boAt Airdopes 141,2,1418.37,12,2496.33,1816.7,679.63,Credit Card,Returned,9.0
NR20250604044,2025-06-28,CUST01015,Manish Tiwari 34,West,Maharashtra,Nagpur,Online,Electronics,Tablets,Lenovo Tab M11,2,18238.51,5,34653.17,28792.94,5860.23,Net Banking,Delivered,6.0
NR20251203472,2025-12-01,CUST00382,Yash Agarwal 13,West,Maharashtra,Nagpur,Online,Office Supplies,Writing,Cello Ball Pen Pack,3,180.71,12,477.07,344.05,133.02,Net Banking,Delivered,2.0
NR20250601489,2025-06-20,CUST00419,Mohit Saxena 14,South,Telangana,Hyderabad,Online,Electronics,Laptops,Acer Aspire 5,2,62368.15,0,124736.3,107148.09,17588.21,Credit Card,Delivered,6.0
NR20250600499,2025-06-12,CUST00083,Neha Chawla 3,South,Karnataka,Mysuru,Online,Furniture,Office Chairs,Green Soul Monster Chair,1,14280.05,10,12852.05,9472.98,3379.07,Debit Card,Delivered,3.0
NR20251104407,2025-11-17,CUST00344,Riya Das 12,West,Maharashtra,Nagpur,Online,Furniture,Storage,Wooden Filing Cabinet,2,7878.15,7,14653.36,11108.88,3544.48,UPI,Delivered,5.0
NR20251202672,2025-12-25,CUST00346,Sakshi Jain 12,West,Maharashtra,Nagpur,Corporate,Electronics,Audio,boAt Airdopes 141,10,1437.04,14,12358.54,8933.35,3425.19,Net Banking,Delivered,5.0
NR20250902943,2025-09-09,CUST00276,Diya Shah 10,West,Goa,Goa,Corporate,Office Supplies,Printing,HP 805 Ink Cartridge,8,1245.53,7,9266.74,7891.59,1375.15,Debit Card,Delivered,2.0
NR20250902408,2025-09-26,CUST00303,Aditya Verma 11,South,Telangana,Hyderabad,Retail Store,Electronics,Smartphones,Samsung Galaxy M35,2,22095.92,7,41098.41,35889.21,5209.2,Debit Card,Delivered,1.0
NR20250503012,2025-05-07,CUST00289,Tanvi Deshmukh 10,West,Maharashtra,Pune,Retail Store,Furniture,Office Chairs,Green Soul Monster Chair,1,14422.86,2,14134.4,10471.17,3663.23,Credit Card,Delivered,5.0
NR20250803136,2025-08-22,CUST00325,Manish Tiwari 11,North,Punjab,Ludhiana,Online,Electronics,Tablets,Lenovo Tab M11,4,18230.83,9,66360.22,54106.19,12254.03,UPI,Delivered,5.0
NR20250904239,03-Sep-2025,CUST00840,Sneha Pillai 28,West,Maharashtra,Nashik,Retail Store,Accessories,Webcams,Logitech C270 Webcam,1,2579.17,10,2321.25,1807.84,513.41,UPI,Delivered,3.0
NR20250601611,2025-06-03,CUST00222,Pooja Singh 8,East,Odisha,Bhubaneswar,Corporate,Furniture,Tables,Conference Table 6-Seater,5,29342.91,4,140845.97,111232.47,29613.5,UPI,Delivered,4.0
NR20251104287,2025-11-27,CUST00572,Aditi Mehta 20,Central,Chhattisgarh,Bilaspur,Retail Store,Furniture,Desks,Wooden Study Desk,4,6778.09,12,23858.88,17718.26,6140.62,Credit Card,Delivered,5.0
NR20250703948,2025-07-02,CUST00439,Tanvi Deshmukh 15,South,Tamil Nadu,Coimbatore,Retail Store,Electronics,Tablets,Lenovo Tab M11,3,17954.48,10,48477.1,39302.36,9174.74,UPI,Delivered,3.0
NR20250102104,2025-01-18,CUST00931,Aarav Sharma 32,West,Maharashtra,Pune,Online,Office Supplies,Writing,Classmate Notebook Pack,1,426.24,7,396.4,302.03,94.37,UPI,Delivered,3.0
NR20251201023,2025-12-12,CUST00239,Mohit Saxena 8,West,Gujarat,Vadodara,Online,Furniture,Tables,Conference Table 6-Seater,3,28779.37,10,77704.3,59944.53,17759.77,Credit Card,Delivered,4.0
NR20250302489,2025-03-06,CUST00423,Aditya Verma 15,South,Karnataka,Bengaluru,Retail Store,Electronics,Laptops,Acer Aspire 5,1,62421.59,6,58676.29,50890.21,7786.08,UPI,Delivered,2.0
NR20250104956,2025-01-02,CUST00633,Aditya Verma 22,West,Maharashtra,Nagpur,Online,Office Supplies,Printing,HP 805 Ink Cartridge,2,1229.95,5,2336.91,2003.77,333.14,UPI,Delivered,4.0
NR20250602308,2025-06-18,CUST00676,Sakshi Jain 23,North,Punjab,Ludhiana,Online,Accessories,Cables,Portronics HDMI Cable,1,680.23,7,632.61,443.97,188.64,UPI,Delivered,4.0
NR20250803163,2025-08-14,CUST00247,Ishaan Kapoor 9,South,Tamil Nadu,Chennai,Retail Store,Office Supplies,Writing,Cello Ball Pen Pack,1,177.61,7,165.18,119.58,45.6,UPI,Delivered,2.0
NR20250902093,2025-09-14,CUST01176,Diya Shah 40,North,Uttar Pradesh,Lucknow,Corporate,Electronics,Monitors,LG 24MP60G,15,12157.68,12,160481.38,130385.33,30096.05,Net Banking,Delivered,5.0
NR20251000666,2025-10-07,CUST00370,Meera Joshi 13,South,Karnataka,Bengaluru,Retail Store,Office Supplies,Stationery,Faber-Castell Marker Set,3,358.29,12,945.89,703.94,241.95,Credit Card,Delivered,2.0
NR20250504051,2025-05-02,CUST00021,Vikram Sethi 1,Central,Madhya Pradesh,Indore,Online,Furniture,Storage,Metal Office Cabinet,1,9039.47,15,7683.55,5956.66,1726.89,UPI,Delivered,5.0
NR20251102716,2025-11-23,CUST00095,Arjun Nair 4,West,Goa,Goa,Retail Store,Electronics,Monitors,LG 24MP60G,2,11745.86,23,18088.62,15197.58,2891.04,UPI,Delivered,1.0
NR20250903722,2025-09-16,CUST00163,Rahul Gupta 6,North,Uttarakhand,Dehradun,Online,Electronics,Laptops,Acer Aspire 5,1,63264.28,14,54407.28,45910.09,8497.19,Debit Card,Delivered,3.0
NR20250504328,2025-05-14,CUST00006,Diya Shah 1,West,Maharashtra,Mumbai,Online,Furniture,Storage,Wooden Filing Cabinet,2,7884.72,5,14980.97,11769.74,3211.23,Credit Card,Delivered,2.0
NR20250602230,2025-06-04,CUST00650,Varun Bhatia 22,North,Uttar Pradesh,Noida,Retail Store,Office Supplies,Files,Solo Executive File Pack,1,513.34,2,503.07,387.18,115.89,Debit Card,Delivered,3.0
NR20250301018,2025-03-13,CUST00470,Varun Bhatia 16,East,Bihar,Patna,Corporate,Electronics,Monitors,LG 24MP60G,10,12514.16,17,103867.53,82566.76,21300.77,Credit Card,Delivered,5.0
NR20250800558,2025-08-23,CUST00457,Ishaan Kapoor 16,East,Jharkhand,Ranchi,Retail Store,Electronics,Laptops,Acer Aspire 5,3,61704.63,7,172155.92,141527.56,30628.36,Cash,Delivered,5.0
NR20250603255,2025-06-08,CUST00462,Pooja Singh 16,South,Karnataka,Bengaluru,Online,Furniture,Desks,Wooden Study Desk,1,6467.23,12,5691.16,4253.66,1437.5,Debit Card,Delivered,1.0
NR20250401208,2025-04-29,CUST00920,Varun Bhatia 31,Central,Madhya Pradesh,Gwalior,Retail Store,Office Supplies,Paper,JK Copier A4 Paper Ream,8,319.98,15,2175.86,1711.95,463.91,UPI,Delivered,3.0
NR20250902457,2025-09-24,CUST01082,Aditi Mehta 37,North,Uttar Pradesh,Noida,Retail Store,Accessories,Keyboards,Logitech K120 Keyboard,3,865.87,7,2415.78,1679.64,736.14,Debit Card,Delivered,3.0
NR20251004766,2025-10-24,CUST00392,Aditi Mehta 14,North,Punjab,Ludhiana,Retail Store,Furniture,Tables,Conference Table 6-Seater,1,29761.37,0,29761.37,24571.86,5189.51,Cash,Pending,6.0
NR20251002198,2025-10-03,CUST00793,Rahul Gupta 27,Central,Madhya Pradesh,Indore,Retail Store,Furniture,Desks,Wooden Study Desk,1,6386.94,2,6259.2,4641.92,1617.28,UPI,Delivered,4.0
NR20250401511,2025-04-04,CUST00367,Ishaan Kapoor 13,Central,Madhya Pradesh,Gwalior,Online,Furniture,Office Chairs,Green Soul Monster Chair,3,14363.04,5,40934.66,29723.83,11210.83,UPI,Returned,8.0
NR20250604199,2025-06-21,CUST01207,Ishaan Kapoor 41,South,Telangana,Hyderabad,Online,Electronics,Monitors,LG 24MP60G,4,12628.48,4,48493.36,38522.56,9970.8,Credit Card,Delivered,3.0
NR20250901685,2025-09-05,CUST00761,Nikhil Patil 26,West,Maharashtra,Nagpur,Online,Furniture,Office Chairs,Featherlite Astro Chair,1,10244.83,15,8708.11,6165.4,2542.71,Net Banking,Delivered,3.0
NR20250100246,2025-01-26,CUST00592,Yash Agarwal 20,North,Delhi,Delhi,Online,Office Supplies,Stationery,Faber-Castell Marker Set,2,352.39,2,690.68,536.64,154.04,Net Banking,Cancelled,0.0
NR20250101164,2025-01-17,CUST00764,Riya Das 26,South,Karnataka,Mysuru,Corporate,Accessories,Webcams,Logitech C270 Webcam,8,2569.53,15,17472.8,12884.67,4588.13,Debit Card,Delivered,4.0
NR20251102406,2025-11-29,CUST00065,Arjun Nair 3,West,Gujarat,Surat,Retail Store,Office Supplies,Writing,Classmate Notebook Pack,4,443.26,15,1507.08,1177.4,329.68,Debit Card,Delivered,2.0
NR20251004680,2025-10-23,CUST00830,Varun Bhatia 28,West,Gujarat,Surat,Online,Office Supplies,Files,Solo Executive File Pack,2,500.09,5,950.17,735.35,214.82,Credit Card,Returned,10.0
NR20250800267,2025-08-20,CUST00588,Siddharth Rao 20,South,Tamil Nadu,Coimbatore,Online,Furniture,Storage,Metal Office Cabinet,1,9054.68,5,8601.95,6420.15,2181.8,Credit Card,Delivered,3.0
NR20250503404,2025-05-16,CUST00515,Arjun Nair 18,South,Karnataka,Mysuru,Online,Electronics,Audio,JBL Tune 770NC,1,7030.65,10,6327.59,4840.59,1487.0,Net Banking,Delivered,3.0
NR20251001115,2025-10-22,CUST00391,Aarav Sharma 14,East,Assam,Guwahati,Online,Office Supplies,Writing,Cello Ball Pen Pack,2,173.8,5,330.22,241.74,88.48,Net Banking,Delivered,5.0
NR20251200064,2025-12-19,CUST00469,Tanvi Deshmukh 16,North,Delhi,Delhi,Online,Office Supplies,Paper,JK Copier A4 Paper Ream,8,313.34,10,2256.05,1735.59,520.46,Debit Card,Delivered,5.0
NR20250403961,2025-04-27,CUST00771,Vikram Sethi 26,North,Delhi,Delhi,Corporate,Office Supplies,Writing,Cello Ball Pen Pack,20,181.61,17,3014.73,2223.57,791.16,UPI,Delivered,5.0
NR20250503188,2025-05-30,CUST00079,Tanvi Deshmukh 3,West,Goa,Goa,Online,Accessories,Cables,Belkin USB-C Cable,1,1060.98,5,1007.93,753.93,254.0,Debit Card,Delivered,4.0
NR20251002233,2025-10-16,CUST01038,Siddharth Rao 35,West,Gujarat,Surat,Retail Store,Office Supplies,Printing,HP 805 Ink Cartridge,3,1239.05,0,3717.15,2995.43,721.72,UPI,Delivered,4.0
NR20251204662,2025-12-25,CUST00974,Riya Das 33,East,Assam,Guwahati,Retail Store,Furniture,Office Chairs,Green Soul Monster Chair,1,14322.37,10,12890.13,9416.54,3473.59,Debit Card,Delivered,5.0
NR20250603108,2025-06-01,CUST00599,Mohit Saxena 20,East,Odisha,Bhubaneswar,Retail Store,Electronics,Audio,JBL Tune 770NC,2,7010.47,12,12338.43,9800.53,2537.9,Credit Card,Delivered,
NR20250904754,2025-09-15,CUST00266,Simran Kaur 9,North,Punjab,Amritsar,Retail Store,Accessories,Cables,Belkin USB-C Cable,1,1103.01,5,1047.86,709.59,338.27,Credit Card,Delivered,4.0
NR20250404230,2025-04-12,CUST00294,Priya Nanda 10,West,Goa,Goa,Online,Electronics,Audio,JBL Tune 770NC,1,7131.22,5,6774.66,4895.41,1879.25,Net Banking,Delivered,2.0
NR20251002901,2025-10-17,CUST01162,Yash Agarwal 39,East,Assam,Guwahati,Retail Store,Accessories,Bags,Skybags Casual Backpack,1,1837.16,2,1800.42,1325.0,475.42,UPI,Delivered,7.0
NR20250304063,2025-03-06,CUST00684,Priya Nanda 23,West,Goa,Goa,Corporate,Accessories,Power Banks,Ambrane 20000mAh Power Bank,2,1737.55,2,3405.6,2730.17,675.43,Net Banking,Delivered,4.0
NR20251102124,2025-11-06,CUST00650,Varun Bhatia 22,South,Andhra Pradesh,Vijayawada,Retail Store,Office Supplies,Paper,JK Copier A4 Paper Ream,3,316.98,15,808.3,631.29,177.01,UPI,Cancelled,0.0
NR20250101756,2025-01-11,CUST00178,Isha Banerjee 6,West,Maharashtra,Mumbai,Retail Store,Office Supplies,Stationery,Faber-Castell Marker Set,5,379.93,10,1709.69,1323.45,386.24,Credit Card,Delivered,5.0
NR20251102310,2025-11-02,CUST00132,Pooja Singh 5,West,Gujarat,Ahmedabad,Online,Electronics,Audio,JBL Tune 770NC,1,7222.27,6,6788.93,5102.63,1686.3,Credit Card,Delivered,3.0
NR20250301238,2025-03-25,CUST00928,Isha Banerjee 31,Central,Madhya Pradesh,Indore,Corporate,Electronics,Audio,JBL Tune 770NC,8,7424.05,12,52265.31,39460.99,12804.32,Net Banking,Delivered,5.0
NR20250500104,2025-05-27,CUST00840,Sneha Pillai 28,West,Maharashtra,Nagpur,Corporate,Furniture,Desks,IKEA Linnmon Desk,15,8508.55,12,112312.86,87119.79,25193.07,Credit Card,Delivered,4.0
NR20250904168,2025-09-16,CUST00614,Riya Das 21,North,Chandigarh,Chandigarh,Online,Furniture,Desks,Wooden Study Desk,1,6303.67,10,5673.3,4082.36,1590.94,Credit Card,Delivered,4.0
NR20250700273,2025-07-13,CUST00826,Sakshi Jain 28,East,Assam,Guwahati,Online,Electronics,Audio,boAt Airdopes 141,1,1393.78,7,1296.22,939.67,356.55,Credit Card,Delivered,6.0
NR20250100509,2025-01-16,CUST00358,Isha Banerjee 12,Central,Chhattisgarh,Raipur,Retail Store,Furniture,Tables,Conference Table 6-Seater,1,28183.33,7,26210.5,19873.7,6336.8,Credit Card,Delivered,7.0
NR20250202293,2025-02-12,CUST00508,Isha Banerjee 17,South,Karnataka,Bengaluru,Retail Store,Electronics,Audio,JBL Tune 770NC,1,7250.14,7,6742.63,5221.69,1520.94,Credit Card,Delivered,5.0
NR20250502654,2025-05-25,CUST00078,Siddharth Rao 3,East,Odisha,Bhubaneswar,Online,Accessories,Cables,Portronics HDMI Cable,1,629.34,5,597.87,418.36,179.51,UPI,Delivered,6.0
NR20251001748,2025-10-31,CUST00546,Diya Shah 19,West,Maharashtra,Nashik,Corporate,Electronics,Audio,JBL Tune 770NC,8,7235.67,24,43992.87,32056.07,11936.8,UPI,Delivered,5.0
NR20250300866,2025-03-07,CUST00041,Nikhil Patil 2,South,Andhra Pradesh,Vijayawada,Retail Store,Office Supplies,Stationery,Kangaro Stapler Set,4,283.44,7,1054.4,755.48,298.92,Cash,Delivered,2.0
NR20251102979,2025-11-30,CUST00652,Yash Agarwal 22,West,Maharashtra,Nashik,Retail Store,Electronics,Laptops,HP 15s,1,54766.05,5,52027.75,44411.49,7616.26,UPI,Delivered,1.0
NR20250200909,2025-02-21,CUST01036,Sakshi Jain 35,West,Gujarat,Ahmedabad,Online,Office Supplies,Printing,HP 805 Ink Cartridge,5,1254.97,7,5835.61,4832.75,1002.86,UPI,Delivered,4.0
NR20250302500,2025-03-03,CUST00710,Varun Bhatia 24,North,Uttar Pradesh,Lucknow,Online,Accessories,Keyboards,Logitech K120 Keyboard,1,851.56,18,698.28,501.8,196.48,Net Banking,Delivered,2.0
NR20250802945,2025-08-04,CUST00892,Yash Agarwal 30,South,Karnataka,Mysuru,Online,Office Supplies,Files,Solo Executive File Pack,8,514.49,5,3910.12,2965.08,945.04,UPI,Delivered,5.0
NR20251004763,2025-10-04,CUST00617,Shreya Menon 21,South,Kerala,Kochi,Retail Store,Furniture,Desks,Wooden Study Desk,3,6413.02,7,17892.33,13229.12,4663.21,Credit Card,Delivered,1.0
NR20250801628,2025-08-30,CUST01045,Manish Tiwari 35,South,Telangana,Hyderabad,Corporate,Electronics,Smartphones,OnePlus Nord CE,10,26048.64,10,234437.76,202139.8,32297.96,UPI,Delivered,5.0
NR20251002963,2025-10-28,CUST00493,Rahul Gupta 17,North,Delhi,Delhi,Online,Electronics,Laptops,Acer Aspire 5,1,59610.03,6,56033.43,49509.19,6524.24,Credit Card,Delivered,2.0
NR20251201523,2025-12-01,CUST00802,Yash Agarwal 27,Central,Madhya Pradesh,Gwalior,Online,Furniture,Desks,IKEA Linnmon Desk,2,8335.38,12,14670.27,10768.48,3901.79,Credit Card,Delivered,4.0
NR20250500836,2025-05-22,CUST00880,Meera Joshi 30,East,Bihar,Patna,Retail Store,Electronics,Laptops,Acer Aspire 5,1,61108.42,10,54997.58,45674.1,9323.48,UPI,Delivered,4.0
NR20250900359,2025-09-04,CUST00458,Kavya Reddy 16,West,Gujarat,Vadodara,Retail Store,Electronics,Smartphones,Samsung Galaxy M35,2,21998.35,12,38717.1,33580.58,5136.52,UPI,Delivered,2.0
NR20250600139,2025-06-16,CUST00814,Ananya Iyer 28,Central,Madhya Pradesh,Indore,Online,Accessories,Cables,Portronics HDMI Cable,1,646.16,10,581.54,396.18,185.36,Credit Card,Delivered,4.0
NR20250800300,2025-08-06,CUST00945,Rohan Kulkarni 32,Central,Chhattisgarh,Raipur,Retail Store,Furniture,Storage,Wooden Filing Cabinet,1,7776.58,10,6998.92,5236.79,1762.13,Cash,Delivered,7.0
NR20250701557,2025-07-13,CUST00787,Ishaan Kapoor 27,South,Tamil Nadu,Chennai,Online,Electronics,Smartphones,OnePlus Nord CE,1,24042.07,10,21637.86,19081.86,2556.0,Credit Card,Delivered,6.0
NR20250301004,2025-03-20,CUST00979,Tanvi Deshmukh 33,Central,Madhya Pradesh,Indore,Online,Electronics,Laptops,HP 15s,1,53507.33,14,46016.3,38627.64,7388.66,Credit Card,Delivered,4.0
NR20250200383,2025-02-23,CUST00586,Sakshi Jain 20,East,West Bengal,Kolkata,Online,Electronics,Cameras,Canon EOS 1500D,1,44929.81,4,43132.62,38198.54,4934.08,Credit Card,Delivered,4.0
NR20251000942,2025-10-16,CUST01087,Ishaan Kapoor 37,West,Gujarat,Surat,Retail Store,Furniture,Office Chairs,Green Soul Monster Chair,1,14942.14,5,14195.03,10536.29,3658.74,Credit Card,Delivered,4.0
NR20250304667,2025-03-20,CUST00595,Manish Tiwari 20,South,Kerala,Kochi,Online,Office Supplies,Stationery,Faber-Castell Marker Set ,3,365.75,0,1097.25,851.36,245.89,Debit Card,Delivered,3.0
NR20251003861,2025-10-22,CUST00576,Diya Shah 20,East,West Bengal,Kolkata,Retail Store,Electronics,Cameras,Canon EOS 1500D,2,45053.44,5,85601.54,74902.16,10699.38,Debit Card,Delivered,2.0
NR20250400762,2025-04-04,CUST00762,Pooja Singh 26,West,Gujarat,Vadodara,Retail Store,Office Supplies,Writing,Classmate Notebook Pack,8,435.24,5,3307.82,2494.29,813.53,Cash,Delivered,3.0
NR20250302576,2025-03-23,CUST00293,Neha Chawla 10,West,Maharashtra,Nagpur,Corporate,Electronics,Laptops,Acer Aspire 5,8,62723.8,7,466665.07,368956.34,97708.73,Credit Card,Delivered,2.0
NR20250503733,2025-05-19,CUST00427,Ishaan Kapoor 15,South,Telangana,Hyderabad,Corporate,Office Supplies,Printing,HP 805 Ink Cartridge,2,1201.02,14,2065.75,1679.92,385.83,Net Banking,Delivered,5.0
NR20250403741,2025-04-17,CUST00307,Ishaan Kapoor 11,Central,Chhattisgarh,Raipur,Online,Accessories,Bags,Skybags Casual Backpack,1,1811.89,2,1775.65,1323.51,452.14,Debit Card,Delivered,5.0
NR20250704253,2025-07-29,CUST01038,Siddharth Rao 35,South,Telangana,Hyderabad,Online,Electronics,Monitors,LG 24MP60G,2,12377.33,10,22279.19,17871.91,4407.28,UPI,Returned,2.0
NR20250202276,2025-02-10,CUST00150,Sneha Pillai 5,South,Karnataka,Mysuru,Retail Store,Furniture,Office Chairs,Featherlite Astro Chair,2,11174.87,10,20114.77,14559.19,5555.58,Cash,Returned,8.0
NR20250900899,2025-09-02,CUST01025,Arjun Nair 35,East,Assam,Guwahati,Retail Store,Furniture,Desks,Wooden Study Desk,1,6557.7,5,6229.81,4688.66,1541.15,Cash,Delivered,4.0
NR20250304106,2025-03-05,CUST00015,Rohan Kulkarni 1,East,Odisha,Bhubaneswar,Retail Store,Electronics,Monitors,LG 24MP60G,1,12538.83,12,11034.17,8939.28,2094.89,Cash,Delivered,5.0
NR20250503974,2025-05-02,CUST01165,Manish Tiwari 39,East,Odisha,Bhubaneswar,Retail Store,Office Supplies,Paper,JK Copier A4 Paper Ream,4,313.53,7,1166.33,869.21,297.12,UPI,Delivered,5.0
NR20251001403,2025-10-04,CUST00853,Rahul Gupta 29,South,Karnataka,Bengaluru,Retail Store,Electronics,Smartphones,Samsung Galaxy M35,1,21590.73,14,18568.03,16453.22,2114.81,Cash,Delivered,3.0
NR20251202267,2025-12-08,CUST00010,Meera Joshi 1,South,Telangana,Hyderabad,Online,Office Supplies,Printing,HP 805 Ink Cartridge,4,1233.7,14,4243.93,3482.64,761.29,Debit Card,Returned,5.0
NR20250603899,2025-06-21,CUST00853,Rahul Gupta 29,South,Karnataka,Bengaluru,Online,Electronics,Laptops, Acer Aspire 5,4,62306.95,10,224305.02,191010.6,33294.42,UPI,Returned,4.0
NR20251104449,2025-11-16,CUST00086,Simran Kaur 3,West,Gujarat,Surat,Retail Store,Office Supplies,Writing,Classmate Notebook Pack,5,469.37,5,2229.51,1679.25,550.26,Cash,Delivered,8.0
NR20250103050,2025-01-26,CUST00603,Aditya Verma 21,West,Goa,Goa,Retail Store,Accessories,Cables,Belkin USB-C Cable,2,1080.32,15,1836.54,1305.05,531.49,UPI,Delivered,3.0
NR20250301513,2025-03-30,CUST01085,Arjun Nair 37,West,Maharashtra,Nashik,Retail Store,Furniture,Storage,Wooden Filing Cabinet,3,7553.84,5,21528.44,16496.38,5032.06,UPI,Delivered,3.0
NR20251001189,2025-10-29,CUST01248,Siddharth Rao 42,North,Uttarakhand,Dehradun,Retail Store,Electronics,Audio,boAt Airdopes 141,1,1407.3,14,1210.28,854.64,355.64,UPI,Delivered,5.0
NR20251103085,2025-11-23,CUST00471,Vikram Sethi 16,South,Tamil Nadu,Coimbatore,Online,Office Supplies,Paper, JK Copier A4 Paper Ream,3,324.99,10,877.47,682.48,194.99,Debit Card,Cancelled,0.0
NR20250303667,2025-03-29,CUST00790,Meera Joshi 27,North,Delhi,Delhi,Online,Electronics,Audio,JBL Tune 770NC,1,7105.6,5,6750.32,4896.85,1853.47,Net Banking,Delivered,7.0
NR20250304992,2025-03-09,CUST00029,Mohit Saxena 1,Central,Madhya Pradesh,Bhopal,Retail Store,Furniture,Desks,IKEA Linnmon Desk,1,8390.84,5,7971.3,5923.69,2047.61,UPI,Delivered,5.0
NR20250403544,2025-04-10,CUST00537,Aman Arora 18,West,Maharashtra,Nashik,Retail Store,Office Supplies,Stationery,Faber-Castell Marker Set,3,348.95,7,973.57,772.12,201.45,Credit Card,Delivered,6.0
NR20250102534,2025-01-26,CUST00327,Aman Arora 11,West,Gujarat,Ahmedabad,Retail Store,Furniture,Tables,Conference Table 6-Seater,1,29484.39,12,25946.26,20692.35,5253.91,UPI,Delivered,1.0
NR20250700109,2025-07-16,CUST00161,Nikhil Patil 6,East,Assam,Guwahati,Retail Store,Accessories,Bags,American Tourister Laptop Bag,1,2648.7,12,2330.86,1787.17,543.69,UPI,Delivered,4.0
NR20250802816,2025-08-14,CUST00621,Vikram Sethi 21,East,West Bengal,Siliguri,Retail Store,Electronics,Audio,JBL Tune 770NC,2,6958.16,2,13637.99,10196.91,3441.08,Debit Card,Delivered,5.0
NR20250603036,2025-06-18,CUST01179,Karan Malhotra 40,North,Punjab,Ludhiana,Online,Electronics,Smartphones,OnePlus Nord CE,2,24901.46,9,45320.66,40505.16,4815.5,UPI,Delivered,5.0
NR20251203047,2025-12-16,CUST00091,Aarav Sharma 4,South,Tamil Nadu,Coimbatore,Online,Electronics,Tablets,Lenovo Tab M11,2,17521.88,5,33291.57,28346.7,4944.87,UPI,Delivered,3.0
NR20250600059,2025-06-24,CUST01113,Aditya Verma 38,North,Uttarakhand,Dehradun,Online,Office Supplies,Writing,Classmate Notebook Pack,10,444.59,5,4223.6,3256.05,967.55,UPI,Delivered,3.0
NR20251000077,2025-10-05,CUST00989,Mohit Saxena 33,North,Uttarakhand,Dehradun,Retail Store,Electronics,Smartphones,OnePlus Nord CE,5,24429.45,4,117261.36,104428.1,12833.26,UPI,Returned,7.0
NR20251200797,2025-12-31,CUST00960,Sneha Pillai 32,South,Andhra Pradesh,Vijayawada,Retail Store,Electronics,Laptops,Acer Aspire 5,1,62721.97,10,56449.77,49725.25,6724.52,Credit Card,Delivered,3.0
NR20250900369,2025-09-11,CUST00369,Karan Malhotra 13,Central,Madhya Pradesh,Jabalpur,Online,Electronics,Monitors,LG 24MP60G,1,12735.24,10,11461.72,9376.64,2085.08,UPI,Delivered,5.0
NR20250304975,2025-03-20,CUST00364,Ananya Iyer 13,North,Rajasthan,Jaipur,Online,Accessories,Mice,Logitech M331 Mouse,1,1359.15,0,1359.15,991.68,367.47,UPI,Returned,9.0
NR20250600786,2025-06-05,CUST01035,Rohan Kulkarni 35,North,Delhi,Delhi,Online,Furniture,Desks,Wooden Study Desk,1,6676.59,5,6342.76,4608.37,1734.39,Debit Card,Delivered,2.0
NR20250802111,2025-08-28,CUST00996,Diya Shah 34,West,Maharashtra,Nagpur,Retail Store,Electronics,Monitors,LG 24MP60G,1,12296.97,14,10575.39,8665.24,1910.15,Cash,Delivered,7.0
NR20250304432,2025-03-18,CUST00414,Priya Nanda 14,South,Andhra Pradesh,Visakhapatnam,Online,Electronics,Audio,boAt Airdopes 141,1,1434.09,7,1333.7,969.32,364.38,Net Banking,Delivered,6.0
NR20250802058,2025-08-30,CUST00393,Aditya Verma 14,West,Maharashtra,Nashik,Retail Store,Electronics,Laptops,HP 15s,3,56281.86,0,168845.58,140909.47,27936.11,Debit Card,Delivered,3.0
NR20250502087,2025-05-15,CUST00045,Rohan Kulkarni 2,North,Uttar Pradesh,Noida,Retail Store,Office Supplies,Writing,Classmate Notebook Pack,8,440.71,5,3349.4,2518.48,830.92,Credit Card,Delivered,5.0
NR20250802171,2025-08-30,CUST00161,Nikhil Patil 6,West,Gujarat,Ahmedabad,Corporate,Electronics,Tablets,Lenovo Tab M11,3,18605.96,12,49119.73,40248.69,8871.04,Net Banking,Delivered,4.0
NR20250603642,2025-06-28,CUST01166,Simran Kaur 39,South,Tamil Nadu,Chennai,Online,Office Supplies,Writing,Cello Ball Pen Pack,5,182.56,10,821.52,611.53,209.99,Credit Card,Delivered,5.0
NR20251202012,2025-12-17,CUST00217,Ishaan Kapoor 8,North,Delhi,Delhi,Online,Office Supplies,Writing,Classmate Notebook Pack,1,452.95,15,385.01,304.29,80.72,Credit Card,Delivered,2.0
NR20251202108,2025-12-04,CUST00793,Rahul Gupta 27,South,Tamil Nadu,Coimbatore,Retail Store,Office Supplies,Writing,Cello Ball Pen Pack,1,178.45,10,160.6,116.04,44.56,UPI,Delivered,2.0
NR20250200122,2025-02-10,CUST01129,Tanvi Deshmukh 38,Central,Madhya Pradesh,Indore,Corporate,Electronics,Laptops,HP 15s,3,55413.88,6,156267.14,129656.04,26611.1,Net Banking,Delivered,4.0
NR20250603704,2025-06-17,CUST00226,Sakshi Jain 8,West,Maharashtra,Nashik,Online,Electronics,Smartphones,Samsung Galaxy M35,1,21700.17,5,20615.16,18034.55,2580.61,Credit Card,Delivered,2.0
NR20250102437,2025-01-01,CUST01039,Tanvi Deshmukh 35,South,Andhra Pradesh,Vijayawada,Corporate,Office Supplies,Files,Solo Executive File Pack,8,530.9,4,4077.31,3244.5,832.81,UPI,Delivered,5.0
NR20250403755,2025-04-21,CUST00916,Sakshi Jain 31,South,Telangana,Hyderabad,Online,Electronics,Smartphones,Samsung Galaxy M35,1,21541.96,2,21111.12,18723.06,2388.06,Net Banking,Delivered,3.0
NR20250200911,2025-02-02,CUST00680,Varun Bhatia 23,West,Gujarat,Vadodara,Corporate,Furniture,Storage,Metal Office Cabinet,3,9289.91,12,24525.36,18882.5,5642.86,Net Banking,Delivered,2.0
NR20250800125,2025-08-14,CUST00414,Priya Nanda 14,West,Gujarat,Vadodara,Online,Office Supplies,Stationery,Kangaro Stapler Set,5,272.6,7,1267.59,941.31,326.28,Debit Card,Delivered,5.0
NR20250503321,2025-05-19,CUST00205,Manish Tiwari 7,North,Rajasthan,Jaipur,Online,Office Supplies,Writing,Cello Ball Pen Pack,1,181.76,5,172.67,125.23,47.44,Credit Card,Delivered,3.0
NR20250801587,2025-08-01,CUST00526,Sakshi Jain 18,West,Gujarat,Vadodara,Online,Office Supplies,Printing,Epson 003 Ink Bottle,8,663.91,12,4673.93,3566.9,1107.03,Credit Card,Delivered,1.0
NR20250801258,2025-08-02,CUST00720,Sneha Pillai 24,West,Gujarat,Vadodara,Corporate,Electronics,Laptops,HP 15s,8,53613.32,7,398883.1,330518.46,68364.64,Credit Card,Delivered,6.0
NR20251103965,2025-11-06,CUST00602,Aditi Mehta 21,North,Punjab,Amritsar,Online,Office Supplies,Paper,JK Copier A4 Paper Ream,10,323.67,12,2848.3,2219.14,629.16,Net Banking,Delivered,4.0
NR20251203684,2025-12-16,CUST00377,Shreya Menon 13,South,Karnataka,Mysuru,Retail Store,Electronics,Smartphones,OnePlus Nord CE,2,25566.38,0,51132.76,45587.5,5545.26,UPI,Delivered,4.0
NR20251203489,2025-12-24,CUST00282,Pooja Singh 10,Central,Madhya Pradesh,Gwalior,Online,Electronics,Smartphones,OnePlus Nord CE,1,24979.99,2,24480.39,21307.96,3172.43,UPI,Delivered,3.0
NR20250401179,2025-04-04,CUST00538,Isha Banerjee 18,West,Gujarat,Vadodara,Retail Store,Electronics,Tablets,Lenovo Tab M11,2,17348.97,14,29840.23,24944.14,4896.09,Cash,Delivered,1.0
NR20250703232,2025-07-30,CUST01128,Siddharth Rao 38,East,West Bengal,Siliguri,Retail Store,Electronics,Laptops,Acer Aspire 5,1,64122.91,4,61557.99,51476.37,10081.62,Debit Card,Delivered,3.0
NR20250804749,2025-08-13,CUST00823,Rahul Gupta 28,East,Jharkhand,Ranchi,Online,Accessories,Bags,American Tourister Laptop Bag,1,2503.89,10,2253.5,1694.87,558.63,Net Banking,Delivered,4.0
NR20250904018,2025-09-22,CUST00438,Siddharth Rao 15,East,Jharkhand,Ranchi,Online,Accessories,Bags,Skybags Casual Backpack,2,1888.81,2,3702.07,2778.09,923.98,Net Banking,Delivered,6.0
NR20250802403,2025-08-14,CUST00669,Karan Malhotra 23,West,Goa,Goa,Online,Furniture,Storage,Wooden Filing Cabinet,1,7860.38,12,6917.13,5349.71,1567.42,UPI,Delivered,3.0
NR20251004448,2025-10-30,CUST00390,Sneha Pillai 13,South,Telangana,Hyderabad,Retail Store,Accessories,Keyboards,Logitech K120 Keyboard,1,839.4,12,738.67,525.13,213.54,Cash,Delivered,3.0
NR20250400443,2025-04-21,CUST01150,Meera Joshi 39,South,Andhra Pradesh,Visakhapatnam,Online,Office Supplies,Stationery,Faber-Castell Marker Set,4,360.18,5,1368.68,1039.61,329.07,UPI,Delivered,3.0
NR20250703902,2025-07-01,CUST00496,Sakshi Jain 17,West,Gujarat,Ahmedabad,Online,Electronics,Monitors,LG 24MP60G,1,12407.69,4,11911.38,9958.62,1952.76,Debit Card,Delivered,4.0
NR20250202961,2025-02-16,CUST00464,Riya Das 16,North,Punjab,Ludhiana,Retail Store,Accessories,Webcams,Logitech C270 Webcam,2,2558.64,0,5117.28,3786.31,1330.97,Debit Card,Delivered,5.0
NR20250500926,2025-05-10,CUST01084,Ananya Iyer 37,North,Punjab,Amritsar,Retail Store,Electronics,Laptops,HP 15s,1,52158.92,0,52158.92,43721.61,8437.31,Debit Card,Delivered,4.0
NR20250102400,2025-01-19,CUST00819,Karan Malhotra 28,Central,Chhattisgarh,Bilaspur,Online,Electronics,Audio,boAt Airdopes 141,1,1401.97,7,1303.83,952.25,351.58,UPI,Delivered,4.0
NR20250802884,2025-08-07,CUST00685,Manish Tiwari 23,West,Maharashtra,Mumbai,Online,Electronics,Audio,JBL Tune 770NC,2,7027.07,7,13070.35,10228.57,2841.78,UPI,Delivered,4.0
NR20251104839,2025-11-21,CUST00375,Rohan Kulkarni 13,East,Assam,Guwahati,Online,Furniture,Storage,Metal Office Cabinet,5,9577.63,10,43099.33,32076.55,11022.78,Credit Card,Delivered,3.0
NR20250401412,2025-04-02,CUST00730,Meera Joshi 25,Central,Madhya Pradesh,Gwalior,Retail Store,Office Supplies,Printing,HP 805 Ink Cartridge,1,1299.82,7,1208.83,984.9,223.93,Cash,Delivered,6.0
NR20250503575,2025-05-07,CUST00789,Karan Malhotra 27,North,Uttarakhand,Dehradun,Retail Store,Furniture,Office Chairs,Featherlite Astro Chair,1,10373.23,10,9335.91,6577.36,2758.55,UPI,Delivered,5.0
NR20250901850,2025-09-22,CUST01244,Riya Das 42,West,Gujarat,Vadodara,Online,Furniture,Storage,Wooden Filing Cabinet,1,7905.77,10,7115.19,5597.63,1517.56,UPI,Delivered,3.0
NR20250701510,2025-07-17,CUST00797,Shreya Menon 27,West,Gujarat,Vadodara,Retail Store,Accessories,Mice,Logitech M331 Mouse,5,1480.81,10,6663.64,5083.91,1579.73,UPI,Delivered,4.0
NR20250601228,2025-06-23,CUST00428,Kavya Reddy 15,East,West Bengal,Siliguri,Corporate,Electronics,Smartphones,OnePlus Nord CE,15,25804.84,12,340623.89,299392.72,41231.17,UPI,Delivered,6.0
NR20251103713,2025-11-21,CUST00970,Meera Joshi 33,South,Tamil Nadu,Coimbatore,Retail Store,Office Supplies,Stationery,Kangaro Stapler Set,4,280.77,5,1066.93,800.07,266.86,Debit Card,Delivered,4.0
NR20250202423,2025-02-15,CUST01142,Aditi Mehta 39,West,Maharashtra,Nagpur,Corporate,Electronics,Laptops,Acer Aspire 5,2,62561.89,16,105103.98,87008.21,18095.77,Credit Card,Delivered,3.0
NR20250703621,2025-07-07,CUST00332,Aditi Mehta 12,West,Maharashtra,Pune,Corporate,Electronics,Tablets,Lenovo Tab M11,2,18048.74,4,34653.58,29342.99,5310.59,Net Banking,Delivered,5.0
NR20250904692,2025-09-22,CUST00157,Ishaan Kapoor 6,North,Uttar Pradesh,Noida,Corporate,Furniture,Office Chairs,Featherlite Astro Chair,10,10474.08,17,86934.86,62531.56,24403.3,Net Banking,Delivered,2.0
NR20250203383,2025-02-16,CUST00525,Rohan Kulkarni 18,West,Maharashtra,Pune,Retail Store,Electronics,Audio,JBL Tune 770NC,4,7163.44,12,25215.31,19349.53,5865.78,Debit Card,Delivered,1.0
NR20250500325,2025-05-13,CUST00428,Kavya Reddy 15,south,Andhra Pradesh,Vijayawada,Online,Electronics,Laptops,Acer Aspire 5,1,62776.87,2,61521.33,51479.82,10041.51,Debit Card,Delivered,4.0
NR20250303693,2025-03-06,CUST00839,Mohit Saxena 28,SOUTH,Tamil Nadu,Coimbatore,Online,Electronics,Laptops,Acer Aspire 5,3,63677.71,7,177660.81,152376.38,25284.43,UPI,Delivered,3.0
NR20251102811,2025-11-29,CUST00454,Ananya Iyer 16,West,Maharashtra,Nashik,Corporate,Furniture,Storage,Metal Office Cabinet,15,9275.86,5,132181.01,102462.25,29718.76,Credit Card,Delivered,4.0
NR20251203758,2025-12-19,CUST00548,Kavya Reddy 19,South,Tamil Nadu,Coimbatore,Online,Office Supplies,Printing,Epson 003 Ink Bottle,1,658.22,17,546.32,430.34,115.98,UPI,Delivered,3.0
NR20250202338,2025-02-04,CUST00901,Aarav Sharma 31,South,Karnataka,Bengaluru,Retail Store,Accessories,Bags,American Tourister Laptop Bag,4,2666.77,15,9067.02,6858.72,2208.3,Cash,Delivered,4.0
NR20251003401,2025-10-27,CUST00378,Siddharth Rao 13,East,Bihar,Patna,Online,Office Supplies,Files,Solo Executive File Pack,5,523.53,2,2565.3,1943.76,621.54,Credit Card,Delivered,3.0
NR20250203134,2025-02-22,CUST01153,Rahul Gupta 39,SOUTH,Tamil Nadu,Coimbatore,Retail Store,Office Supplies,Writing,Cello Ball Pen Pack,8,178.61,18,1171.68,836.54,335.14,Cash,Delivered,5.0
NR20251101499,2025-11-10,CUST00110,Varun Bhatia 4,North,Uttar Pradesh,Noida,Retail Store,Electronics,Audio,boAt Airdopes 141,1,1338.62,9,1218.14,877.68,340.46,UPI,Cancelled,0.0
NR20250201503,2025-02-24,CUST00772,Yash Agarwal 26,West,Maharashtra,Nagpur,Online,Electronics,Laptops,Acer Aspire 5,4,60953.22,10,219431.59,182493.45,36938.14,Credit Card,Delivered,3.0
NR20251201007,2025-12-29,CUST00792,Pooja Singh 27,West,Maharashtra,Nashik,Retail Store,Office Supplies,Printing,Epson 003 Ink Bottle,1,670.01,10,603.01,471.25,131.76,Cash,Delivered,4.0
NR20250804678,2025-08-30,CUST01171,Aarav Sharma 40,South,Kerala,Kochi,Online,Office Supplies,Writing,Classmate Notebook Pack,2,438.54,5,833.23,637.3,195.93,Net Banking,Delivered,1.0
NR20250702810,2025-07-13,CUST01230,Sneha Pillai 41,East,West Bengal,Kolkata,Online,Furniture,Tables,Conference Table 6-Seater,2,29019.04,10,52234.27,40176.65,12057.62,UPI,Delivered,6.0
NR20250903625,2025-09-12,CUST00778,Isha Banerjee 26,West,Maharashtra,Nagpur,Online,Office Supplies,Writing,Classmate Notebook Pack,3,445.59,10,1203.09,904.56,298.53,UPI,Delivered,5.0
NR20250401468,2025-04-22,CUST00101,Nikhil Patil 4,South,Karnataka,Bengaluru,Online,Electronics,Smartphones,OnePlus Nord CE,1,23665.11,7,22008.55,20247.87,1760.68,Credit Card,Delivered,4.0
NR20250801226,2025-08-27,CUST00502,Yash Agarwal 17,South,Tamil Nadu,Chennai,Retail Store,Electronics,Audio,JBL Tune 770NC,1,7224.61,10,6502.15,5040.5,1461.65,UPI,Pending,4.0
NR20251103039,2025-11-06,CUST00796,Sakshi Jain 27,South,Andhra Pradesh,Vijayawada,Online,Electronics,Audio,JBL Tune 770NC,4,7148.99,9,26022.32,18971.03,7051.29,Credit Card,Delivered,6.0
NR20250903986,2025-09-23,CUST00475,Manish Tiwari 16,West,Maharashtra,Pune,Corporate,Office Supplies,Writing,Classmate Notebook Pack,10,463.8,15,3942.3,2817.06,1125.24,UPI,Delivered,2.0
NR20251002334,2025-10-11,CUST00454,Ananya Iyer 16,West,Goa,Goa,Retail Store,Office Supplies,Printing,Epson 003 Ink Bottle,2,660.59,4,1268.33,1026.45,241.88,UPI,Delivered,2.0
NR20250802629,2025-08-07,CUST00896,Simran Kaur 30,North,Uttarakhand,Dehradun,Online,Accessories,Webcams,Logitech C270 Webcam,2,2508.37,18,4113.73,3097.18,1016.55,Debit Card,Delivered,6.0
NR20251201217,2025-12-11,CUST00856,Sakshi Jain 29,West,Maharashtra,Nagpur,Retail Store,Electronics,Audio,JBL Tune 770NC,1,6756.35,15,5742.9,4303.49,1439.41,Credit Card,Returned,4.0
NR20250204096,2025-02-13,CUST00383,Neha Chawla 13,South,Kerala,Kochi,Retail Store,Accessories,Webcams,Logitech C270 Webcam,3,2471.95,0,7415.85,5564.42,1851.43,UPI,Delivered,1.0
NR20250503607,05/06/2025,CUST01148,Kavya Reddy 39,West,Goa,Goa,Online,Electronics,Smartphones,Samsung Galaxy M35,1,22877.54,10,20589.79,18144.88,2444.91,UPI,Delivered,3.0
NR20250300421,2025-03-17,CUST00048,Siddharth Rao 2,North,Rajasthan,Jaipur,Online,Office Supplies,Stationery,Faber-Castell Marker Set,8,361.24,7,2687.63,2056.83,630.8,Net Banking,Delivered,6.0
NR20250203528,2025-02-20,CUST00708,Siddharth Rao 24,Central,Madhya Pradesh,Gwalior,Online,Electronics,Laptops,Acer Aspire 5,2,61293.66,9,111554.46,95188.0,16366.46,Net Banking,Delivered,4.0
NR20250300007,2025-03-28,CUST00458,Kavya Reddy 16,North,Uttar Pradesh,Noida,Retail Store,Furniture,Desks,IKEA Linnmon Desk,1,8483.06,7,7889.25,6122.44,1766.81,Debit Card,Delivered,2.0
NR20250500933,2025-05-11,CUST00974,Riya Das 33,North,Chandigarh,Chandigarh,Online,Furniture,Storage,Wooden Filing Cabinet,1,7728.83,15,6569.51,5060.54,1508.97,UPI,Cancelled,0.0
NR20250101692,2025-01-02,CUST00677,Shreya Menon 23,North,Chandigarh,Chandigarh,Online,Accessories,Cables,Portronics HDMI Cable,2,654.09,12,1151.2,765.61,385.59,Credit Card,Delivered,4.0
NR20250400440,2025-04-14,CUST01245,Rohan Kulkarni 42,Central,Chhattisgarh,Raipur,Retail Store,Furniture,Storage,Wooden Filing Cabinet,1,7964.91,5,7566.66,5878.24,1688.42,Cash,Delivered,2.0
NR20250701314,2025-07-22,CUST00977,Shreya Menon 33,West,Gujarat,Surat,Retail Store,Electronics,Cameras,Canon EOS 1500D,4,45756.94,12,161064.43,139623.31,21441.12,UPI,Delivered,3.0
NR20251000679,2025-10-06,CUST00749,Mohit Saxena 25,North,Delhi,Delhi,Retail Store,Office Supplies,Stationery,Faber-Castell Marker Set,2,358.73,10,645.71,489.31,156.4,UPI,Delivered,5.0
NR20250802707,2025-08-18,CUST00366,Diya Shah 13,West,Maharashtra,Nashik,Retail Store,Accessories,Power Banks,Ambrane 20000mAh Power Bank,4,1690.28,10,6085.01,4616.79,1468.22,Cash,Delivered,3.0
NR20251104676,2025-11-23,CUST00146,Simran Kaur 5,West,Gujarat,Surat,Corporate,Office Supplies,Writing,Classmate Notebook Pack,5,438.83,5,2084.44,1549.75,534.69,Debit Card,Delivered,4.0
NR20250503164,2025-05-27,CUST01048,Isha Banerjee 35,West,Maharashtra,Nashik,Retail Store,Electronics,Tablets,Lenovo Tab M11,2,18040.33,7,33555.01,29298.8,4256.21,Cash,Delivered,1.0
NR20251004439,2025-10-03,CUST00244,Ananya Iyer 9,South,Tamil Nadu,Coimbatore,Online,Office Supplies,Stationery,Kangaro Stapler Set,3,284.33,10,767.69,591.38,176.31,UPI,Delivered,5.0
NR20251103495,2025-11-05,CUST01035,Rohan Kulkarni 35,South,Karnataka,Bengaluru,Online,Accessories,Mice,Logitech M331 Mouse,1,1376.19,5,1307.38,954.99,352.39,UPI,Delivered,1.0
NR20251104700,2025-11-25,CUST00746,Simran Kaur 25,North,Uttar Pradesh,Lucknow,Retail Store,Furniture,Tables,Conference Table 6-Seater,2,28034.51,12,49340.74,38276.98,11063.76,Cash,Delivered,6.0
NR20250402857,2025-04-26,CUST00443,Neha Chawla 15,West,Maharashtra,Nashik,Retail Store,Office Supplies,Writing,Cello Ball Pen Pack,4,176.77,0,707.08,524.81,182.27,UPI,Delivered,5.0
NR20250602590,2025-06-27,CUST00882,Pooja Singh 30,North,Chandigarh,Chandigarh,Online,Furniture,Tables,Conference Table 6-Seater,1,28470.17,10,25623.15,19546.93,6076.22,UPI,Delivered,4.0
NR20250704490,2025-07-05,CUST01039,Tanvi Deshmukh 35,West,Maharashtra,Nashik,Online,Electronics,Cameras,Canon EOS 1500D,2,50042.7,9,91077.71,78985.98,12091.73,UPI,Delivered,2.0
NR20251101087,2025-11-06,CUST00934,Ananya Iyer 32,North,Uttar Pradesh,Lucknow,Retail Store,Office Supplies,Printing,HP 805 Ink Cartridge,1,1267.18,2,1241.84,1039.8,202.04,Cash,Delivered,3.0
NR20250302894,2025-03-12,CUST00392,Aditi Mehta 14,West,Gujarat,Ahmedabad,Online,Electronics,Tablets,Lenovo Tab M11,1,18344.5,14,15776.27,13152.88,2623.39,UPI,Delivered,5.0
NR20250304306,2025-03-02,CUST01005,Rohan Kulkarni 34,South,Karnataka,Bengaluru,Online,Electronics,Tablets,Lenovo Tab M11,1,18612.5,12,16379.0,13422.71,2956.29,Credit Card,Delivered,4.0
NR20250202861,2025-02-22,CUST00429,Karan Malhotra 15,East,Assam,Guwahati,Online,Furniture,Desks,Wooden Study Desk,5,6527.12,15,27740.26,20750.35,6989.91,Credit Card,Delivered,8.0
NR20251002843,2025-10-05,CUST00989,Mohit Saxena 33,South,Tamil Nadu,Coimbatore,Online,Office Supplies,Files,Solo Executive File Pack,3,542.23,15,1382.69,1054.3,328.39,Credit Card,Delivered,1.0
NR20251000195,2025-10-07,CUST00347,Shreya Menon 12,West,Goa,Goa,Retail Store,Office Supplies,Writing,Cello Ball Pen Pack,5,178.94,18,733.65,539.49,194.16,UPI,Delivered,2.0
NR20250501475,2025-05-25,CUST00118,Isha Banerjee 4,west,Maharashtra,Mumbai,Corporate,Accessories,Power Banks,Ambrane 20000mAh Power Bank,20,1696.29,12,29854.7,22695.81,7158.89,Debit Card,Delivered,5.0
NR20251004900,2025-10-06,CUST00764,Riya Das 26,South,Karnataka,Bengaluru,Retail Store,Office Supplies,Files,Solo Executive File Pack,5,531.7,2,2605.33,2086.07,519.26,Cash,Delivered,1.0
NR20250403167,2025-04-10,CUST00063,Aditya Verma 3,North,Punjab,Amritsar,Corporate,Electronics,Audio,JBL Tune 770NC,15,7255.88,12,95777.62,73821.43,21956.19,Credit Card,Pending,5.0
NR20250801212,2025-08-26,CUST00763,Rahul Gupta 26,South,Karnataka,Bengaluru,Online,Office Supplies,Paper,JK Copier A4 Paper Ream,3,323.23,7,901.81,676.11,225.7,UPI,Delivered,5.0
NR20250104017,2025-01-27,CUST00261,Vikram Sethi 9,South,Andhra Pradesh,Vijayawada,Retail Store,Accessories,Bags,Skybags Casual Backpack,3,1893.45,2,5566.74,4175.76,1390.98,Debit Card,Delivered,5.0
NR20250201658,2025-02-08,CUST00952,Yash Agarwal 32,West,Maharashtra,Pune,Online,Office Supplies,Printing,HP 805 Ink Cartridge,10,1263.72,5,12005.34,9959.6,2045.74,Debit Card,Delivered,8.0
NR20250803263,2025-08-08,CUST00409,Tanvi Deshmukh 14,North,Chandigarh,Chandigarh,Retail Store,Electronics,Laptops,Acer Aspire 5,1,61924.22,10,55731.8,46227.85,9503.95,Debit Card,Delivered,1.0
NR20250303117,2025-03-02,CUST00707,Shreya Menon 24,South,Kerala, Kochi,Corporate,Electronics,Laptops,HP 15s,15,54634.0,9,745754.1,653365.03,92389.07,Debit Card,Delivered,4.0
NR20250602785,2025-06-20,CUST00606,Diya Shah 21,North,Delhi,Delhi,Online,Electronics,Audio,boAt Airdopes 141,2,1426.6,12,2510.82,1852.07,658.75,UPI,Delivered,4.0
NR20251104758,2025-11-19,CUST01193,Neha Chawla 40,South,Karnataka,Bengaluru,Online,Electronics,Tablets,Lenovo Tab M11,1,18164.4,9,16529.6,13587.96,2941.64,Credit Card,Cancelled,0.0
NR20250303269,2025-03-10,CUST01037,Shreya Menon 35,East,Jharkhand,Ranchi,Retail Store,Electronics,Cameras,Canon EOS 1500D,1,45433.85,15,38618.77,34329.17,4289.6,Credit Card,Delivered,5.0
NR20250101958,2025-01-10,CUST00053,Neha Chawla 2,South,Andhra Pradesh,Vijayawada,Retail Store,Electronics,Audio,JBL Tune 770NC,3,7307.94,12,19292.96,14871.57,4421.39,UPI,Delivered,4.0
NR20250801131,2025-08-05,CUST00182,Aditi Mehta 7,West,Maharashtra,Pune,Online,Electronics,Audio,JBL Tune 770NC,4,7276.76,10,26196.34,19290.63,6905.71,UPI,Cancelled,0.0
NR20251201462,2025-12-17,CUST01212,Pooja Singh 41,North,Uttar Pradesh,Lucknow,Online,Accessories,Power Banks,Ambrane 20000mAh Power Bank,1,1722.58,2,1688.13,1235.63,452.5,Credit Card,Delivered,4.0
NR20250300277,2025-03-29,CUST00168,Siddharth Rao 6,North,Delhi,Delhi,Retail Store,Office Supplies,Paper,JK Copier A4 Paper Ream,3,310.28,5,884.3,718.15,166.15,Cash,Delivered,4.0
NR20251104594,2025-11-11,CUST00562,Yash Agarwal 19,Central,Madhya Pradesh,Indore,Online,Furniture,Tables,Conference Table 6-Seater,3,27318.17,18,67202.7,53201.07,14001.63,Credit Card,Returned,8.0
NR20251202289,2025-12-04,CUST00891,Vikram Sethi 30,EAST,West Bengal,Kolkata,Online,Furniture,Tables,Conference Table 6-Seater,1,28229.37,7,26253.31,19905.75,6347.56,Debit Card,Delivered,7.0
NR20251104788,2025-11-21,CUST01235,Arjun Nair 42,West,Maharashtra,Mumbai,Corporate,Accessories,Keyboards,Logitech K120 Keyboard,3,806.66,10,2177.98,1599.82,578.16,Net Banking,Delivered,3.0
NR20251104685,2025-11-05,CUST01148,Kavya Reddy 39,South,Telangana,Hyderabad,Corporate,Furniture,Storage,Wooden Filing Cabinet,3,7761.51,17,19326.16,14745.61,4580.55,Credit Card,Delivered,3.0
NR20250701303,2025-07-23,CUST00661,Aarav Sharma 23,North,Uttarakhand,Dehradun,Retail Store,Furniture,Desks,IKEA Linnmon Desk,1,8377.68,7,7791.24,5718.73,2072.51,UPI,Delivered,5.0
NR20250902589,2025-09-25,CUST00097,Ishaan Kapoor 4,East,Jharkhand,Ranchi,Retail Store,Accessories,Webcams,Logitech C270 Webcam,1,2408.6,10,2167.74,1633.66,534.08,UPI,Delivered,5.0
NR20250800223,2025-08-21,CUST00193,Rahul Gupta 7,North,Uttar Pradesh,Noida,Corporate,Office Supplies,Files,Solo Executive File Pack,20,524.81,17,8711.85,6787.12,1924.73,UPI,Delivered,4.0
NR20250904707,2025-09-13,CUST00640,Meera Joshi 22,South,Kerala,Kochi,Retail Store,Electronics,Laptops,HP 15s,2,55549.33,14,95544.85,84302.0,11242.85,UPI,Delivered,6.0
NR20250702035,2025-07-06,CUST01127,Shreya Menon 38,West,Gujarat,Ahmedabad,Online,Office Supplies,Files,Solo Executive File Pack,10,518.07,5,4921.67,3915.43,1006.24,Credit Card,Delivered,6.0
NR20250900574,2025-09-25,CUST01168,Isha Banerjee 39,Central,Madhya Pradesh,Jabalpur,Online,Office Supplies,Writing,Cello Ball Pen Pack,4,180.89,18,593.32,436.47,156.85,UPI,Delivered,7.0
NR20250601237,2025-06-05,CUST00673,Rahul Gupta 23,South,Andhra Pradesh,Visakhapatnam,Online,Furniture,Desks,Wooden Study Desk,2,6599.07,12,11614.36,8589.61,3024.75,Net Banking,Delivered,3.0
NR20250603654,2025-06-05,CUST00030,Sneha Pillai 1,West,Gujarat,Vadodara,Online,Office Supplies,Paper,JK Copier A4 Paper Ream,2,325.28,7,605.02,461.41,143.61,UPI,Delivered,1.0
NR20250802196,2025-08-19,CUST00544,Ananya Iyer 19,South,Andhra Pradesh,Vijayawada,Corporate,Office Supplies,Paper,JK Copier A4 Paper Ream,20,320.68,12,5643.97,4223.61,1420.36,Net Banking,Delivered,4.0
NR20250702347,2025-07-22,CUST00917,Shreya Menon 31,North,Punjab,Ludhiana,Retail Store,Furniture,Tables,Conference Table 6-Seater,1,28027.27,10,25224.54,19515.54,5709.0,Debit Card,Delivered,5.0
NR20250401335,2025-04-02,CUST00686,Simran Kaur 23,South,Tamil Nadu,Chennai,Online,Accessories,Mice,Logitech M331 Mouse,3,1475.96,15,3763.7,2620.96,1142.74,UPI,Delivered,5.0
NR20250804561,2025-08-13,CUST00394,Ananya Iyer 14,South,Kerala,Kochi,Online,Accessories,Keyboards,Logitech K120 Keyboard,1,868.45,7,807.66,577.07,230.59,Debit Card,Delivered,5.0
NR20251002529,2025-10-27,CUST00601,Aarav Sharma 21,North,Uttar Pradesh,Noida,Online,Furniture,Office Chairs,Featherlite Astro Chair,1,10674.5,5,10140.77,7302.55,2838.22,UPI,Delivered,5.0
NR20250300419,2025-03-26,CUST01155,Rohan Kulkarni 39,North,Uttar Pradesh,Noida,Online,Furniture,Desks,Wooden Study Desk,1,6459.18,18,5296.53,3916.98,1379.55,UPI,Cancelled,0.0
NR20251200268,2025-12-28,CUST00841,Aarav Sharma 29,West,Gujarat,Vadodara,Retail Store,Electronics,Smartphones,Samsung Galaxy M35,1,22166.68,9,20171.68,17213.61,2958.07,UPI,Delivered,4.0
NR20250801105,2025-08-01,CUST00191,Nikhil Patil 7,West,Gujarat,Ahmedabad,Online,Office Supplies,Writing,Cello Ball Pen Pack,5,175.37,5,833.01,601.99,231.02,Debit Card,Delivered,1.0
NR20250300258,2025-03-22,CUST00838,Isha Banerjee 28,South,Tamil Nadu,Chennai,Online,Office Supplies,Stationery,Faber-Castell Marker Set,5,378.2,10,1701.9,1321.81,380.09,Debit Card,Delivered,4.0
NR20251100296,2025-11-01,CUST00544,Ananya Iyer 19,South,Telangana,Hyderabad,Online,Furniture,Storage,Wooden Filing Cabinet,1,7888.92,12,6942.25,5278.9,1663.35,Debit Card,Returned,4.0
NR20250402760,2025-04-22,CUST01199,Mohit Saxena 40,South,Tamil Nadu,Coimbatore,Retail Store,Accessories,Bags,American Tourister Laptop Bag,1,2584.87,5,2455.63,1863.18,592.45,UPI,Delivered,1.0
NR20250400387,2025-04-06,CUST00196,Sakshi Jain 7,West,Maharashtra,Nagpur,Online,Accessories,Bags,Skybags Casual Backpack,1,1899.73,12,1671.76,1215.2,456.56,Credit Card,Delivered,5.0
NR20250503411,2025-05-20,CUST00866,Simran Kaur 29,South,Andhra Pradesh,Vijayawada,Corporate,Office Supplies,Stationery,Kangaro Stapler Set,10,276.3,12,2431.44,1893.33,538.11,Credit Card,Delivered,7.0
NR20250703190,2025-07-11,CUST00430,Meera Joshi 15,Central,Madhya Pradesh,Indore,Retail Store,Accessories,Webcams,Logitech C270 Webcam,1,2452.52,5,2329.89,1698.51,631.38,Debit Card,Delivered,3.0
NR20250202343,2025-02-10,CUST00653,Neha Chawla 22,East,Odisha,Bhubaneswar,Retail Store,Office Supplies,Printing,HP 805 Ink Cartridge,3,1242.74,12,3280.83,2685.93,594.9,UPI,Delivered,5.0
NR20250702314,2025-07-05,CUST00532,Yash Agarwal 18,North,Punjab,Ludhiana,Online,Accessories,Webcams,Logitech C270 Webcam,1,2453.02,5,2330.37,1771.88,558.49,Credit Card,Delivered,5.0
NR20251104398,2025-11-07,CUST00416,Simran Kaur 14,East,West Bengal,Siliguri,Online,Furniture,Office Chairs,Green Soul Monster Chair,1,14007.09,12,12326.24,9380.89,2945.35,UPI,Delivered,4.0
NR20250203624,2025-02-19,CUST00555,Rohan Kulkarni 19,West,Gujarat,Ahmedabad,Online,Furniture,Storage,Metal Office Cabinet,2,9148.89,10,16468.0,12804.02,3663.98,Debit Card,Delivered,3.0
NR20251001946,2025-10-11,CUST00104,Riya Das 4,North,Uttar Pradesh,Noida,Retail Store,Electronics,Cameras,Canon EOS 1500D,3,46308.81,7,129201.58,111476.2,17725.38,UPI,Delivered,3.0
NR20250304447,2025-03-21,CUST00901,Aarav Sharma 31,West,Goa,Goa,Retail Store,Electronics,Smartphones,Samsung Galaxy M35,1,20942.45,7,19476.48,16537.32,2939.16,Debit Card,Delivered,5.0
NR20250601564,2025-06-26,CUST01162,Yash Agarwal 39,West,Maharashtra,Nagpur,Retail Store,Furniture,Desks,Wooden Study Desk,1,6761.04,10,6084.94,4498.33,1586.61,UPI,Delivered,3.0
NR20251203485,2025-12-08,CUST00677,Shreya Menon 23,South,Kerala,Kochi,Online,Electronics,Smartphones,Samsung Galaxy M35,3,22115.27,7,61701.6,55777.18,5924.42,UPI,Delivered,3.0
NR20250201401,2025-02-23,CUST00483,Aditya Verma 17,West,Maharashtra,Nashik,Online,Electronics,Tablets,Lenovo Tab M11,1,17683.61,11,15738.41,12722.8,3015.61,Debit Card,Delivered,3.0
NR20251000713,2025-10-06,CUST00058,Isha Banerjee 2,East,Assam,Guwahati,Corporate,Office Supplies,Stationery,Faber-Castell Marker Set,8,343.45,10,2472.84,1887.86,584.98,Net Banking,Delivered,5.0
NR20250602417,2025-06-30,CUST00689,Mohit Saxena 23,East,Bihar,Patna,Online,Office Supplies,Stationery,Kangaro Stapler Set,10,290.56,10,2615.04,1896.61,718.43,Credit Card,Delivered,5.0
NR20250202603,2025-02-07,CUST00603,Aditya Verma 21,West,Maharashtra,Mumbai,Retail Store,Accessories,Keyboards,Logitech K120 Keyboard,1,871.86,10,784.67,591.36,193.31,UPI,Delivered,3.0
NR20250200210,2025-02-10,CUST00545,Arjun Nair 19,West,Maharashtra,Mumbai,Online,Accessories,Mice,Logitech M331 Mouse,2,1465.31,10,2637.56,1869.91,767.65,UPI,Delivered,5.0
NR20250204861,2025-02-12,CUST00843,Aditya Verma 29,North,Rajasthan,Jaipur,Retail Store,Office Supplies,Writing,Classmate Notebook Pack,2,465.1,15,790.67,585.5,205.17,UPI,Delivered,4.0
NR20250201290,2025-02-01,CUST00173,Neha Chawla 6,West,Maharashtra,Pune,Retail Store,Accessories,Bags,Skybags Casual Backpack,3,1826.67,12,4822.41,3451.57,1370.84,UPI,Delivered,3.0
NR20251202804,2025-12-05,CUST00289,Tanvi Deshmukh 10,North,Punjab,Ludhiana,Retail Store,Accessories,Power Banks,Ambrane 20000mAh Power Bank,4,1635.01,18,5362.83,4022.0,1340.83,Cash,Delivered,2.0
NR20250301843,2025-03-19,CUST00151,Aarav Sharma 6,Central,Chhattisgarh,Bilaspur,Online,Electronics,Audio,boAt Airdopes 141,4,1413.62,9,5145.58,3796.99,1348.59,UPI,Delivered,9.0
NR20251000450,2025-10-09,CUST00339,,South,Kerala,Kochi,Online,Office Supplies,Printing,HP 805 Ink Cartridge,8,1280.53,23,7888.06,6453.63,1434.43,UPI,Delivered,4.0
NR20250604152,2025-06-26,CUST00575,Arjun Nair 20,South,Karnataka,Bengaluru,Corporate,Accessories,Bags,American Tourister Laptop Bag,5,2553.22,5,12127.79,9262.24,2865.55,Net Banking,Delivered,6.0
NR20251002644,2025-10-26,CUST00567,Aman Arora 19,North,Chandigarh,Chandigarh,Online,Electronics,Audio,boAt Airdopes 141,1,1416.75,14,1218.4,868.44,349.96,Credit Card,Cancelled,0.0
NR20250201821,2025-02-22,CUST00104,Riya Das 4,Central,Madhya Pradesh,Indore,Online,Furniture,Office Chairs,Featherlite Astro Chair,2,10663.33,2,20900.13,13946.58,6953.55,Net Banking,Delivered,3.0
NR20250900959,2025-09-29,CUST00837,Aman Arora 28,West,Gujarat,Ahmedabad,Retail Store,Accessories,Keyboards,Logitech K120 Keyboard,3,853.98,12,2254.51,1705.46,549.05,Cash,Delivered,3.0
NR20250201794,2025-02-01,CUST00278,Kavya Reddy 10,West,Maharashtra,Mumbai,Online,Electronics,Monitors,LG 24MP60G,1,12647.29,5,12014.93,10035.96,1978.97,Credit Card,Delivered,6.0
NR20251102112,2025-11-11,CUST01164,Priya Nanda 39,Central,Madhya Pradesh,Indore,Corporate,Accessories,Keyboards,Logitech K120 Keyboard,15,870.46,7,12142.92,8539.94,3602.98,Net Banking,Delivered,8.0
NR20250100655,2025-01-15,CUST00952,Yash Agarwal 32,East,West Bengal,Kolkata,Online,Office Supplies,Stationery,Faber-Castell Marker Set,2,354.05,10,637.29,470.55,166.74,Credit Card,Delivered,8.0
NR20250404472,2025-04-13,CUST00370,Meera Joshi 13,East,Odisha,Bhubaneswar,Online,Office Supplies,Stationery,Kangaro Stapler Set,10,284.71,12,2505.45,1840.71,664.74,Debit Card,Delivered,4.0
NR20250303969,2025-03-14,CUST01198,Isha Banerjee 40,North,Uttar Pradesh,Lucknow,Retail Store,Accessories,Webcams,Logitech C270 Webcam,2,2484.72,7,4621.58,3471.96,1149.62,UPI,Delivered,1.0
NR20251000332,2025-10-18,CUST00497,Shreya Menon 17,West,Gujarat,Ahmedabad,Online,Furniture,Office Chairs,Featherlite Astro Chair,1,10251.95,2,10046.91,7030.77,3016.14,Net Banking,Delivered,7.0
NR20250301761,2025-03-02,CUST00850,Meera Joshi 29,North,Punjab,Ludhiana,Retail Store,Electronics,Tablets,Lenovo Tab M11,5,17915.42,10,80619.39,66562.87,14056.52,Cash,Delivered,4.0
NR20250802570,2025-08-06,CUST01216,Sakshi Jain 41,South,Andhra Pradesh,Vijayawada,Online,Office Supplies,Writing,Classmate Notebook Pack,8,442.89,15,3011.65,2360.4,651.25,UPI,Delivered,1.0
NR20250604827,2025-06-17,CUST01099,Tanvi Deshmukh 37,Central,Madhya Pradesh,Indore,Online,Accessories,Mice,Logitech M331 Mouse,1,1412.8,10,1271.52,917.17,354.35,Debit Card,Delivered,4.0
NR20250103980,2025-01-08,CUST00413,Neha Chawla 14,West,Maharashtra,Pune,Corporate,Electronics,Laptops,HP 15s,15,53259.91,9,726997.77,608656.87,118340.9,Net Banking,Delivered,2.0
NR20250800412,2025-08-15,CUST00710,Varun Bhatia 24,West,Maharashtra,Pune,Retail Store,Accessories,Bags,American Tourister Laptop Bag,5,2535.43,5,12043.29,8539.8,3503.49,Debit Card,Delivered,2.0
NR20250901775,2025-09-09,CUST00014,Riya Das 1,West,Goa,Goa,Online,Electronics,Audio,boAt Airdopes 141,1,1411.13,12,1241.79,894.82,346.97,Debit Card,Delivered,2.0
NR20250401996,2025-04-05,CUST00598,Isha Banerjee 20,South,Kerala,Kochi,Retail Store,Office Supplies,Writing,Cello Ball Pen Pack,4,181.58,15,617.37,446.27,171.1,UPI,Delivered,1.0
NR20250902458,2025-09-13,CUST00980,Varun Bhatia 33,East,Jharkhand,Ranchi,Retail Store,Furniture,Storage,Metal Office Cabinet,1,9100.18,12,8008.16,6119.93,1888.23,Cash,Delivered,8.0
NR20251004392,2025-10-15,CUST00381,Vikram Sethi 13,EAST,West Bengal,Kolkata,Online,Electronics,Audio,JBL Tune 770NC,1,7395.14,17,6137.97,4712.74,1425.23,UPI,Delivered,3.0
NR20250104507,2025-01-28,CUST00637,Ishaan Kapoor 22,West,Gujarat,Vadodara,Retail Store,Accessories,Power Banks,Ambrane 20000mAh Power Bank,1,1734.8,7,1613.36,1214.86,398.5,UPI,Delivered,4.0
NR20250504374,2025-05-04,CUST00438,Siddharth Rao 15,South,Telangana,Hyderabad,Online,Accessories,Bags,American Tourister Laptop Bag,1,2622.26,7,2438.7,1855.37,583.33,Credit Card,Delivered,3.0
NR20250504843,2025-05-26,CUST01201,Aarav Sharma 41,North,Punjab,Amritsar,Corporate,Electronics,Laptops,HP 15s,10,54028.79,15,459244.72,402683.74,56560.98,Net Banking,Delivered,4.0
NR20250703815,2025-07-26,CUST00364,Ananya Iyer 13,West,Maharashtra,Mumbai,Online,Electronics,Smartphones,OnePlus Nord CE,2,24019.5,5,45637.05,40531.42,5105.63,Credit Card,Delivered,6.0
NR20250903604,2025-09-21,CUST00327,Aman Arora 11,East,Odisha,Bhubaneswar,Online,Electronics,Audio,boAt Airdopes 141,2,1411.14,2,2765.83,2115.33,650.5,UPI,Delivered,4.0
NR20250803846,2025-08-08,CUST00856,Sakshi Jain 29,West,Gujarat,Ahmedabad,Online,Furniture,Tables,Conference Table 6-Seater,1,28597.48,12,25165.78,19469.96,5695.82,UPI,Returned,6.0
NR20251203668,2025-12-03,CUST00489,Karan Malhotra 17,Central,Chhattisgarh,Bilaspur,Online,Furniture,Storage,Metal Office Cabinet,1,9112.17,15,7745.34,5897.31,1848.03,UPI,Delivered,5.0
NR20251103207,2025-11-19,CUST00878,Kavya Reddy 30,North,Delhi,Delhi,Retail Store,Electronics,Tablets,Lenovo Tab M11,5,17796.89,10,80086.01,66980.07,13105.94,Debit Card,Delivered,2.0
NR20251003949,2025-10-27,CUST00542,Aditi Mehta 19,East,Jharkhand,Ranchi,Online,Furniture,Storage,Metal Office Cabinet,1,8630.71,2,8458.1,6415.54,2042.56,Credit Card,Delivered,5.0
NR20250904276,2025-09-15,CUST00371,Nikhil Patil 13,NORTH,Chandigarh,Chandigarh,Online,Electronics,Tablets,Lenovo Tab M11,1,18650.26,2,18277.25,15423.16,2854.09,UPI,Delivered,3.0
NR20251103680,2025-11-06,CUST00922,Yash Agarwal 31,South,Telangana,Hyderabad,Retail Store,Accessories,Bags,Skybags Casual Backpack,2,1956.41,7,3638.92,2704.53,934.39,Cash,Delivered,5.0
NR20250600431,2025-06-15,CUST00186,Diya Shah 7,West,Gujarat,Vadodara,Online,Accessories,Cables,Portronics HDMI Cable,1,660.09,5,627.09,438.75,188.34,UPI,Delivered,3.0
NR20250103014,2025-01-20,CUST00851,Nikhil Patil 29,North,Punjab,Ludhiana,Online,Electronics,Audio,boAt Airdopes 141,4,1575.25,12,5544.88,4072.67,1472.21,UPI,Delivered,5.0
NR20251102102,2025-11-14,CUST00774,Priya Nanda 26,Central,Madhya Pradesh,Gwalior,Corporate,Accessories,Keyboards,Logitech K120 Keyboard,8,824.58,7,6134.88,4282.61,1852.27,UPI,Delivered,6.0
NR20251101367,2025-11-29,CUST00916,Sakshi Jain 31,West,Gujarat,Surat,Online,Electronics,Audio,JBL Tune 770NC,2,7253.74,16,12186.28,9163.42,3022.86,Debit Card,Cancelled,0.0
NR20250600174,2025-06-06,CUST00896,,Central,Madhya Pradesh,Bhopal,Corporate,Furniture,Desks,Wooden Study Desk,3,6633.14,7,18506.46,13847.37,4659.09,UPI,Cancelled,0.0
NR20250403746,2025-04-21,CUST00030,Sneha Pillai 1,South,Telangana,Hyderabad,Retail Store,Electronics,Audio,JBL Tune 770NC,2,7058.96,7,13129.67,10127.44,3002.23,Credit Card,Returned,6.0
NR20250301177,2025-03-16,CUST01090,Meera Joshi 37,East,Bihar,Patna,Online,Electronics,Cameras,Canon EOS 1500D,1,44914.1,14,38626.13,33364.87,5261.26,Net Banking,Delivered,4.0
NR20251103436,2025-11-19,CUST00905,Arjun Nair 31,East,West Bengal,Siliguri,Retail Store,Office Supplies,Printing,Epson 003 Ink Bottle,2,641.47,9,1167.48,915.36,252.12,UPI,Delivered,7.0
NR20250201477,2025-02-26,CUST00203,Neha Chawla 7,North,Chandigarh,Chandigarh,Retail Store,Office Supplies,Stationery,Kangaro Stapler Set,4,272.92,5,1037.1,786.62,250.48,Debit Card,Delivered,4.0
NR20251203254,2025-12-01,CUST00760,Meera Joshi 26,East,West Bengal,Kolkata,Retail Store,Electronics,Monitors,LG 24MP60G,1,12519.0,12,11016.72,8899.26,2117.46,Cash,Delivered,5.0
NR20251203718,2025-12-29,CUST00627,Aman Arora 21,South,Tamil Nadu,Chennai,Retail Store,Electronics,Laptops,HP 15s,3,53697.65,11,143372.73,125923.23,17449.5,UPI,Delivered,4.0
NR20250300103,2025-03-23,CUST00242,Aditi Mehta 9,North,Punjab,Ludhiana,Corporate,Furniture,Tables,Conference Table 6-Seater,8,28268.05,14,194484.18,153081.3,41402.88,Net Banking,Delivered,4.0
NR20250202026,2025-02-03,CUST00040,Meera Joshi 2,Central,Madhya Pradesh,Gwalior,Retail Store,Electronics,Cameras,Canon EOS 1500D,3,45638.88,2,134178.31,115552.87,18625.44,Debit Card,Delivered,3.0
NR20250804084,2025-08-13,CUST00381,Vikram Sethi 13,North,Delhi,Delhi,Retail Store,Furniture,Storage,Wooden Filing Cabinet,5,7757.4,10,34908.3,27440.78,7467.52,Credit Card,Returned,8.0
NR20250501953,2025-05-17,CUST01048,Isha Banerjee 35,West,Maharashtra,Nagpur,Online,Office Supplies,Files,Solo Executive File Pack,10,529.29,2,5187.04,4224.82,962.22,UPI,Delivered,3.0
NR20250401264,2025-04-08,CUST01245,Rohan Kulkarni 42,West,Gujarat,Ahmedabad,Online,Electronics,Laptops,HP 15s,1,52576.97,9,47845.04,39287.85,8557.19,Net Banking,Delivered,2.0
NR20250402971,2025-04-18,CUST01005,Rohan Kulkarni 34,East,Jharkhand,Ranchi,Online,Electronics,Smartphones,OnePlus Nord CE,2,25473.55,14,43814.51,37916.05,5898.46,Credit Card,Delivered,4.0
NR20250803239,2025-08-20,CUST00643,Rahul Gupta 22,South,Kerala,Kochi,Retail Store,Furniture,Tables,Conference Table 6-Seater,1,28589.31,2,28017.52,22408.41,5609.11,UPI,Delivered ,1.0
NR20251102439,2025-11-15,CUST00740,Varun Bhatia 25,North,Uttar Pradesh,Noida,Retail Store,Electronics,Laptops,Acer Aspire 5,3,60810.13,2,178781.78,152959.02,25822.76,Debit Card,Delivered,1.0
NR20250503658,2025-05-31,CUST00779,Mohit Saxena 26,West,Goa,Goa,Online,Office Supplies,Writing,Cello Ball Pen Pack,2,172.29,15,292.89,210.82,82.07,Credit Card,Delivered,4.0
NR20250703335,2025-07-11,CUST00787,Ishaan Kapoor 27,South,Andhra Pradesh,Vijayawada,Online,Accessories,Cables,Belkin USB-C Cable,2,1067.45,5,2028.15,1476.5,551.65,UPI,Delivered,4.0
NR20250803694,2025-08-16,CUST00865,Manish Tiwari 29,Central,Madhya Pradesh,Indore,Online,Electronics,Laptops,Acer Aspire 5,2,62898.56,5,119507.26,98573.56,20933.7,UPI,Delivered,5.0
NR20250203996,2025-02-20,CUST00350,Varun Bhatia 12,North,Uttarakhand,Dehradun,Corporate,Furniture,Storage,Wooden Filing Cabinet,1,7670.0,10,6903.0,5452.86,1450.14,Credit Card,Delivered,6.0
NR20250503940,2025-05-08,CUST00889,Tanvi Deshmukh 30,Central,Madhya Pradesh,Gwalior,Retail Store,Office Supplies,Stationery,Faber-Castell Marker Set,2,364.2,7,677.41,503.22,174.19,Credit Card,Delivered,5.0
NR20250501644,2025-05-31,CUST00194,Riya Das 7,North,Punjab,Ludhiana,Online,Accessories,Keyboards,Logitech K120 Keyboard,2,842.69,15,1432.57,1023.35,409.22,Credit Card,Delivered,2.0
NR20250104570,2025-01-01,CUST00264,Priya Nanda 9,West,Maharashtra,Mumbai,Retail Store,Accessories,Power Banks,Ambrane 20000mAh Power Bank,3,1704.25,5,4857.11,3698.74,1158.37,Credit Card,Delivered,1.0
NR20251000001,2025-10-21,CUST00682,Yash Agarwal 23,West,Gujarat,Surat,Retail Store,Electronics,Cameras,Canon EOS 1500D,2,45636.32,2,89447.19,75672.3,13774.89,UPI,Delivered,5.0
NR20250201581,2025-02-12,CUST00946,Sakshi Jain 32,West,Maharashtra,Pune,Online,Accessories,Power Banks,Ambrane 20000mAh Power Bank,3,1710.72,7,4772.91,3738.84,1034.07,Credit Card,Delivered,4.0
NR20250204486,2025-02-27,CUST00648,Siddharth Rao 22,South,Andhra Pradesh,Vijayawada,Corporate,Accessories,Cables,Belkin USB-C Cable,15,1131.27,9,15441.84,10929.15,4512.69,Net Banking,Delivered,7.0
NR20250104521,2025-01-14,CUST01104,Priya Nanda 37,South,Karnataka,Mysuru,Online,Electronics,Laptops,Acer Aspire 5,1,62896.47,7,58493.72,46693.71,11800.01,Credit Card,Delivered,2.0
NR20250301357,2025-03-16,CUST00408,Siddharth Rao 14,East,Jharkhand,Ranchi,Online,Electronics,Smartphones,Samsung Galaxy M35,3,22327.32,7,62293.22,54040.11,8253.11,UPI,Delivered,6.0
NR20250203497,2025-02-04,CUST00254,Riya Das 9,South,Tamil Nadu,Chennai,Retail Store,Office Supplies,Writing,Cello Ball Pen Pack,5,181.44,0,907.2,643.49,263.71,UPI,Delivered,4.0
NR20250702145,2025-07-03,CUST01210,Meera Joshi 41,East,Odisha,Bhubaneswar,Retail Store,Office Supplies,Stationery,Faber-Castell Marker Set,5,357.05,10,1606.73,1250.0,356.73,Cash,Delivered,3.0
NR20250503399,2025-05-19,CUST00862,Yash Agarwal 29,West,Maharashtra,Pune,Retail Store,Furniture,Office Chairs,Green Soul Monster Chair,1,14161.84,12,12462.42,9240.22,3222.2,UPI,Delivered,3.0
NR20250702100,2025-07-03,CUST00264,Priya Nanda 9,North,Rajasthan,Jaipur,Online,Office Supplies,Writing,Cello Ball Pen Pack,1,184.87,10,166.38,119.86,46.52,Net Banking,Delivered,3.0
NR20250102285,2025-01-29,CUST00967,Ishaan Kapoor 33,South,Tamil Nadu,Chennai,Retail Store,Electronics,Tablets,Lenovo Tab M11,3,18699.12,5,53292.49,44083.56,9208.93,Debit Card,Delivered,2.0
NR20251100397,2025-11-13,CUST00771,Vikram Sethi 26,North,Uttar Pradesh,Noida,Retail Store,Office Supplies,Files,Solo Executive File Pack,5,533.34,7,2480.03,1867.37,612.66,Debit Card,Delivered,2.0
NR20250903568,2025-09-11,CUST00390,Sneha Pillai 13,West,Gujarat,Vadodara,Corporate,Accessories,Keyboards,Logitech K120 Keyboard,15,864.41,5,12317.84,8664.81,3653.03,Debit Card,Delivered,3.0
NR20250301065,2025-03-23,CUST00083,Neha Chawla 3,West,Gujarat,Vadodara,Retail Store,Electronics,Smartphones,OnePlus Nord CE,1,25703.01,10,23132.71,19785.27,3347.44,Debit Card,Delivered,2.0
NR20250704653,2025-07-12,CUST00427,Ishaan Kapoor 15,North,Uttarakhand,Dehradun,Retail Store,Electronics,Audio,boAt Airdopes 141,2,1423.49,7,2647.69,1907.3,740.39,UPI,Delivered,5.0
NR20251002173,2025-10-16,CUST00743,Neha Chawla 25,South,Andhra Pradesh,Vijayawada,Online,Furniture,Office Chairs,Featherlite Astro Chair,2,10506.85,18,17231.23,12247.23,4984.0,Net Banking,Delivered,4.0
NR20250502582,2025-05-12,CUST00753,Aditya Verma 26,West,Gujarat,Ahmedabad,Online,Furniture,Tables,Conference Table 6-Seater,2,27948.12,10,50306.62,40555.24,9751.38,UPI,Delivered,6.0
NR20250900819,2025-09-22,CUST00269,Mohit Saxena 9,East,Bihar,Patna,Online,Accessories,Power Banks,Ambrane 20000mAh Power Bank,1,1742.9,18,1429.18,1069.17,360.01,UPI,Delivered,5.0
NR20250301813,2025-03-16,CUST00142,Yash Agarwal 5,West,Goa,Goa,Retail Store,Electronics,Smartphones,OnePlus Nord CE,2,25318.36,14,43547.58,38377.89,5169.69,Debit Card,Delivered,4.0
NR20250404083,2025-04-26,CUST00775,Manish Tiwari 26,Central,Chhattisgarh,Raipur,Retail Store,Electronics,Cameras,Canon EOS 1500D,3,44381.25,9,121160.81,104297.49,16863.32,Credit Card,Delivered,5.0
NR20250401553,2025-04-10,CUST00363,Aditya Verma 13,Central,Madhya Pradesh,Bhopal,Retail Store,Office Supplies,Printing,Epson 003 Ink Bottle,8,654.57,12,4608.17,3543.82,1064.35,UPI,Delivered,4.0
NR20251003221,2025-10-26,CUST00710,Varun Bhatia 24,West,Maharashtra,Mumbai,Online,Office Supplies,Printing,Epson 003 Ink Bottle,1,659.49,7,613.33,492.03,121.3,Debit Card,Cancelled,0.0
NR20250100817,2025-01-22,CUST00566,Simran Kaur 19,South,Telangana,Hyderabad,Corporate,Electronics,Monitors,LG 24MP60G,10,12336.11,12,108557.77,90747.09,17810.68,Net Banking,Delivered,5.0
NR20250401573,2025-04-01,CUST00607,Ishaan Kapoor 21,East,West Bengal,Siliguri,Corporate,Office Supplies,Files,Solo Executive File Pack,8,535.68,12,3771.19,2872.5,898.69,Credit Card,Delivered,5.0
NR20250503306,2025-05-11,CUST01089,Karan Malhotra 37,North,Uttar Pradesh,Noida,Retail Store,Furniture,Office Chairs,Green Soul Monster Chair,1,14294.45,5,13579.73,10125.4,3454.33,Cash,Delivered,4.0
NR20250401801,2025-04-16,CUST00743,Neha Chawla 25,North,Uttar Pradesh,Noida,Online,Office Supplies,Stationery,Kangaro Stapler Set,3,282.02,5,803.76,582.41,221.35,UPI,Delivered,5.0
NR20250804350,2025-08-31,CUST00783,Aditya Verma 27,West,Goa,Goa,Corporate,Furniture,Storage,Metal Office Cabinet,20,9066.82,9,165016.12,120677.91,44338.21,Debit Card,Delivered,5.0
NR20250400382,2025-04-28,CUST01090,Meera Joshi 37,South,Andhra Pradesh,Visakhapatnam,Online,Electronics,Laptops,HP 15s,1,55211.44,14,47481.84,39173.15,8308.69,Credit Card,Delivered,3.0
NR20250204326,2025-02-07,CUST00067,Ishaan Kapoor 3,South,Tamil Nadu,Coimbatore,Retail Store,Electronics,Audio,JBL Tune 770NC,1,7436.3,20,5949.04,4488.98,1460.06,Debit Card,Delivered,3.0
NR20251003938,2025-10-31,CUST00271,Aarav Sharma 10,South,Karnataka,Mysuru,Online,Furniture,Tables,Conference Table 6-Seater,1,28463.35,12,25047.75,19115.38,5932.37,UPI,Delivered,1.0
NR20251102362,2025-11-22,CUST00211,Aarav Sharma 8,West,Maharashtra,Pune,Online,Electronics,Cameras,Canon EOS 1500D,1,45367.14,19,36747.38,32272.78,4474.6,UPI,Delivered,3.0
NR20250803612,2025-08-03,CUST00117,Aman Arora 4,East,West Bengal,Kolkata,Online,Office Supplies,Printing,Epson 003 Ink Bottle,2,648.52,5,1232.19,1003.53,228.66,UPI,Delivered,4.0
NR20250102379,2025-01-24,CUST00542,Aditi Mehta 19,East,Jharkhand,Ranchi,Online,Electronics,Laptops,HP 15s,3,53424.87,12,141041.66,117646.85,23394.81,Credit Card,Delivered,6.0
NR20250404387,2025-04-11,CUST00112,Yash Agarwal 4,East,Assam,Guwahati,Online,Furniture,Desks,IKEA Linnmon Desk,3,8567.69,2,25189.01,18895.26,6293.75,Debit Card,Delivered,6.0
NR20250201781,2025-02-01,CUST00567,Aman Arora 19,North,Punjab,Ludhiana,Online,Office Supplies,Stationery,Faber-Castell Marker Set,10,364.52,7,3390.04,2601.95,788.09,UPI,Delivered,2.0
NR20250404094,2025-04-02,CUST01160,Varun Bhatia 39,West,Goa,Goa,Online,Electronics,Audio,boAt Airdopes 141,2,1422.32,14,2446.39,1773.09,673.3,Debit Card,Delivered,3.0
NR20250702506,2025-07-06,CUST00192,Pooja Singh 7,West,Gujarat,Vadodara,Online,Accessories,Cables,Portronics HDMI Cable,2,657.09,5,1248.47,860.34,388.13,UPI,Delivered,7.0
NR20250903594,2025-09-04,CUST00917,Shreya Menon 31,Central,Madhya Pradesh,Gwalior,Retail Store,Electronics,Audio,boAt Airdopes 141,5,1412.86,12,6216.58,4489.03,1727.55,UPI,Delivered,3.0
NR20251100865,2025-11-05,CUST00946,Sakshi Jain 32,South,Tamil Nadu,Chennai,Retail Store,Electronics,Audio,boAt Airdopes 141,1,1399.78,4,1343.79,994.16,349.63,Debit Card,Delivered,5.0
NR20250504437,2025-05-20,CUST00171,Vikram Sethi 6,West,Maharashtra,Pune,Online,Electronics,Cameras,Canon EOS 1500D,1,44541.61,2,43650.78,36332.1,7318.68,Net Banking,Delivered,6.0
NR20251203266,2025-12-31,CUST00659,Mohit Saxena 22,South,Andhra Pradesh,Visakhapatnam,Online,Office Supplies,Writing,Classmate Notebook Pack,3,453.72,4,1306.71,993.54,313.17,UPI,Delivered,5.0
NR20251200555,2025-12-13,CUST00618,Siddharth Rao 21,West,Goa,Goa,Online,Accessories,Power Banks,Ambrane 20000mAh Power Bank,2,1661.82,7,3090.99,2348.78,742.21,UPI,Delivered,3.0
NR20250301160,2025-03-18,CUST00181,Aarav Sharma 7,South,Tamil Nadu,Coimbatore,Retail Store,Office Supplies,Printing,HP 805 Ink Cartridge,2,1238.52,7,2303.65,1801.29,502.36,UPI,Delivered,3.0
NR20250301214,2025-03-24,CUST00436,Sakshi Jain 15,South,Karnataka,Mysuru,Retail Store,Electronics,Laptops,HP 15s,2,52867.47,5,100448.19,85294.16,15154.03,UPI,Delivered,3.0
NR20250702269,2025-07-16,CUST01177,Ishaan Kapoor 40,East,Jharkhand,Ranchi,Retail Store,Furniture,Desks,IKEA Linnmon Desk,2,8177.39,5,15537.04,11764.34,3772.7,UPI,Delivered,6.0
NR20250303711,2025-03-01,CUST00428,Kavya Reddy 15,Central,Chhattisgarh,Raipur,Retail Store,Electronics,Monitors,LG 24MP60G,1,12435.62,5,11813.84,9613.24,2200.6,UPI,Delivered,5.0
NR20250800049,2025-08-17,CUST00375,Rohan Kulkarni 13,West,Maharashtra,Mumbai,Online,Electronics,Laptops,HP 15s,3,54519.89,12,143932.51,122775.11,21157.4,Net Banking,Delivered,4.0
NR20250903430,2025-09-06,CUST00192,Pooja Singh 7,West,Gujarat,Ahmedabad,Corporate,Electronics,Tablets,Lenovo Tab M11,10,18031.23,17,149659.21,119404.12,30255.09,Net Banking,Delivered,5.0
NR20251200701,2025-12-05,CUST01171,Aarav Sharma 40,West,Gujarat,Surat,Retail Store,Office Supplies,Writing,Cello Ball Pen Pack,3,183.71,12,484.99,367.21,117.78,Cash,Delivered,5.0
NR20250300653,2025-03-06,CUST00379,Tanvi Deshmukh 13,West,Maharashtra,Nashik,Retail Store,Accessories,Webcams,Logitech C270 Webcam,2,2535.47,10,4563.85,3444.95,1118.9,Credit Card,Delivered,2.0
NR20250903258,2025-09-28,CUST00112,Yash Agarwal 4,South,Andhra Pradesh,Visakhapatnam,Online,Electronics,Tablets,Lenovo Tab M11,1,17382.92,12,15296.97,12577.8,2719.17,Credit Card,Delivered,8.0
NR20251103168,2025-11-30,CUST00240,Sneha Pillai 8,Central,Chhattisgarh,Bilaspur,Online,Office Supplies,Printing,HP 805 Ink Cartridge,5,1223.2,7,5687.88,4751.48,936.4,UPI,Delivered,5.0
NR20250303414,2025-03-29,CUST01003,Rahul Gupta 34,East,Jharkhand,Ranchi,Retail Store,Furniture,Storage,Metal Office Cabinet,1,9204.5,5,8744.27,6902.9,1841.37,UPI,Delivered,5.0
NR20250400749,2025-04-03,CUST00049,Tanvi Deshmukh 2,North,Uttar Pradesh,Noida,Retail Store,Office Supplies,Writing,Cello Ball Pen Pack,3,184.13,15,469.53,336.48,133.05,UPI,Delivered,2.0
NR20250701456,2025-07-25,CUST00244,Ananya Iyer 9,North,Uttarakhand,Dehradun,Retail Store,Electronics,Audio,boAt Airdopes 141,2,1373.25,9,2499.32,1844.7,654.62,Credit Card,Delivered,4.0
NR20251104256,2025-11-22,CUST00240,Sneha Pillai 8,South,Tamil Nadu,Coimbatore,Online,Office Supplies,Printing,HP 805 Ink Cartridge,2,1276.48,12,2246.6,1924.28,322.32,UPI,Delivered,4.0
NR20250703782,2025-07-22,CUST00525,Rohan Kulkarni 18,West,Gujarat,Ahmedabad,Online,Furniture,Desks,Wooden Study Desk,1,6312.12,10,5680.91,4229.44,1451.47,Credit Card,Delivered,5.0
NR20250302081,2025-03-02,CUST00095,Arjun Nair 4,South,Telangana,Hyderabad,Retail Store,Office Supplies,Writing,Cello Ball Pen Pack,1,179.47,10,161.52,113.99,47.53,UPI,Delivered,5.0
NR20250800867,2025-08-28,CUST00079,Tanvi Deshmukh 3,North,Punjab,Ludhiana,Online,Accessories,Bags,Skybags Casual Backpack,1,1902.07,7,1768.93,1366.16,402.77,UPI,Delivered,6.0
NR20250900753,2025-09-05,CUST00184,Ananya Iyer 7,South,Kerala,Kochi,Retail Store,Electronics,Laptops,HP 15s,2,53565.44,0,107130.88,93462.66,13668.22,Cash,Returned,9.0
NR20250101645,2025-01-01,CUST00814,Ananya Iyer 28,South,Karnataka,Mysuru,Retail Store,Office Supplies,Writing,Classmate Notebook Pack,3,436.69,0,1310.07,957.37,352.7,UPI,Delivered,5.0
NR20250303272,2025-03-17,CUST00649,Tanvi Deshmukh 22,South,Karnataka,Bengaluru,Retail Store,Office Supplies,Writing,Cello Ball Pen Pack,1,178.67,7,166.16,118.38,47.78,UPI,Delivered,2.0
NR20250102851,2025-01-15,CUST00684,Priya Nanda 23,West,Goa,Goa,Retail Store,Office Supplies,Printing,Epson 003 Ink Bottle,4,655.9,2,2571.13,2047.32,523.81,Debit Card,Returned,6.0
NR20250501491,2025-05-26,CUST00768,Siddharth Rao 26,West,Maharashtra,Nagpur,Retail Store,Office Supplies,Stationery,Kangaro Stapler Set,8,272.09,7,2024.35,1483.25,541.1,UPI,Delivered,3.0
NR20250802241,2025-08-12,CUST00038,Kavya Reddy 2,West,Gujarat,Vadodara,Corporate,Electronics,Smartphones,Samsung Galaxy M35,8,21764.08,9,158442.5,136257.46,22185.04,Credit Card,Delivered,3.0
NR20250600730,2025-06-15,CUST00816,Diya Shah 28,Central,Chhattisgarh, Bilaspur,Online,Furniture,Storage,Metal Office Cabinet,1,9128.88,10,8215.99,6161.1,2054.89,Credit Card,Delivered,7.0
NR20251004719,2025-10-21,CUST00652,Yash Agarwal 22,East,Jharkhand,Ranchi,Corporate,Office Supplies,Stationery,Faber-Castell Marker Set,5,347.17,12,1527.55,1172.11,355.44,Credit Card,Delivered,
NR20250303129,2025-03-25,CUST00148,Isha Banerjee 5,South,Telangana,Hyderabad,Retail Store,Accessories,Bags,American Tourister Laptop Bag,2,2636.76,10,4746.17,3574.9,1171.27,UPI,Delivered,5.0
NR20250401937,2025-04-03,CUST00841,Aarav Sharma 29,SOUTH,Karnataka,Bengaluru,Corporate,Office Supplies,Writing,Cello Ball Pen Pack,20,178.64,9,3251.25,2359.39,891.86,Net Banking,Delivered,8.0
NR20251201111,2025-12-20,CUST01250,Varun Bhatia 42,West,Maharashtra,Pune,Retail Store,Furniture,Tables,Conference Table 6-Seater,3,27557.56,5,78539.05,58291.92,20247.13,Credit Card,Delivered,4.0
NR20251004127,2025-10-29,CUST00266,Simran Kaur 9,South,Andhra Pradesh,Visakhapatnam,Retail Store,Office Supplies,Printing,Epson 003 Ink Bottle,4,662.32,12,2331.37,1838.41,492.96,Cash,Delivered,5.0
NR20251004536,2025-10-31,CUST01248,Siddharth Rao 42,East,Jharkhand,Ranchi,Online,Furniture,Tables,Conference Table 6-Seater,1,28547.3,20,22837.84,17561.92,5275.92,Debit Card,Delivered,3.0
NR20250401186,2025-04-29,CUST00824,Riya Das 28,Central,Madhya Pradesh,Indore,Online,Office Supplies,Writing,Classmate Notebook Pack,8,461.43,7,3433.04,2629.58,803.46,Debit Card,Delivered,6.0
NR20250304092,2025-03-17,CUST00438,Siddharth Rao 15,North,Uttarakhand,Dehradun,Online,Electronics,Audio,boAt Airdopes 141,1,1445.67,9,1315.56,967.48,348.08,Debit Card,Delivered,4.0
NR20250700194,2025-07-04,CUST01045,Manish Tiwari 35,North,Rajasthan,Jaipur,Online,Electronics,Audio,JBL Tune 770NC,1,6887.77,12,6061.24,4646.99,1414.25,UPI,Returned,6.0
NR20250401516,2025-04-09,CUST01014,Priya Nanda 34,South,Andhra Pradesh,Visakhapatnam,Corporate,Furniture,Office Chairs,Featherlite Astro Chair,5,10273.81,9,46745.84,33015.67,13730.17,Credit Card,Delivered,5.0
NR20250200579,2025-02-03,CUST00016,Sakshi Jain 1,West,Gujarat,Surat,Online,Office Supplies,Stationery,Kangaro Stapler Set,3,270.99,7,756.06,560.01,196.05,Net Banking,Delivered,4.0
NR20251201430,2025-12-27,CUST00476,Simran Kaur 16,South,Kerala,Kochi,Retail Store,Electronics,Cameras,Canon EOS 1500D ,1,46384.5,17,38499.13,34223.95,4275.18,Debit Card,Delivered,1.0
NR20251003703,2025-10-11,CUST00039,Karan Malhotra 2,East,Jharkhand,Ranchi,Retail Store,Office Supplies,Writing,Classmate Notebook Pack,3,459.39,17,1143.88,860.72,283.16,Cash,Delivered,5.0
NR20250103050,2025-01-26,CUST00603,Aditya Verma 21,West,Goa,Goa,Retail Store,Accessories,Cables,Belkin USB-C Cable,2,1080.32,15,1836.54,1305.05,531.49,UPI,Delivered,3.0
NR20251001847,2025-10-27,CUST00964,Ananya Iyer 33,Central,Madhya Pradesh,Gwalior,Online,Office Supplies,Writing,Cello Ball Pen Pack,8,173.9,7,1293.82,902.01,391.81,Credit Card,Delivered,7.0
NR20250100132,2025-01-29,CUST00422,Aditi Mehta 15,North,Uttar Pradesh,Noida,Corporate,Electronics,Monitors,LG 24MP60G,8,12161.06,9,88532.52,72346.1,16186.42,Credit Card,Delivered,5.0
NR20250600179,2025-06-15,CUST01002,Pooja Singh 34,North,Delhi,Delhi,Retail Store,Accessories,Bags,American Tourister Laptop Bag,2,2600.71,12,4577.25,3387.19,1190.06,UPI,Delivered,3.0
NR20251204531,2025-12-03,CUST00474,Priya Nanda 16,West,Goa,Goa,Online,Office Supplies,Paper,JK Copier A4 Paper Ream,1,328.93,10,296.04,220.23,75.81,Net Banking,Delivered,3.0
NR20251104070,2025-11-08,CUST00455,Arjun Nair 16,East,Odisha,Bhubaneswar,Online,Office Supplies,Files,Solo Executive File Pack,3,536.4,2,1577.02,1250.23,326.79,UPI,Delivered,3.0
NR20251204388,2025-12-30,CUST00931,Aarav Sharma 32,West,Maharashtra,Nashik,Retail Store,Electronics,Tablets,Lenovo Tab M11,2,17327.61,7,32229.35,26179.36,6049.99,Credit Card,Delivered,1.0
NR20251202441,2025-12-29,CUST01034,Riya Das 35,North,Uttar Pradesh,Noida,Online,Accessories,Webcams,Logitech C270 Webcam,2,2544.31,5,4834.19,3589.61,1244.58,UPI,Delivered,2.0
NR20250502705,2025-05-14,CUST00704,Riya Das 24,North,Chandigarh,Chandigarh,Corporate,Electronics,Laptops,Acer Aspire 5,15,61450.03,10,829575.41,714116.1,115459.31,Net Banking,Delivered,6.0
NR20250702074,2025-07-03,CUST00196,Sakshi Jain 7, South ,Telangana,Hyderabad,Retail Store,Office Supplies,Paper,JK Copier A4 Paper Ream,2,328.28,18,538.38,415.65,122.73,Credit Card,Delivered,4.0
NR20251000659,2025-10-31,CUST00900,Sneha Pillai 30,South,Andhra Pradesh,Visakhapatnam,Corporate,Furniture,Tables,Conference Table 6-Seater,10,27691.7,9,251994.47,200376.78,51617.69,Debit Card,Delivered,4.0
NR20250501897,2025-05-07,CUST01101,Vikram Sethi 37,Central,Chhattisgarh,Bilaspur,Retail Store,Furniture,Office Chairs,Featherlite Astro Chair,1,10042.94,7,9339.93,7160.94,2178.99,UPI,Delivered,5.0
NR20250604785,2025-06-17,CUST00613,Rahul Gupta 21,Central,Madhya Pradesh,Jabalpur,Online,Office Supplies,Stationery,Faber-Castell Marker Set,4,367.67,10,1323.61,977.35,346.26,UPI,Delivered,5.0
NR20250303200,2025-03-27,CUST00561,Vikram Sethi 19,South,Tamil Nadu,Coimbatore,Retail Store,Accessories,Keyboards,Logitech K120 Keyboard,2,823.42,7,1531.56,1078.98,452.58,UPI,Delivered,2.0
NR20251000343,2025-10-07,CUST00948,Siddharth Rao 32,South,Tamil Nadu,Coimbatore,Retail Store,Office Supplies,Writing,Cello Ball Pen Pack,4,180.79,9,658.08,475.56,182.52,UPI,Delivered,1.0
NR20250502621,2025-05-25,CUST00988,Isha Banerjee 33,South,Kerala,Kochi,Online,Electronics,Cameras,Canon EOS 1500D,2,45490.43,12,80063.16,70026.8,10036.36,UPI,Returned,5.0
NR20251100728,2025-11-14,CUST00871,Aarav Sharma 30,South,Tamil Nadu,Chennai,Retail Store,Office Supplies,Writing,Cello Ball Pen Pack,1,176.63,12,155.43,112.07,43.36,UPI,Delivered,4.0
NR20250103962,2025-01-20,CUST00569,Mohit Saxena 19,North,Chandigarh,Chandigarh,Retail Store,Accessories,Cables,Portronics HDMI Cable,1,635.03,12,558.83,372.88,185.95,Cash,Delivered,3.0
NR20251000977,2025-10-19,CUST00930,Sneha Pillai 31,WEST,Gujarat,Vadodara,Retail Store,Office Supplies,Printing,HP 805 Ink Cartridge,4,1270.98,7,4728.05,3719.39,1008.66,Credit Card,Delivered,5.0
NR20250902101,2025-09-23,CUST00124,Ananya Iyer 5,West,Goa,Goa,Online,Accessories,Bags,Skybags Casual Backpack,1,1918.85,15,1631.02,1181.57,449.45,Net Banking,Delivered,5.0
NR20250503072,2025-05-24,CUST00462,Pooja Singh 16,South,Andhra Pradesh,Vijayawada,Online,Office Supplies,Stationery,Kangaro Stapler Set,3,274.17,10,740.26,543.89,196.37,UPI,Delivered,1.0
NR20250501929,05/28/2025,CUST00448,Isha Banerjee 15,Central,Madhya Pradesh,Bhopal,Online,Electronics,Audio,JBL Tune 770NC,2,7158.9,2,14031.44,10766.59,3264.85,Credit Card,Delivered,5.0
NR20250802690,2025-08-27,CUST00171,Vikram Sethi 6,East,Bihar,Patna,Online,Furniture,Desks,Wooden Study Desk,1,6852.32,15,5824.47,4240.73,1583.74,Debit Card,Delivered,4.0
NR20250803339,2025-08-25,CUST00594,Priya Nanda 20,West,Maharashtra,Pune,Retail Store,Accessories,Mice,Logitech M331 Mouse,1,1527.5,10,1374.75,1008.44,366.31,Cash,Delivered,3.0
NR20251201300,2025-12-11,CUST01141,Aarav Sharma 39,Central,Madhya Pradesh,Indore,Online,Furniture,Tables,Conference Table 6-Seater,1,29348.17,0,29348.17,22585.73,6762.44,UPI,Delivered,5.0
NR20250303086,2025-03-29,CUST00953,Neha Chawla 32,South,Kerala,Kochi,Corporate,Electronics,Cameras,Canon EOS 1500D,8,44730.95,7,332798.27,286243.04,46555.23,UPI,Delivered,6.0
NR20250304665,2025-03-15,CUST01105,Manish Tiwari 37,South,Tamil Nadu,Chennai,Retail Store,Electronics,Audio,boAt Airdopes 141,1,1423.64,10,1281.28,908.75,372.53,Credit Card,Delivered,3.0
NR20251000661,2025-10-18,CUST01070,Varun Bhatia 36,North,Chandigarh,Chandigarh,Online,Electronics,Audio,boAt Airdopes 141,1,1420.11,12,1249.7,913.77,335.93,Credit Card,Returned,7.0
NR20251104089,2025-11-13,CUST01239,Karan Malhotra 42,Central,Madhya Pradesh,Bhopal,Online,Electronics,Smartphones,Samsung Galaxy M35,4,21324.16,17,70796.21,61516.57,9279.64,UPI,Delivered,7.0
NR20250502463,2025-05-12,CUST00711,Vikram Sethi 24,West,Maharashtra,Nagpur,Online,Office Supplies,Writing,Classmate Notebook Pack,2,465.97,5,885.34,685.77,199.57,Debit Card,Delivered,3.0
NR20250202868,2025-02-07,CUST00865,Manish Tiwari 29,Central,Madhya Pradesh,Gwalior,Online,Electronics,Audio,boAt Airdopes 141,4,1470.34,12,5175.6,3737.74,1437.86,Credit Card,Delivered,6.0
NR20251104036,2025-11-08,CUST00783,Aditya Verma 27,West,Gujarat,Vadodara,Online,Accessories,Keyboards,Logitech K120 Keyboard,1,841.5,2,824.67,599.71,224.96,UPI,Delivered,3.0
NR20250502255,2025-05-31,CUST00270,Sneha Pillai 9,East,Odisha,Bhubaneswar,Corporate,Furniture,Office Chairs,Green Soul Monster Chair,10,14996.0,18,122967.2,88297.3,34669.9,Credit Card,Cancelled,0.0
NR20250404073,2025-04-22,CUST00912,Pooja Singh 31,South,Kerala,Kochi,Online,Office Supplies,Writing,Classmate Notebook Pack,10,445.48,2,4365.7,3377.14,988.56,UPI,Delivered,5.0
NR20250304061,2025-03-20,CUST01126,Sakshi Jain 38,West,Maharashtra,Nagpur,Online,Office Supplies,Stationery,Kangaro Stapler Set,5,278.74,10,1254.33,942.56,311.77,UPI,Delivered,3.0
NR20251103708,2025-11-12,CUST00328,Isha Banerjee 11,North,Rajasthan,Jaipur,Online,Furniture,Storage,Metal Office Cabinet,1,9035.36,12,7951.12,6164.39,1786.73,Credit Card,Delivered,5.0
NR20250203293,2025-02-27,CUST00642,Pooja Singh 22,North,Punjab,Ludhiana,Retail Store,Accessories,Cables,Belkin USB-C Cable,1,1146.41,15,974.45,673.01,301.44,UPI,Delivered,3.0
NR20250301279,2025-03-27,CUST00337,Ishaan Kapoor 12,North,Uttar Pradesh,Noida,Online,Accessories,Bags,American Tourister Laptop Bag,3,2611.67,10,7051.51,5083.72,1967.79,UPI,Delivered,3.0
NR20250903170,2025-09-24,CUST01010,Varun Bhatia 34,South,Tamil Nadu,Chennai,Online,Office Supplies,Writing,Cello Ball Pen Pack,2,175.19,2,343.37,248.77,94.6,UPI,Delivered,3.0
NR20251001622,2025-10-09,CUST00263,Neha Chawla 9,Central,Madhya Pradesh,Bhopal,Online,Accessories,Cables,Belkin USB-C Cable,2,1100.71,12,1937.25,1319.16,618.09,UPI,Delivered,3.0
NR20251203131,2025-12-22,CUST01001,Nikhil Patil 34,West,Maharashtra,Mumbai,Online,Office Supplies,Files,Solo Executive File Pack,8,506.32,12,3564.49,2789.06,775.43,UPI,Delivered,5.0
NR20250102917,2025-01-04,CUST00309,Karan Malhotra 11,East,Bihar,Patna,Corporate,Office Supplies,Stationery,Kangaro Stapler Set,5,278.25,17,1154.74,797.82,356.92,Debit Card,Delivered,7.0
NR20250100068,2025-01-12,CUST00464,Riya Das 16,Central,Madhya Pradesh,Bhopal,Online,Office Supplies,Printing,HP 805 Ink Cartridge,3,1238.88,5,3530.81,3081.52,449.29,UPI,Delivered,1.0
NR20251002657,2025-10-28,CUST00100,Meera Joshi 4,South,Tamil Nadu,Coimbatore,Corporate,Furniture,Office Chairs,Green Soul Monster Chair,15,14717.17,7,205304.52,151907.58,53396.94,Net Banking,Delivered,3.0
NR20251202956,2025-12-28,CUST00293,Neha Chawla 10,South,Karnataka,Mysuru,Retail Store,Accessories,Webcams,Logitech C270 Webcam,2,2620.53,15,4454.9,3363.25,1091.65,Cash,Delivered,4.0
NR20250403904,2025-04-23,CUST00455,Arjun Nair 16,East,West Bengal,Kolkata,Corporate,Office Supplies,Stationery,Kangaro Stapler Set,10,278.4,7,2589.12,1968.0,621.12,Net Banking,Delivered,5.0
NR20250600821,2025-06-15,CUST00653,Neha Chawla 22,West,Gujarat,Ahmedabad,Retail Store,Accessories,Mice,Logitech M331 Mouse,1,1457.67,12,1282.75,937.37,345.38,Debit Card,Delivered,2.0
NR20251001227,2025-10-14,CUST00692,Aditi Mehta 24,Central,Madhya Pradesh,Bhopal,Corporate,Electronics,Tablets,Lenovo Tab M11,8,17910.96,11,127526.04,104794.52,22731.52,Net Banking,Delivered,6.0
NR20251204596,2025-12-30,CUST00594,Priya Nanda 20,West,Gujarat,Surat,Online,Electronics,Laptops,HP 15s,4,54086.0,15,183892.4,158024.06,25868.34,Net Banking,Delivered,6.0
NR20250902210,28-Sep-2025,CUST01165,Manish Tiwari 39,Central,Madhya Pradesh,Gwalior,Corporate,Electronics,Tablets,Lenovo Tab M11,2,17904.53,11,31870.06,27342.63,4527.43,Credit Card,Delivered,3.0
NR20250802826,2025-08-01,CUST01248,Siddharth Rao 42,West,Gujarat,Ahmedabad,Online,Accessories,Keyboards,Logitech K120 Keyboard,1,830.65,5,789.12,580.95,208.17,Credit Card,Delivered,4.0
NR20250504522,2025-05-19,CUST00965,Arjun Nair 33,East,Jharkhand,Ranchi,Online,Accessories,Keyboards,Logitech K120 Keyboard,1,857.79,12,754.86,548.55,206.31,Credit Card,Delivered,6.0
NR20250804332,2025-08-27,CUST01061,Nikhil Patil 36,West,Gujarat,Ahmedabad,Online,Office Supplies,Files,Solo Executive File Pack,1,552.47,7,513.8,406.01,107.79,UPI,Delivered,4.0
NR20250503467,2025-05-09,CUST00774,Priya Nanda 26,North,Chandigarh,Chandigarh,Online,Furniture,Storage,Wooden Filing Cabinet,2,7606.22,5,14451.82,11408.18,3043.64,Debit Card,Delivered,3.0
NR20250201144,2025-02-08,CUST01170,Sneha Pillai 39,East,Bihar,Patna,Retail Store,Furniture,Storage,Metal Office Cabinet,3,9135.6,12,24117.98,17873.94,6244.04,UPI,Delivered,4.0
NR20250100398,2025-01-10,CUST00958,Isha Banerjee 32,West,Maharashtra,Mumbai,Retail Store,Accessories,Mice,Logitech M331 Mouse,1,1464.25,5,1391.04,1007.44,383.6,UPI,Delivered,2.0
NR20250603729,2025-06-19,CUST00051,Vikram Sethi 2,West,Gujarat,Ahmedabad,Retail Store,Accessories,Bags,American Tourister Laptop Bag,2,2651.97,18,4349.23,3278.85,1070.38,Debit Card,Delivered,7.0
NR20251004445,2025-10-26,CUST00670,Meera Joshi 23,West,Goa,Goa,Online,Electronics,Audio,boAt Airdopes 141,1,1406.93,0,1406.93,1057.48,349.45,UPI,Delivered,4.0
NR20250702842,2025-07-05,CUST01027,Ishaan Kapoor 35,West,Gujarat,Surat,Retail Store,Office Supplies,Printing,Epson 003 Ink Bottle,4,675.06,2,2646.24,2104.35,541.89,UPI,Returned,5.0
NR20251001399,2025-10-02,CUST00611,Nikhil Patil 21,Central,Chhattisgarh,Raipur,Retail Store,Accessories,Power Banks,Ambrane 20000mAh Power Bank,1,1691.41,12,1488.44,1148.38,340.06,UPI,Delivered,4.0
NR20250201660,2025-02-13,CUST01102,Yash Agarwal 37,South,Andhra Pradesh,Vijayawada,Retail Store,Accessories,Cables,Belkin USB-C Cable,4,1076.14,10,3874.1,2661.1,1213.0,UPI,Delivered,6.0
NR20250600980,2025-06-16,CUST00404,Riya Das 14,South,Kerala,Kochi,Online,Electronics,Audio,boAt Airdopes 141,1,1372.22,7,1276.16,938.62,337.54,Net Banking,Delivered,2.0
NR20250101299,2025-01-05,CUST00726,Diya Shah 25,South,Kerala,Kochi,Corporate,Electronics,Laptops,Acer Aspire 5,5,62867.54,14,270330.42,222820.07,47510.35,Net Banking,Delivered,3.0
NR20250302330,2025-03-18,CUST00238,Isha Banerjee 8,South,Andhra Pradesh,Vijayawada,Retail Store,Office Supplies,Files,Solo Executive File Pack,3,503.87,10,1360.45,1067.62,292.83,Credit Card,Delivered,4.0
NR20250300083,2025-03-28,CUST00362,Aditi Mehta 13,West,Goa,Goa,Retail Store,Office Supplies,Printing,Epson 003 Ink Bottle,8,679.28,0,5434.24,4328.61,1105.63,UPI,Delivered,1.0
NR20250202331,2025-02-04,CUST00453,Aditya Verma 16,West,Maharashtra,Nagpur,Online,Office Supplies,Stationery,Faber-Castell Marker Set,10,358.84,12,3157.79,2353.77,804.02,Net Banking,Delivered,5.0
NR20251102755,2025-11-16,CUST00095,Arjun Nair 4,East,Bihar,Patna,Corporate,Furniture,Office Chairs,Featherlite Astro Chair ,10,10472.52,15,89016.42,66665.62,22350.8,Credit Card,Delivered,7.0
NR20250704609,2025-07-08,CUST01115,Arjun Nair 38,East,Jharkhand,Ranchi,Online,Accessories,Webcams,Logitech C270 Webcam,2,2543.36,12,4476.31,3544.3,932.01,UPI,Delivered,4.0
NR20250903895,2025-09-02,CUST01071,Vikram Sethi 36,West,Maharashtra,Mumbai,Corporate,Furniture,Office Chairs,Green Soul Monster Chair,15,13699.99,12,180839.87,138553.77,42286.1,Net Banking,Delivered,3.0
NR20250802859,2025-08-06,CUST00618,Siddharth Rao 21,West,Gujarat,Surat,Retail Store,Furniture,Desks,IKEA Linnmon Desk,1,8797.71,5,8357.82,6189.31,2168.51,Cash,Delivered,1.0
NR20251200424,2025-12-23,CUST00162,Pooja Singh 6,North,Rajasthan,Jaipur,Retail Store,Office Supplies,Writing,Classmate Notebook Pack,4,458.78,14,1578.2,1195.28,382.92,Credit Card,Returned,7.0
NR20250704402,2025-07-09,CUST00296,Simran Kaur 10,North,Punjab,Amritsar,Online,Furniture,Office Chairs,Featherlite Astro Chair,1,10300.48,10,9270.43,6578.99,2691.44,UPI,Delivered,5.0
NR20250901905,2025-09-01,CUST00882,Pooja Singh 30,North,Punjab,Ludhiana,Online,Office Supplies,Writing,Cello Ball Pen Pack,2,179.89,7,334.6,232.73,101.87,Credit Card,Delivered,4.0
NR20250504603,2025-05-25,CUST00530,Varun Bhatia 18,South,Karnataka,Mysuru,Retail Store,Furniture,Desks,IKEA Linnmon Desk,3,8382.86,5,23891.15,17339.82,6551.33,UPI,Delivered,8.0
NR20250803457,2025-08-15,CUST00757,Ishaan Kapoor 26,East,Jharkhand,Ranchi,Online,Electronics,Smartphones,OnePlus Nord CE,3,24999.3,9,68248.09,58084.27,10163.82,UPI,Delivered,6.0
NR20250303474,2025-03-02,CUST00066,Diya Shah 3,East,West Bengal,Siliguri,Corporate,Electronics,Laptops,HP 15s,2,55122.97,9,100323.81,86776.04,13547.77,Debit Card,Delivered,6.0
NR20251101566,07/11/2025,CUST00333,Aditya Verma 12,South,Andhra Pradesh,Vijayawada,Online,Accessories,Cables,Portronics HDMI Cable,5,652.04,5,3097.19,2166.22,930.97,Credit Card,Delivered,2.0
NR20250803460,2025-08-28,CUST01169,Mohit Saxena 39,South,Tamil Nadu,Chennai,Retail Store,Office Supplies,Paper,JK Copier A4 Paper Ream,4,326.55,5,1240.89,981.62,259.27,Credit Card,Delivered,2.0
NR20250800840,2025-08-14,CUST00807,Aman Arora 27,East,West Bengal,Siliguri,Retail Store,Electronics,Smartphones,Samsung Galaxy M35,1,22462.78,9,20441.13,17527.93,2913.2,Debit Card,Delivered,4.0
NR20250900501,2025-09-18,CUST00553,Rahul Gupta 19,West,Gujarat,Vadodara,Retail Store,Office Supplies,Stationery,Faber-Castell Marker Set,1,369.88,10,332.89,252.23,80.66,Credit Card,Delivered,1.0
NR20251000142,2025-10-16,CUST00190,Meera Joshi 7,Central,Madhya Pradesh,Jabalpur,Corporate,Electronics,Smartphones,OnePlus Nord CE,8,25157.41,12,177108.17,152065.41,25042.76,Net Banking,Delivered,3.0
NR20250601378,2025-06-11,CUST01024,Ananya Iyer 35,South,Telangana,Hyderabad,Online,Accessories,Bags,American Tourister Laptop Bag,3,2624.37,15,6692.14,5204.52,1487.62,Credit Card,Delivered,6.0
NR20250203810,2025-02-17,CUST00340,Meera Joshi 12,East,West Bengal,Siliguri ,Online,Furniture,Office Chairs,Featherlite Astro Chair,2,10298.23,10,18536.81,13107.31,5429.5,UPI,Delivered,5.0
NR20250502645,2025-05-03,CUST00511,Aarav Sharma 18,South,Karnataka,Mysuru,Retail Store,Office Supplies,Writing,Classmate Notebook Pack,5,445.45,10,2004.53,1493.28,511.25,Debit Card,Delivered,2.0
NR20250301139,2025-03-10,CUST00243,Aditya Verma 9,West,Maharashtra,Nashik,Retail Store,Furniture,Office Chairs,Featherlite Astro Chair,1,10436.34,12,9183.98,6863.39,2320.59,UPI,Delivered,3.0
NR20250202620,2025-02-26,CUST00722,Aditi Mehta 25,North,Rajasthan,Jaipur,Retail Store,Office Supplies,Paper,JK Copier A4 Paper Ream,10,325.57,2,3190.59,2446.95,743.64,UPI,Delivered,5.0
NR20251101788,2025-11-25,CUST00382,Yash Agarwal 13,South,Tamil Nadu,Chennai,Retail Store,Accessories,Power Banks,Ambrane 20000mAh Power Bank,1,1674.55,12,1473.6,1133.75,339.85,UPI,Delivered,3.0
NR20250802641,2025-08-17,CUST00962,Aditi Mehta 33,East,Assam,Guwahati,Corporate,Office Supplies,Stationery,Faber-Castell Marker Set,1,350.62,10,315.56,236.89,78.67,UPI,Delivered,5.0
NR20250300551,2025-03-09,CUST00967,Ishaan Kapoor 33,South,Tamil Nadu,Chennai,Online,Office Supplies,Writing,Cello Ball Pen Pack,4,170.79,5,649.0,496.12,152.88,UPI,Delivered,5.0
NR20250303312,2025-03-07,CUST00803,Neha Chawla 27,West,Goa,Goa,Online,Electronics,Laptops,HP 15s,1,53751.75,10,48376.58,40127.27,8249.31,Debit Card,Delivered,4.0
NR20251002020,2025-10-20,CUST01170,Sneha Pillai 39,North,Chandigarh,Chandigarh,Online,Office Supplies,Stationery,Kangaro Stapler Set,1,286.78,5,272.44,198.13,74.31,UPI,Delivered,5.0
NR20250900949,2025-09-18,CUST01095,Rohan Kulkarni 37,West,Gujarat,Vadodara,Corporate,Electronics,Laptops,HP 15s,8,52450.96,9,381842.99,326208.19,55634.8,UPI,Delivered,4.0
NR20250804606,2025-08-09,CUST00490,Meera Joshi 17,west,Maharashtra,Nagpur,Corporate,Office Supplies,Stationery,Kangaro Stapler Set,8,275.96,9,2008.99,1480.77,528.22,Net Banking, Delivered,4.0
NR20251000533,2025-10-05,CUST00650,Varun Bhatia 22,South,Kerala,Kochi,Retail Store,Accessories,Bags,Skybags Casual Backpack,4,1922.1,9,6996.44,5198.23,1798.21,Cash,Returned,6.0
NR20250701830,2025-07-30,CUST00673,Rahul Gupta 23,West,Gujarat,Surat,Corporate,Electronics,Laptops,Acer Aspire 5,8,63806.97,14,438991.95,370691.07,68300.88,Credit Card,Delivered,4.0
NR20250503008,2025-05-06,CUST00334,Ananya Iyer 12,South,Tamil Nadu,Coimbatore,Online,Electronics,Laptops,Acer Aspire 5,1,60431.19,15,51366.51,43123.58,8242.93,Net Banking,Returned,5.0
NR20250904482,2025-09-18,CUST00601,Aarav Sharma 21,East,Assam,Guwahati,Online,Furniture,Storage,Metal Office Cabinet,1,9174.36,7,8532.15,6649.25,1882.9,UPI,Returned,11.0
NR20250503989,2025-05-19,CUST00412,Yash Agarwal 14,Central,Chhattisgarh,Raipur,Retail Store,Electronics,Audio,JBL Tune 770NC,1,6853.78,12,6031.33,4627.81,1403.52,Debit Card,Delivered,3.0
NR20251201603,2025-12-16,CUST00437,Shreya Menon 15,North,Uttar Pradesh,Lucknow,Corporate,Accessories,Keyboards,Logitech K120 Keyboard,3,875.17,14,2257.94,1624.93,633.01,Credit Card,Delivered,4.0
NR20250600640,2025-06-08,CUST00172,Yash Agarwal 6,West,Maharashtra,Pune,Corporate,Furniture,Office Chairs,Featherlite Astro Chair,2,10526.46,15,17894.98,11826.78,6068.2,Credit Card,Delivered,3.0
NR20251104901,2025-11-09,CUST00340,Meera Joshi 12,West,Goa,Goa,Corporate,Office Supplies,Printing,HP 805 Ink Cartridge,1,1226.4,9,1116.02,893.09,222.93,UPI,Delivered,7.0
NR20250600968,2025-06-15,CUST00409,Tanvi Deshmukh 14,West,Gujarat,Surat,Retail Store,Accessories,Webcams,Logitech C270 Webcam,1,2399.3,5,2279.34,1754.68,524.66,UPI,Delivered,1.0
NR20250504518,2025-05-11,CUST00229,Tanvi Deshmukh 8,Central,Chhattisgarh,Bilaspur,Retail Store,Electronics,Smartphones,OnePlus Nord CE,1,25822.86,17,21432.97,18979.03,2453.94,UPI,Delivered,5.0
NR20250902703,2025-09-19,CUST00292,Yash Agarwal 10,Central,Chhattisgarh,Bilaspur,Retail Store,Office Supplies,Files,Solo Executive File Pack,2,516.74,7,961.14,719.36,241.78,Credit Card,Delivered,6.0
NR20250601684,2025-06-11,CUST01131,Vikram Sethi 38,West,Gujarat,Vadodara,Online,Electronics,Audio,boAt Airdopes 141,1,1471.78,14,1265.73,917.76,347.97,UPI,Returned,6.0
NR20250704535,2025-07-08,CUST00057,Aman Arora 2,West,Gujarat,Surat,Online,Electronics,Audio,boAt Airdopes 141,1,1337.7,7,1244.06,949.82,294.24,Credit Card,Delivered,5.0
NR20250102410,2025-01-02,CUST00593,Neha Chawla 20,West,Maharashtra,Nagpur,Online,Office Supplies,Stationery,Faber-Castell Marker Set,8,366.68,5,2786.77,2082.26,704.51,UPI,Delivered,3.0
NR20250500156,2025-05-27,CUST00866,Simran Kaur 29,South,Tamil Nadu,Coimbatore,Online,Furniture,Office Chairs,Green Soul Monster Chair,1,13827.09,5,13135.74,9585.76,3549.98,Debit Card,Delivered,2.0
NR20250704052,2025-07-19,CUST00996,Diya Shah 34,South,Kerala,Kochi,Corporate,Office Supplies,Printing,Epson 003 Ink Bottle,10,666.36,10,5997.24,4728.63,1268.61,Credit Card,Delivered,3.0
NR20251202925,2025-12-20,CUST00059,Mohit Saxena 2,North,Punjab,Amritsar,Online,Accessories,Power Banks,Ambrane 20000mAh Power Bank,1,1721.97,17,1429.24,1120.56,308.68,UPI,Delivered,2.0
NR20250901090,2025-09-02,CUST00650,Varun Bhatia 22,North,Uttarakhand,Dehradun,Corporate,Office Supplies,Files,Solo Executive File Pack,5,508.44,15,2160.87,1584.39,576.48,Net Banking,Delivered,4.0
NR20251002733,2025-10-01,CUST01080,Sneha Pillai 36,north,Rajasthan,Jaipur,Corporate,Electronics,Laptops,Acer Aspire 5,15,60591.56,11,808897.33,692668.27,116229.06,Net Banking,Delivered,6.0
NR20250204302,2025-02-18,CUST00065,Arjun Nair 3,Central,Chhattisgarh,Bilaspur,Retail Store,Accessories,Power Banks,Ambrane 20000mAh Power Bank,2,1717.75,2,3366.79,2630.42,736.37,Cash,Delivered,6.0
NR20250900289,2025-09-08,CUST00520,Meera Joshi 18,South,Karnataka,Bengaluru,Online,Furniture,Desks,Wooden Study Desk,1,6595.67,0,6595.67,4851.72,1743.95,UPI,Delivered,3.0
NR20250300931,2025-03-19,CUST00294,Priya Nanda 10,West,Gujarat,Ahmedabad,Retail Store,Electronics,Smartphones,Samsung Galaxy M35,1,21977.96,7,20439.5,17863.14,2576.36,Cash,Delivered,4.0
NR20250802610,2025-08-04,CUST00234,Priya Nanda 8,East,Bihar,Patna,Corporate,Accessories,Webcams,Logitech C270 Webcam,15,2481.92,10,33505.92,24352.85,9153.07,Net Banking,Delivered,2.0
NR20251102329,2025-11-26,CUST00695,Arjun Nair 24,North,Uttarakhand,Dehradun,Online,Electronics,Audio,JBL Tune 770NC,2,7506.3,14,12910.84,10190.19,2720.65,Credit Card,Delivered,3.0
NR20250304164,2025-03-02,CUST00876,Diya Shah 30,South,Tamil Nadu,Chennai,Online,Furniture,Office Chairs,Featherlite Astro Chair,3,11016.57,7,30736.23,21274.16,9462.07,UPI,Delivered,3.0
NR20251101963,2025-11-13,CUST00908,Kavya Reddy 31,West,Gujarat,Vadodara,Online,Office Supplies,Paper,JK Copier A4 Paper Ream,3,311.51,10,841.08,655.41,185.67,Debit Card,Delivered,6.0
NR20250203394,2025-02-27,CUST01141,Aarav Sharma 39,North,Punjab, Ludhiana,Online,Electronics,Laptops,Acer Aspire 5,1,63265.9,12,55673.99,47485.54,8188.45,UPI,Delivered,5.0
NR20251200943,2025-12-26,CUST00351,Vikram Sethi 12,West,Gujarat,Surat,Online,Electronics,Audio,JBL Tune 770NC,2,7163.28,17,11891.04,8975.92,2915.12,Credit Card,Delivered,4.0
NR20251003976,2025-10-11,CUST01111,Aarav Sharma 38,West,Gujarat,Surat,Retail Store,Accessories,Bags,American Tourister Laptop Bag,5,2601.74,12,11447.66,8538.28,2909.38,Debit Card,Delivered,6.0
NR20250804729,2025-08-23,CUST00823,Rahul Gupta 28,South,Telangana,Hyderabad,Online,Electronics,Cameras,Canon EOS 1500D,1,46704.39,4,44836.21,38004.77,6831.44,UPI,Cancelled,0.0
NR20250101699,2025-01-26,CUST00857,Shreya Menon 29,West,Gujarat,Vadodara,Online,Office Supplies,Stationery,Kangaro Stapler Set,1,276.88,7,257.5,187.0,70.5,UPI,Delivered,6.0
NR20251104776,2025-11-20,CUST00223,Rahul Gupta 8,East,Odisha,Bhubaneswar,Retail Store,Office Supplies,Printing,Epson 003 Ink Bottle,8,667.21,15,4537.03,3329.81,1207.22,Credit Card,Delivered,7.0
NR20250703051,2025-07-19,CUST00181,Aarav Sharma 7,East,Bihar,Patna,Online,Electronics,Monitors,LG 24MP60G,1,12695.31,12,11171.87,9035.11,2136.76,Net Banking,Cancelled,0.0
NR20251102578,2025-11-27,CUST00063,Aditya Verma 3,Central,Madhya Pradesh,Indore,Corporate,Office Supplies,Files,Solo Executive File Pack,15,533.82,17,6646.06,5304.07,1341.99,Net Banking,Delivered,5.0
NR20250903468,21/09/2025,CUST00213,Aditya Verma 8,Central,Madhya Pradesh,Indore,Online,Accessories,Bags,American Tourister Laptop Bag,2,2458.75,10,4425.75,3359.35,1066.4,UPI,Delivered,4.0
NR20251200986,2025-12-07,CUST01236,Diya Shah 42,East,Bihar,Patna,Corporate,Accessories,Mice,Logitech M331 Mouse,20,1482.31,15,25199.27,19136.69,6062.58,Credit Card,Delivered,5.0
NR20250103922,2025-01-27,CUST00666,Diya Shah 23,North,Punjab,Amritsar,Online,Electronics,Audio,JBL Tune 770NC,2,7162.27,12,12605.6,9397.01,3208.59,Net Banking,Delivered,4.0
NR20250302253,2025-03-21,CUST00485,Arjun Nair 17,West,Maharashtra,Nashik,Online,Accessories,Power Banks,Ambrane 20000mAh Power Bank,1,1656.24,2,1623.12,1235.51,387.61,Debit Card,Delivered,3.0
NR20250902291,2025-09-17,CUST00897,Aman Arora 30,North,Chandigarh,Chandigarh,Online,Furniture,Office Chairs,Green Soul Monster Chair,1,14753.39,7,13720.65,9678.9,4041.75,UPI,Delivered,4.0
NR20250504846,2025-05-27,CUST00004,Ananya Iyer 1,East,Jharkhand,Ranchi,Online,Accessories,Bags,Skybags Casual Backpack,2,1981.16,10,3566.09,2717.88,848.21,Debit Card,Delivered,5.0
NR20250700982,2025-07-01,CUST00371,Nikhil Patil 13,West,Maharashtra,Pune,Retail Store,Office Supplies,Stationery,Faber-Castell Marker Set,3,355.62,10,960.17,719.87,240.3,UPI,Delivered,5.0
NR20250204327,2025-02-04,CUST01084,Ananya Iyer 37,North,Rajasthan,Jaipur,Online,Furniture,Desks,IKEA Linnmon Desk,1,8395.38,10,7555.84,5772.41,1783.43,Debit Card,Delivered,3.0
NR20251102499,2025-11-17,CUST00609,Karan Malhotra 21,North,Rajasthan,Jaipur,Corporate,Furniture,Storage,Metal Office Cabinet,5,9411.69,17,39058.51,30797.96,8260.55,Net Banking,Delivered,3.0
NR20251204731,2025-12-05,CUST00041,Nikhil Patil 2,South,Tamil Nadu,Coimbatore,Online,Office Supplies,Printing,Epson 003 Ink Bottle,1,647.91,15,550.72,436.05,114.67,UPI,Delivered,3.0
NR20250903795,2025-09-01,CUST00463,Rahul Gupta 16,West,Gujarat,Vadodara,Retail Store,Office Supplies,Stationery,Faber-Castell Marker Set,4,354.33,7,1318.11,1029.18,288.93,UPI,Delivered,6.0
NR20250503636,2025-05-10,CUST00992,Aditi Mehta 34,West,Gujarat,Surat,Online,Furniture,Storage,Metal Office Cabinet,2,9264.8,15,15750.16,11605.89,4144.27,Debit Card,Cancelled,0.0
NR20250203960,2025-02-27,CUST00683,Neha Chawla 23,West,Maharashtra,Nagpur,Corporate,Furniture,Office Chairs,Green Soul Monster Chair,15,13936.15,9,190228.45,137229.92,52998.53,Net Banking,Delivered,6.0
NR20250201458,2025-02-05,CUST00631,Aarav Sharma 22,West,Gujarat,Vadodara,Online,Office Supplies,Writing,Cello Ball Pen Pack,8,178.56,5,1357.06,985.03,372.03,Credit Card,Delivered,5.0
NR20251201396,2025-12-12,CUST00522,Pooja Singh 18,West,Maharashtra,Mumbai,Retail Store,Accessories,Mice,Logitech M331 Mouse,2,1419.87,10,2555.77,1875.03,680.74,UPI,Delivered,4.0
NR20250300265,2025-03-07,CUST00197,Shreya Menon 7,North,Delhi,Delhi,Retail Store,Office Supplies,Files,Solo Executive File Pack,5,531.85,2,2606.07,1967.67,638.4,Credit Card,Delivered,4.0
NR20251202465,2025-12-24,CUST01151,Nikhil Patil 39,Central,Chhattisgarh,Bilaspur,Online,Office Supplies,Printing,HP 805 Ink Cartridge,4,1212.79,17,4026.46,3342.44,684.02,Net Banking,Delivered,6.0
NR20250200930,2025-02-03,CUST00405,Rohan Kulkarni 14,Central,Madhya Pradesh,Bhopal,Online,Furniture,Storage,Metal Office Cabinet,1,8823.32,10,7940.99,5918.89,2022.1,UPI,Delivered,5.0
NR20250303160,2025-03-15,CUST00378,Siddharth Rao 13,South,Karnataka,Bengaluru,Retail Store,Furniture,Office Chairs,Featherlite Astro Chair,2,10483.84,10,18870.91,12816.79,6054.12,Debit Card,Delivered,2.0
NR20250702179,2025-07-30,CUST00272,Aditi Mehta 10,East,Bihar,Patna,Retail Store,Electronics,Audio,JBL Tune 770NC,1,7370.69,9,6707.33,5130.13,1577.2,Debit Card,Delivered,4.0
NR20251002772,2025-10-21,CUST00555,Rohan Kulkarni 19,West,Goa,Goa,Retail Store,Electronics,Cameras,Canon EOS 1500D,1,46281.26,7,43041.57,37375.28,5666.29,Credit Card,Delivered,1.0
NR20250300247,2025-03-05,CUST00050,Varun Bhatia 2,East,Odisha,Bhubaneswar,Retail Store,Accessories,Bags,American Tourister Laptop Bag,3,2692.37,10,7269.4,5654.25,1615.15,Credit Card,Delivered,6.0
NR20250504130,2025-05-12,CUST00507,Aman Arora 17,East,Assam,Guwahati,Online,Electronics,Laptops,Acer Aspire 5,3,60881.68,7,169859.89,138132.8,31727.09,Debit Card,Delivered,4.0
NR20250401759,2025-04-11,CUST00463,Rahul Gupta 16,West,Maharashtra,Nagpur,Online,Electronics,Smartphones,OnePlus Nord CE,1,25243.46,12,22214.24,20437.1,1777.14,UPI,Delivered,4.0
NR20251204934,2025-12-25,CUST00224,Riya Das 8,North,Uttarakhand,Dehradun,Retail Store,Office Supplies,Printing,HP 805 Ink Cartridge,2,1260.96,10,2269.73,1782.6,487.13,Debit Card,Delivered,5.0
NR20250202896,2025-02-19,CUST00556,Sakshi Jain 19,West,Maharashtra,Pune,Online,Office Supplies,Paper,JK Copier A4 Paper Ream,5,332.26,7,1545.01,1218.97,326.04,Net Banking,Delivered,4.0
NR20251200924,2025-12-20,CUST00190,Meera Joshi 7,North,Uttar Pradesh,Noida,Online,Office Supplies,Stationery,Kangaro Stapler Set,1,286.14,5,271.83,196.18,75.65,UPI,Delivered,4.0
NR20250703546,2025-07-01,CUST00418,Isha Banerjee 14,South,Kerala,Kochi,Retail Store,Office Supplies,Writing,Cello Ball Pen Pack,4,172.24,0,688.96,498.28,190.68,UPI,Delivered,3.0
NR20250700269,2025-07-22,CUST00845,Arjun Nair 29,North,Punjab,Amritsar,Online,Accessories,Cables,Belkin USB-C Cable,2,1098.04,10,1976.47,1389.95,586.52,UPI,Delivered,2.0
NR20250400670,2025-04-25,CUST00631,Aarav Sharma 22,North,Punjab,Ludhiana,Corporate,Electronics,Audio,boAt Airdopes 141,8,1373.43,9,9998.57,7456.33,2542.24,Net Banking,Delivered,4.0
NR20250602860,2025-06-08,CUST00183,Aditya Verma 7,South,Andhra Pradesh,Visakhapatnam,Online,Electronics,Laptops,Acer Aspire 5,1,64081.27,18,52546.64,43458.95,9087.69,Net Banking,Delivered,2.0
NR20251101911,2025-11-04,CUST00907,Ishaan Kapoor 31,North,Punjab,Amritsar,Online,Electronics,Monitors,LG 24MP60G,1,12242.96,10,11018.66,9235.15,1783.51,Credit Card,Delivered,5.0
NR20251203081,2025-12-27,CUST00351,Vikram Sethi 12,South,Tamil Nadu,Chennai,Online,Accessories,Cables,Portronics HDMI Cable,3,666.87,7,1860.57,1399.38,461.19,Debit Card,Delivered,5.0
NR20251101153,2025-11-22,CUST00369,Karan Malhotra 13,Central,Madhya Pradesh,Gwalior,Retail Store,Accessories,Cables,Portronics HDMI Cable,1,646.12,7,600.89,414.83,186.06,Cash,Delivered,3.0
NR20251204886,2025-12-15,CUST00652,Yash Agarwal 22,Central,Madhya Pradesh,Indore,Online,Electronics,Smartphones,OnePlus Nord CE,1,25708.53,22,20052.65,17839.93,2212.72,UPI,Delivered,4.0
NR20251203671,2025-12-27,CUST00157,Ishaan Kapoor 6,Central,Madhya Pradesh,Indore,Retail Store,Electronics,Audio,JBL Tune 770NC,1,6888.89,12,6062.22,4571.77,1490.45,Cash,Delivered,4.0
NR20250404303,2025-04-22,CUST00097,Ishaan Kapoor 4,West,Maharashtra,Mumbai,Retail Store,Furniture,Desks,IKEA Linnmon Desk,2,8526.33,12,15006.34,11337.73,3668.61,UPI,Delivered,4.0
NR20251203995,2025-12-21,CUST00062,Aditi Mehta 3,West,Maharashtra,Pune,Online,Furniture,Tables,Conference Table 6-Seater,2,28893.42,10,52008.16,40390.48,11617.68,Credit Card,Delivered,7.0
NR20251203801,2025-12-30,CUST00053,Neha Chawla 2,South,Telangana,Hyderabad,Retail Store,Furniture,Tables,Conference Table 6-Seater,1,28344.64,12,24943.28,19267.51,5675.77,Credit Card,Delivered,2.0
NR20250603078,2025-06-19,CUST00540,Sneha Pillai 18,West,Gujarat,Surat,Corporate,Office Supplies,Paper,JK Copier A4 Paper Ream,3,311.03,12,821.12,632.98,188.14,Net Banking,Delivered,4.0
NR20251001916,2025-10-10,CUST01127,Shreya Menon 38,South,Andhra Pradesh,Visakhapatnam,Online,Electronics,Audio,boAt Airdopes 141,1,1441.25,15,1225.06,888.47,336.59,Net Banking,Delivered,5.0
NR20251000613,2025-10-23,CUST00695,Arjun Nair 24,South,Andhra Pradesh,Visakhapatnam,Online,Office Supplies,Stationery,Kangaro Stapler Set,8,280.12,15,1904.82,1416.0,488.82,UPI,Returned,5.0
NR20250603015,2025-06-21,CUST01127,Shreya Menon 38,North,Chandigarh,Chandigarh,Online,Electronics,Laptops,Acer Aspire 5,3,59371.0,12,156739.44,124554.43,32185.01,Credit Card,Delivered,2.0
NR20250903639,2025-09-14,CUST00332,Aditi Mehta 12,South,Tamil Nadu,Coimbatore,Online,Office Supplies,Files,Solo Executive File Pack,8,520.22,7,3870.44,3027.04,843.4,UPI,Delivered,4.0
NR20251201899,2025-12-18,CUST01120,Meera Joshi 38,North,Chandigarh,Chandigarh,Retail Store,Electronics,Laptops,HP 15s,2,54034.28,10,97261.7,83515.15,13746.55,Cash,Delivered,3.0
NR20251201650,2025-12-22,CUST00932,Aditi Mehta 32,West,Maharashtra,Nashik,Online,Electronics,Tablets,Lenovo Tab M11,1,18024.89,18,14780.41,12087.34,2693.07,Net Banking,Delivered,4.0
NR20250802523,2025-08-26,CUST01127,Shreya Menon 38,North,Delhi,Delhi,Corporate,Electronics,Tablets,Lenovo Tab M11,10,17495.47,7,162707.87,135529.49,27178.38,Net Banking,Delivered,4.0
NR20251200259,2025-12-19,CUST00265,Manish Tiwari 9,West,Gujarat,Surat,Retail Store,Accessories,Cables,Portronics HDMI Cable,3,653.86,15,1667.34,1100.5,566.84,Debit Card,Delivered,2.0
NR20250500848,2025-05-03,CUST00865,Manish Tiwari 29,Central,Madhya Pradesh,Gwalior,Retail Store,Furniture,Storage,Metal Office Cabinet,2,9320.51,5,17708.97,13489.78,4219.19,Debit Card,Delivered,4.0
NR20251204314,2025-12-14,CUST00248,Kavya Reddy 9,Central,Chhattisgarh,Raipur,Online,Accessories,Keyboards,Logitech K120 Keyboard,5,817.78,15,3475.56,2494.28,981.28,Debit Card,Delivered,7.0
NR20250601234,2025-06-14,CUST00025,Manish Tiwari 1,West,Gujarat,Surat,Online,Furniture,Storage,Wooden Filing Cabinet,1,7916.74,0,7916.74,6286.93,1629.81,UPI,Delivered,1.0
NR20251201128,2025-12-20,CUST00810,Sneha Pillai 27,North,Punjab,Ludhiana,Corporate,Office Supplies,Writing,Classmate Notebook Pack,8,472.18,14,3248.6,2481.39,767.21,Net Banking,Delivered,5.0
NR20250301968,2025-03-12,CUST00163,Rahul Gupta 6,South,Karnataka,Mysuru,Online,Accessories,Cables,Belkin USB-C Cable,3,1059.21,7,2955.2,2073.29,881.91,UPI,Delivered,4.0
NR20250600559,2025-06-13,CUST00014,Riya Das 1,South,Andhra Pradesh,Visakhapatnam,Retail Store,Accessories,Keyboards,Logitech K120 Keyboard,2,853.67,10,1536.61,1112.83,423.78,Debit Card,Delivered,1.0
NR20251104024,2025-11-24,CUST00943,Rahul Gupta 32,North,Chandigarh,Chandigarh,Corporate,Office Supplies,Paper,JK Copier A4 Paper Ream,20,320.2,12,5635.52,4335.82,1299.7,UPI,Delivered,5.0
NR20251200485,2025-12-25,CUST00344,Riya Das 12,Central,Madhya Pradesh,Jabalpur,Retail Store,Electronics,Tablets,Lenovo Tab M11,2,18111.4,0,36222.8,29977.55,6245.25,Cash,Delivered,4.0
NR20250802212,2025-08-02,CUST00287,Shreya Menon 10,North,Punjab,Ludhiana,Retail Store,Office Supplies,Stationery,Kangaro Stapler Set,2,274.73,10,494.51,368.88,125.63,Debit Card,Returned,10.0
NR20250701321,2025-07-16,CUST00341,Nikhil Patil 12,north,Uttarakhand,Dehradun,Online,Furniture,Storage,Metal Office Cabinet,2,9081.81,2,17800.35,13779.1,4021.25,UPI,Delivered,2.0
NR20250702421,2025-07-02,CUST01072,Yash Agarwal 36,West,Maharashtra,Pune,Online,Electronics,Smartphones,Samsung Galaxy M35,1,21862.47,7,20332.1,17726.5,2605.6,UPI,Delivered,5.0
NR20250400008,2025-04-28,CUST00974,Riya Das 33,Central,Madhya Pradesh,Indore,Retail Store,Furniture,Office Chairs,Green Soul Monster Chair,1,14377.1,7,13370.7,10176.33,3194.37,UPI,Delivered,4.0
NR20250503382,2025-05-24,CUST01029,Karan Malhotra 35,Central,Chhattisgarh,Raipur,Retail Store,Furniture,Tables,Conference Table 6-Seater,1,28700.43,5,27265.41,21720.1,5545.31,UPI,Delivered,5.0
NR20250803291,2025-08-24,CUST00497,Shreya Menon 17,South,Andhra Pradesh,Visakhapatnam,Online,Electronics,Smartphones,OnePlus Nord CE,3,24671.15,2,72533.18,61444.71,11088.47,UPI,Delivered,1.0
NR20251201451,2025-12-04,CUST00565,Manish Tiwari 19,East,Assam,Guwahati,Online,Accessories,Webcams,Logitech C270 Webcam,1,2630.41,9,2393.67,1767.39,626.28,Credit Card,Delivered,3.0
NR20250101202,2025-01-02,CUST00345,Rohan Kulkarni 12,East,Jharkhand,Ranchi,Retail Store,Furniture,Storage,Wooden Filing Cabinet,1,7626.15,10,6863.53,5216.58,1646.95,Credit Card,Delivered,7.0
NR20250301815,2025-03-15,CUST00294,Priya Nanda 10,East,West Bengal,Kolkata,Corporate,Electronics,Smartphones,OnePlus Nord CE,5,24746.82,9,112598.03,100574.7,12023.33,Credit Card,Delivered,4.0
NR20250400774,2025-04-25,CUST00636,Diya Shah 22,West,Goa,Goa,Retail Store,Electronics,Audio,boAt Airdopes 141,2,1386.92,2,2718.36,1956.62,761.74,Credit Card,Returned,3.0
NR20250501012,2025-05-11,CUST01099,Tanvi Deshmukh 37,South,Karnataka,Mysuru,Retail Store,Furniture,Tables,Conference Table 6-Seater,5,28354.48,15,120506.54,94374.97,26131.57,Credit Card,Delivered,2.0
NR20251004658,2025-10-16,CUST00257,Shreya Menon 9,South,Karnataka,Mysuru,Online,Office Supplies,Writing,Cello Ball Pen Pack,10,185.84,10,1672.56,1229.91,442.65,UPI,Delivered,6.0
NR20250602519,2025-06-08,CUST01035,Rohan Kulkarni 35,North,Delhi,Delhi,Online,Furniture,Tables,Conference Table 6-Seater,2,29865.42,18,48979.29,38013.45,10965.84,UPI,Delivered,4.0
NR20250701992,2025-07-18,CUST00354,Priya Nanda 12,South,Telangana,Hyderabad,Corporate,Furniture,Office Chairs,Green Soul Monster Chair,2,14443.33,5,27442.33,19643.1,7799.23,Credit Card,Delivered,3.0
NR20250701278,2025-07-24,CUST00299,Mohit Saxena 10,West,Gujarat,Surat,Corporate,Office Supplies,Stationery,Kangaro Stapler Set,2,279.46,9,508.62,362.88,145.74,Debit Card,Delivered,7.0
NR20251101784,2025-11-24,CUST00464,Riya Das 16,West,Maharashtra,Mumbai,Retail Store,Accessories,Webcams,Logitech C270 Webcam,1,2448.39,17,2032.16,1480.08,552.08,Cash,Returned,6.0
NR20251203205,2025-12-16,CUST00297,Aman Arora 10,Central,Madhya Pradesh,Gwalior,Online,Accessories,Bags,American Tourister Laptop Bag,1,2618.11,12,2303.94,1767.68,536.26,UPI,Delivered,6.0
NR20250200447,2025-02-17,CUST00023,Neha Chawla 1,East,West Bengal,Siliguri,Online,Furniture,Desks,IKEA Linnmon Desk,3,8707.18,7,24293.03,17973.41,6319.62,Debit Card,Delivered,6.0
NR20251200881,2025-12-28,CUST00641,Nikhil Patil 22,North,Rajasthan,Jaipur,Online,Electronics,Monitors,LG 24MP60G,2,12364.28,4,23739.42,19177.08,4562.34,Debit Card,Returned,8.0
NR20250104524,2025-01-14,CUST01238,Kavya Reddy 42, West ,Goa,Goa,Corporate,Electronics,Audio,boAt Airdopes 141,15,1421.4,20,17056.8,12678.12,4378.68,Net Banking,Delivered,2.0
NR20250200782,2025-02-10,CUST00162,Pooja Singh 6,South,Andhra Pradesh,Vijayawada,Online,Office Supplies,Printing,Epson 003 Ink Bottle,1,681.28,5,647.22,516.62,130.6,Debit Card,Returned,5.0
NR20250201750,2025-02-24,CUST00053,Neha Chawla 2,West,Gujarat,Surat,Retail Store,Office Supplies,Paper,JK Copier A4 Paper Ream,2,322.06,12,566.83,421.8,145.03,Debit Card,Delivered,2.0
NR20250703494,2025-07-24,CUST00122,Aditi Mehta 5,West,Gujarat,Ahmedabad,Online,Office Supplies,Printing,Epson 003 Ink Bottle,2,647.07,0,1294.14,987.93,306.21,UPI,Delivered,5.0
NR20250103793,2025-01-24,CUST00742,Yash Agarwal 25,South,Tamil Nadu,Chennai,Retail Store,Furniture,Office Chairs,Featherlite Astro Chair,3,10487.64,0,31462.92,22726.83,8736.09,Debit Card,Returned,6.0
NR20250204951,2025-02-03,CUST00676,Sakshi Jain 23,West,Gujarat,Ahmedabad,Online,Office Supplies,Files,Solo Executive File Pack,1,511.75,0,511.75,407.05,104.7,Net Banking,Delivered,7.0
NR20250904384,2025-09-20,CUST00113,Neha Chawla 4,West,Goa,Goa,Retail Store,Electronics,Smartphones,OnePlus Nord CE,2,24311.2,7,45218.83,40023.88,5194.95,Cash,Delivered,3.0
NR20250200884,2025-02-27,CUST00827,Shreya Menon 28,West,Maharashtra,Mumbai,Retail Store,Furniture,Storage,Metal Office Cabinet,4,9069.59,5,34464.44,27067.12,7397.32,Cash,Delivered,6.0
NR20250902665,2025-09-08,CUST00229,Tanvi Deshmukh 8,Central,Madhya Pradesh,Jabalpur,Retail Store,Electronics,Monitors,LG 24MP60G,1,12221.76,14,10510.71,8662.01,1848.7,UPI,Returned,
NR20250501092,2025-05-13,CUST00350,Varun Bhatia 12,West,Maharashtra,Mumbai,Retail Store,Furniture,Desks,Wooden Study Desk,1,6423.36,0,6423.36,4685.15,1738.21,Credit Card,Delivered,2.0
NR20251203786,2025-12-11,CUST00143,Neha Chawla 5,Central,Chhattisgarh,Bilaspur,Online,Furniture,Desks,Wooden Study Desk,1,6414.91,7,5965.87,4556.57,1409.3,UPI,Delivered,6.0
NR20250700532,2025-07-31,CUST00594,Priya Nanda 20,South,Karnataka,Bengaluru,Retail Store,Office Supplies,Stationery,Faber-Castell Marker Set,2,354.31,7,659.02,486.33,172.69,Credit Card,Delivered,2.0
NR20251102452,2025-11-28,CUST00293,Neha Chawla 10,South,Karnataka,Bengaluru,Online,Office Supplies,Printing,Epson 003 Ink Bottle,2,626.88,10,1128.38,912.2,216.18,UPI,Delivered,5.0
NR20250203428,2025-02-13,CUST01025,Arjun Nair 35,Central,Chhattisgarh,Raipur,Online,Electronics,Audio,JBL Tune 770NC,2,7088.0,7,13183.68,10322.96,2860.72,Credit Card,Delivered,2.0
NR20250904394,2025-09-03,CUST00161,Nikhil Patil 6,East,West Bengal,Kolkata,Retail Store,Electronics,Audio,boAt Airdopes 141,2,1401.72,9,2551.13,1918.25,632.88,UPI,Delivered,4.0
NR20250201728,2025-02-26,CUST00994,Ananya Iyer 34,West,Maharashtra,Pune,Online,Furniture,Storage,Metal Office Cabinet,1,9580.69,7,8910.04,6785.41,2124.63,UPI,Delivered,3.0
NR20251100611,2025-11-25,CUST00924,Priya Nanda 31,West,Goa,Goa,Online,Office Supplies,Printing,Epson 003 Ink Bottle,4,637.76,10,2295.94,1822.17,473.77,UPI,Delivered,3.0
NR20251100571,2025-11-08,CUST00188,Kavya Reddy 7,East,West Bengal,Kolkata,Retail Store,Electronics,Audio,boAt Airdopes 141,1,1432.03,7,1331.79,964.92,366.87,UPI,Returned,7.0
NR20251202751,2025-12-06,CUST00673,Rahul Gupta 23,South,Tamil Nadu,Chennai,Corporate,Electronics,Laptops,Acer Aspire 5,10,60172.05,21,475359.2,383629.29,91729.91,Net Banking,Delivered,7.0
NR20250304087,2025-03-28,CUST01146,Diya Shah 39,North,Uttar Pradesh,Noida,Retail Store,Accessories,Mice,Logitech M331 Mouse,2,1475.25,10,2655.45,1956.67,698.78,UPI,Delivered,2.0
NR20250800344,2025-08-20,CUST01173,Aditya Verma 40,East,West Bengal,Siliguri,Retail Store,Office Supplies,Stationery,Faber-Castell Marker Set,4,371.55,5,1411.89,1106.47,305.42,Cash,Delivered,3.0
NR20250203097,2025-02-06,CUST00176,Simran Kaur 6,West,Maharashtra,Nagpur,Retail Store,Office Supplies,Files,Solo Executive File Pack,3,497.19,5,1416.99,1077.86,339.13,Debit Card,Delivered,1.0
NR20250403596,2025-04-19,CUST00300,Sneha Pillai 10,West,Maharashtra,Pune,Online,Electronics,Audio,boAt Airdopes 141,2,1301.69,12,2290.97,1636.11,654.86,UPI,Pending,2.0
NR20250500435,2025-05-07,CUST01150,Meera Joshi 39,Central,Madhya Pradesh,Jabalpur,Retail Store,Electronics,Monitors,LG 24MP60G,1,12414.5,2,12166.21,10129.85,2036.36,UPI,Delivered,6.0
NR20250601904,2025-06-27,CUST00050,Varun Bhatia 2,Central,Madhya Pradesh,Jabalpur,Retail Store,Furniture,Desks,Wooden Study Desk,1,6383.9,18,5234.8,3661.51,1573.29,Cash,Delivered,6.0
NR20250203918,2025-02-25,CUST00611,Nikhil Patil 21,Central,Madhya Pradesh,Jabalpur,Online,Electronics,Audio,boAt Airdopes 141,1,1426.29,7,1326.45,946.52,379.93,Net Banking,Cancelled,0.0
NR20251002823,2025-10-27,CUST01222,Yash Agarwal 41,East,Bihar,Patna,Corporate,Electronics,Tablets,Lenovo Tab M11,3,18084.07,7,50454.56,42052.08,8402.48,Debit Card,Delivered,5.0
NR20251002070,2025-10-14,CUST01160,Varun Bhatia 39,East,Odisha,Bhubaneswar,Retail Store,Office Supplies,Paper,JK Copier A4 Paper Ream,5,318.82,14,1370.93,1056.17,314.76,UPI,Delivered,6.0
NR20250201538,2025-02-04,CUST00771,Vikram Sethi 26,South,Tamil Nadu,Chennai,Online,Electronics,Audio,boAt Airdopes 141,1,1381.6,9,1257.26,894.71,362.55,Credit Card,Delivered,6.0
NR20251202319,2025-12-03,CUST00182,Aditi Mehta 7,North,Punjab,Amritsar,Retail Store,Electronics,Audio,boAt Airdopes 141,1,1356.05,11,1206.88,890.39,316.49,Debit Card,Returned,3.0
NR20250802414,2025-08-06,CUST00741,Vikram Sethi 25,South,Kerala,Kochi,Online,Furniture,Desks,Wooden Study Desk,1,6492.73,0,6492.73,4740.78,1751.95,UPI,Delivered,5.0
NR20250301518,2025-03-12,CUST00730,Meera Joshi 25,South,Karnataka,Mysuru,Online,Electronics,Tablets,Lenovo Tab M11,2,17094.32,7,31795.44,26704.14,5091.3,Credit Card,Returned,12.0
NR20250600966,2025-06-13,CUST00844,Ananya Iyer 29,South,Kerala,Kochi,Online,Accessories,Bags,Skybags Casual Backpack,5,1902.33,0,9511.65,6844.31,2667.34,Debit Card,Delivered,2.0
NR20250504499,2025-05-01,CUST00362,Aditi Mehta 13,Central,Madhya Pradesh,Indore,Corporate,Accessories,Cables,Belkin USB-C Cable,10,1084.38,7,10084.73,6990.81,3093.92,UPI,Delivered,5.0
NR20251000529,2025-10-28,CUST00404,Riya Das 14,North,Uttar Pradesh,Lucknow,Corporate,Office Supplies,Stationery,Kangaro Stapler Set,10,277.68,12,2443.58,1748.82,694.76,Credit Card,Delivered,6.0
NR20251200177,2025-12-22,CUST00770,Varun Bhatia 26,East,Odisha,Bhubaneswar,Online,Electronics,Tablets,Lenovo Tab M11,1,18381.58,7,17094.87,14189.43,2905.44,UPI,Returned,8.0
NR20250703825,2025-07-08,CUST00544,Ananya Iyer 19,West,Maharashtra,Mumbai,Online,Office Supplies,Stationery,Faber-Castell Marker Set,3,345.27,2,1015.09,759.35,255.74,UPI,Returned,8.0
NR20250202618,2025-02-09,CUST00585,Rohan Kulkarni 20,South,Andhra Pradesh,Vijayawada,Retail Store,Office Supplies,Writing,Cello Ball Pen Pack,1,183.83,10,165.45,117.62,47.83,UPI,Delivered,1.0
NR20251204360,2025-12-17,CUST00894,Priya Nanda 30,West,Gujarat,Vadodara,Corporate,Electronics,Smartphones,Samsung Galaxy M35,15,22743.89,14,293396.18,260944.01,32452.17,Credit Card,Delivered,3.0
NR20250100573,2025-01-16,CUST00938,Kavya Reddy 32,North,Uttar Pradesh,Lucknow,Online,Electronics,Audio,JBL Tune 770NC,3,7473.88,7,20852.13,16205.61,4646.52,Net Banking,Delivered,5.0
NR20251202367,2025-12-10,CUST00871,Aarav Sharma 30,West,Gujarat,Ahmedabad,Online,Office Supplies,Stationery,Kangaro Stapler Set,3,278.93,14,719.64,499.26,220.38,Credit Card,Delivered,1.0
NR20250803617,2025-08-12,CUST00776,Simran Kaur 26,South,Andhra Pradesh,Visakhapatnam,Retail Store,Office Supplies,Stationery,Kangaro Stapler Set,4,274.8,5,1044.24,776.71,267.53,Cash,Delivered,5.0
NR20250602697,2025-06-29,CUST01135,Manish Tiwari 38,South,Karnataka,Bengaluru,Retail Store,Accessories,Bags,Skybags Casual Backpack,3,1953.05,10,5273.23,4140.02,1133.21,Cash,Delivered,4.0
NR20251103314,2025-11-11,CUST00094,Ananya Iyer 4,East,West Bengal,Siliguri,Online,Furniture,Office Chairs,Green Soul Monster Chair,2,14465.48,5,27484.41,20815.36,6669.05,UPI,Delivered,3.0
NR20250902659,2025-09-24,CUST01226,Simran Kaur 41,North,Uttar Pradesh,Lucknow,Retail Store,Accessories,Power Banks,Ambrane 20000mAh Power Bank,5,1774.33,2,8694.22,6405.49,2288.73,Credit Card,Delivered,1.0
NR20250302209,2025-03-26,CUST00406,Sakshi Jain 14,Central,Chhattisgarh,Bilaspur,Retail Store,Electronics,Tablets,Lenovo Tab M11,2,18023.89,18,29559.18,24833.76,4725.42,Debit Card,Delivered,6.0
NR20250503751,2025-05-25,CUST00563,Neha Chawla 19,West,Gujarat,Surat,Online,Electronics,Audio,JBL Tune 770NC,2,7433.92,9,13529.73,10335.0,3194.73,UPI,Delivered,6.0
NR20250102838,2025-01-04,CUST00664,Ananya Iyer 23,South,Andhra Pradesh,Visakhapatnam,Retail Store,Office Supplies,Stationery,Kangaro Stapler Set,2,283.34,12,498.68,366.68,132.0,UPI,Delivered,4.0
NR20250400384,2025-04-26,CUST00567,Aman Arora 19,South,Andhra Pradesh,Visakhapatnam,Online,Accessories,Webcams,Logitech C270 Webcam,1,2574.27,7,2394.07,1764.03,630.04,Credit Card,Delivered,4.0
NR20250800853,2025-08-20,CUST00514,Ananya Iyer 18,West,Maharashtra,Mumbai,Online,Office Supplies,Stationery,Kangaro Stapler Set,2,280.2,10,504.36,375.15,129.21,UPI,Pending,7.0
NR20251101881,2025-11-20,CUST01072,Yash Agarwal 36,North,Punjab,Ludhiana,Retail Store,Office Supplies,Writing,Cello Ball Pen Pack,3,176.71,12,466.51,325.9,140.61,Credit Card,Delivered,2.0
NR20251000371,2025-10-05,CUST00833,Neha Chawla 28,West,Maharashtra,Nashik,Retail Store,Electronics,Smartphones,OnePlus Nord CE,1,25747.81,10,23173.03,21217.02,1956.01,UPI,Delivered,4.0
NR20250602446,2025-06-24,CUST00188,Kavya Reddy 7,South,Karnataka,Mysuru,Corporate,Electronics,Monitors,LG 24MP60G,10,12686.15,6,119249.81,98945.43,20304.38,Credit Card,Delivered,5.0
NR20250504386,2025-05-19,CUST00567,Aman Arora 19,North,Delhi,Delhi,Online,Furniture,Office Chairs,Green Soul Monster Chair,1,14954.13,5,14206.42,10520.43,3685.99,Credit Card,Delivered,4.0
NR20250801106,2025-08-02,CUST00789,Karan Malhotra 27,East,Odisha,Bhubaneswar,Online,Furniture,Tables,Conference Table 6-Seater,2,28184.01,5,53549.62,39962.96,13586.66,Debit Card,Delivered,7.0
NR20250702647,2025-07-21,CUST01099,Tanvi Deshmukh 37,East,Odisha,Bhubaneswar,Retail Store,Office Supplies,Writing,Cello Ball Pen Pack,5,176.0,15,748.0,555.9,192.1,UPI,Delivered,5.0
NR20250104101,2025-01-31,CUST00247,Ishaan Kapoor 9,East,Odisha,Bhubaneswar,Corporate,Furniture,Desks,IKEA Linnmon Desk,5,7946.05,10,35757.22,26691.65,9065.57,Net Banking,Delivered,10.0
NR20250801337,2025-08-08,CUST01205,Arjun Nair 41,South,Tamil Nadu,Chennai,Online,Accessories,Bags,American Tourister Laptop Bag,1,2744.18,10,2469.76,1836.56,633.2,Debit Card,Delivered,3.0
NR20250902190,2025-09-11,CUST00614,Riya Das 21,South,Andhra Pradesh,Vijayawada,Corporate,Office Supplies,Paper,JK Copier A4 Paper Ream,15,324.88,5,4629.54,3584.15,1045.39,UPI,Delivered,4.0
NR20250702100,2025-07-03,CUST00264,Priya Nanda 9,North,Rajasthan,Jaipur,Online,Office Supplies,Writing,Cello Ball Pen Pack,1,184.87,10,166.38,119.86,46.52,Net Banking,Delivered,3.0
NR20250304564,2025-03-06,CUST00004,Ananya Iyer 1,South,Tamil Nadu,Coimbatore,Online,Office Supplies,Stationery,Faber-Castell Marker Set,3,368.04,5,1048.91,837.66,211.25,UPI,Delivered,2.0
NR20250604918,2025-06-10,CUST00821,Nikhil Patil 28,North,Uttarakhand,Dehradun,Online,Office Supplies,Files,Solo Executive File Pack,4,512.79,7,1907.58,1453.05,454.53,Credit Card,Delivered,4.0
NR20250703908,2025-07-07,CUST00939,Karan Malhotra 32,South,Andhra Pradesh,Visakhapatnam,Online,Furniture,Desks,Wooden Study Desk,3,6799.21,12,17949.91,13234.54,4715.37,Net Banking,Delivered,2.0
NR20251104917,2025-11-30,CUST00555,Rohan Kulkarni 19,West,Goa,Goa,Corporate,Furniture,Storage,Wooden Filing Cabinet,3,7834.59,11,20918.36,16040.53,4877.83,UPI,Delivered,4.0
NR20251001172,2025-10-17,CUST01004,Riya Das 34,Central,Madhya Pradesh,Gwalior,Corporate,Electronics,Laptops,Acer Aspire 5,3,61348.62,6,173003.11,147954.49,25048.62,UPI,Delivered,6.0
NR20250702670,2025-07-23,CUST00525,Rohan Kulkarni 18,North,Uttarakhand,Dehradun,Retail Store,Electronics,Monitors,LG 24MP60G,1,12419.36,7,11550.0,9459.57,2090.43,Debit Card,Delivered,8.0
NR20251002953,2025-10-10,CUST00269,Mohit Saxena 9,West,Maharashtra,Mumbai,Online,Office Supplies,Writing,Classmate Notebook Pack,4,451.77,7,1680.58,1233.76,446.82,Credit Card,Delivered,5.0
NR20251101423,2025-11-24,CUST00585,Rohan Kulkarni 20,East,West Bengal,Kolkata,Retail Store,Office Supplies,Files,Solo Executive File Pack,4,502.74,9,1829.97,1407.69,422.28,UPI,Delivered,3.0
NR20250702808,2025-07-13,CUST00967,Ishaan Kapoor 33,South,Karnataka,Bengaluru,Online,Furniture,Storage,Metal Office Cabinet,5,8724.56,7,40569.2,31803.13,8766.07,UPI,Returned,8.0
NR20251202729,2025-12-14,CUST00977,Shreya Menon 33,Central,Madhya Pradesh,Jabalpur,Retail Store,Furniture,Desks,Wooden Study Desk,1,6125.06,12,5390.05,4000.59,1389.46,Debit Card,Delivered,7.0
NR20250704215,2025-07-27,CUST00532,Yash Agarwal 18,North,Uttar Pradesh,Noida,Corporate,Accessories,Cables,Portronics HDMI Cable,3,659.47,15,1681.65,1188.13,493.52,Net Banking,Delivered,6.0
NR20250101465,2025-01-13,CUST01045,Manish Tiwari 35,North,Uttarakhand,Dehradun,Retail Store,Electronics,Audio,JBL Tune 770NC,3,7393.04,14,19074.04,14097.81,4976.23,UPI,Delivered,2.0
NR20250600875,2025-06-17,CUST00251,Nikhil Patil 9,South,Karnataka,Mysuru,Retail Store,Accessories,Power Banks,Ambrane 20000mAh Power Bank,1,1665.03,10,1498.53,1154.91,343.62,Debit Card,Delivered,2.0
NR20251202298,2025-12-04,CUST00347,Shreya Menon 12,West,Maharashtra,Pune,Retail Store,Furniture,Tables,Conference Table 6-Seater,3,28098.16,0,84294.48,66845.45,17449.03,Debit Card,Returned,5.0
NR20250301671,2025-03-28,CUST00156,Diya Shah 6,West,Goa,Goa,Online,Furniture,Desks,IKEA Linnmon Desk,1,8587.11,2,8415.37,6348.27,2067.1,Net Banking,Delivered,3.0
NR20251004403,2025-10-07,CUST01244,Riya Das 42,West,Gujarat,Ahmedabad,Retail Store,Furniture,Desks,IKEA Linnmon Desk,1,8770.11,5,8331.6,6432.78,1898.82,Credit Card,Delivered,5.0
NR20250501252,2025-05-25,CUST01249,,West,Gujarat,Vadodara,Online,Electronics,Audio,JBL Tune 770NC,1,7403.97,12,6515.49,4768.47,1747.02,UPI,Returned,5.0
NR20251002592,2025-10-11,CUST01118,Kavya Reddy 38,West,Maharashtra,Nashik,Retail Store,Office Supplies,Printing,Epson 003 Ink Bottle,3,640.7,7,1787.55,1398.24,389.31,Cash,Delivered,2.0
NR20250100841,2025-01-19,CUST00097,Ishaan Kapoor 4,South,Telangana,Hyderabad,Retail Store,Electronics,Cameras,Canon EOS 1500D,5,47669.33,7,221662.38,195053.47,26608.91,UPI,Delivered,4.0
NR20250803169,2025-08-09,CUST01151,Nikhil Patil 39,East,West Bengal,Siliguri,Online,Office Supplies,Files,Solo Executive File Pack,3,524.84,15,1338.34,1068.04,270.3,Debit Card,Delivered,2.0
NR20250700582,2025-07-13,CUST00136,Sakshi Jain 5,East,Odisha,Bhubaneswar,Online,Electronics,Smartphones,OnePlus Nord CE,4,26098.78,9,94999.56,83257.53,11742.03,Debit Card,Delivered,7.0
NR20250500205,2025-05-23,CUST00027,Aman Arora 1,South,Karnataka,Bengaluru,Online,Accessories,Bags,Skybags Casual Backpack,3,1860.51,5,5302.45,3894.65,1407.8,Net Banking,Delivered,5.0
NR20251201642,2025-12-04,CUST00710,Varun Bhatia 24,Central,Madhya Pradesh,Indore,Online,Office Supplies,Stationery,Faber-Castell Marker Set,4,354.46,7,1318.59,992.72,325.87,UPI,Delivered,6.0
NR20251002015,2025-10-07,CUST00902,Aditi Mehta 31,South,Karnataka,Mysuru,Online,Accessories,Cables,Belkin USB-C Cable,1,1129.46,14,971.34,697.05,274.29,UPI,Delivered,4.0
NR20251200906,2025-12-06,CUST00251,Nikhil Patil 9,West,Maharashtra,Nagpur,Retail Store,Accessories,Bags,American Tourister Laptop Bag,1,2541.12,2,2490.3,1883.48,606.82,Credit Card,Delivered,2.0
NR20250200632,2025-02-27,CUST00718,Isha Banerjee 24,South,Tamil Nadu,Chennai,Retail Store,Furniture,Desks,IKEA Linnmon Desk,2,8873.66,5,16859.95,12699.07,4160.88,Debit Card,Delivered,1.0
NR20250503193,2025-05-29,CUST00324,Priya Nanda 11,East,Jharkhand,Ranchi,Retail Store,Electronics,Monitors,LG 24MP60G,2,12581.88,7,23402.3,19072.18,4330.12,UPI,Delivered,5.0
NR20250401975,2025-04-30,CUST01019,Mohit Saxena 34,East,Jharkhand,Ranchi,Corporate,Accessories,Cables,Portronics HDMI Cable,10,652.91,4,6267.94,4379.21,1888.73,Net Banking,Delivered,5.0
NR20250900163,2025-09-05,CUST00462,Pooja Singh 16, West ,Maharashtra,Nagpur,Retail Store,Electronics,Laptops,HP 15s,1,55623.65,7,51729.99,43106.63,8623.36,UPI,Delivered,2.0
NR20251203274,2025-12-05,CUST00710,Varun Bhatia 24,South,Andhra Pradesh,Vijayawada,Online,Furniture,Office Chairs,Featherlite Astro Chair,3,10458.84,23,24159.92,17455.74,6704.18,Net Banking,Delivered,2.0
NR20251102952,2025-11-24,CUST00720,Sneha Pillai 24,South,Andhra Pradesh,Vijayawada,Retail Store,Electronics,Cameras,Canon EOS 1500D,1,46815.85,16,39325.31,34112.09,5213.22,Debit Card,Delivered,2.0
NR20250904560,2025-09-19,CUST00141,Vikram Sethi 5,West,Maharashtra,Nagpur,Retail Store,Electronics,Laptops,HP 15s,1,51874.97,10,46687.47,39407.6,7279.87,Debit Card,Cancelled,0.0
NR20251000618,2025-10-03,CUST00872,Aditi Mehta 30,West,Maharashtra,Nashik,Online,Furniture,Office Chairs,Featherlite Astro Chair,1,10402.15,5,9882.04,7069.25,2812.79,Net Banking,Cancelled,0.0
NR20250300876,2025-03-27,CUST00879,Karan Malhotra 30,North,Uttarakhand,Dehradun,Online,Office Supplies,Printing,Epson 003 Ink Bottle,3,654.09,18,1609.06,1251.08,357.98,Net Banking,Delivered,5.0
NR20250601432,2025-06-17,CUST00839,Mohit Saxena 28,Central,Madhya Pradesh,Jabalpur,Corporate,Accessories,Keyboards,Logitech K120 Keyboard,10,859.35,14,7390.41,5525.33,1865.08,Net Banking,Cancelled,0.0
NR20250500548,2025-05-09,CUST00075,Rohan Kulkarni 3,West,Maharashtra,Mumbai,Online,Electronics,Smartphones,Samsung Galaxy M35,2,22359.43,11,39799.79,36360.34,3439.45,Credit Card,Delivered,4.0
NR20251103439,2025-11-20,CUST00906,Diya Shah 31,West,Goa,Goa,Corporate,Electronics,Monitors,LG 24MP60G,3,12589.65,7,35125.12,29261.0,5864.12,Credit Card,Delivered,4.0
NR20250904611,2025-09-09,CUST00266,Simran Kaur 9,West,Maharashtra,Mumbai,Corporate,Electronics,Laptops,Acer Aspire 5,15,61121.58,16,770131.91,672159.91,97972.0,Net Banking,Delivered,6.0
NR20250604284,2025-06-04,CUST00608,Kavya Reddy 21,East,West Bengal,Kolkata,Retail Store,Electronics,Monitors,LG 24MP60G,1,12385.81,9,11271.09,9566.59,1704.5,Cash,Delivered,2.0
NR20250304971,2025-03-15,CUST00573,Aditya Verma 20,North,Uttarakhand,Dehradun,Retail Store,Electronics,Audio,boAt Airdopes 141,2,1457.22,7,2710.43,1974.18,736.25,UPI,Returned,4.0
NR20250104688,2025-01-11,CUST00221,Nikhil Patil 8,North,Delhi,Delhi,Online,Furniture,Office Chairs,Featherlite Astro Chair,1,10487.43,0,10487.43,7616.86,2870.57,UPI,Delivered,6.0
NR20250203406,2025-02-06,CUST00821,Nikhil Patil 28,South,Tamil Nadu,Coimbatore,Online,Electronics,Laptops,HP 15s,3,53184.32,9,145193.19,121459.43,23733.76,UPI,Delivered,3.0
NR20250104140,2025-01-01,CUST00040,Meera Joshi 2,Central,Madhya Pradesh,Gwalior,Online,Office Supplies,Paper, JK Copier A4 Paper Ream,8,332.78,7,2475.88,1919.88,556.0,UPI,Delivered,6.0
NR20250301862,2025-03-16,CUST00032,Aditi Mehta 2,North,Rajasthan,Jaipur,Retail Store,Electronics,Cameras,Canon EOS 1500D,3,47762.66,22,111764.62,94406.84,17357.78,UPI,Returned,7.0
NR20250500641,2025-05-31,CUST00062,Aditi Mehta 3,West,Gujarat,Surat,Retail Store,Accessories,Webcams,Logitech C270 Webcam,2,2504.48,0,5008.96,3808.46,1200.5,UPI,Delivered,3.0
NR20251203083,2025-12-15,CUST00032,Aditi Mehta 2,North,Uttar Pradesh,Lucknow,Retail Store,Office Supplies,Writing,Cello Ball Pen Pack,4,178.16,5,677.01,489.83,187.18,Debit Card,Delivered,4.0
NR20250700638,2025-07-18,CUST00147,Aman Arora 5,North,Uttarakhand,Dehradun,Online,Electronics,Monitors,LG 24MP60G,5,12477.96,20,49911.84,39449.17,10462.67,Credit Card,Delivered,5.0
NR20250203626,2025-02-07,CUST00749,Mohit Saxena 25,South,Tamil Nadu,Coimbatore,Online,Electronics,Smartphones,Samsung Galaxy M35,1,21570.28,5,20491.77,18037.06,2454.71,UPI,Returned,4.0
NR20251004029,2025-10-20,CUST01078,Isha Banerjee 36,North,Uttar Pradesh,Lucknow,Online,Office Supplies,Printing,Epson 003 Ink Bottle,1,630.06,5,598.56,463.75,134.81,UPI,Delivered,2.0
NR20250303195,2025-03-18,CUST00748,Isha Banerjee 25,Central,Madhya Pradesh,Indore,Online,Electronics,Tablets,Lenovo Tab M11,3,18643.78,12,49219.58,41163.94,8055.64,Net Banking,Returned,8.0
NR20250102097,2025-01-16,CUST00208,Isha Banerjee 7,Central,Madhya Pradesh,Bhopal,Online,Accessories,Mice,Logitech M331 Mouse,1,1515.73,0,1515.73,1092.59,423.14,Debit Card,Delivered,4.0
NR20250902551,2025-09-02,CUST00449,Mohit Saxena 15,East,Assam,Guwahati,Retail Store,Accessories,Power Banks,Ambrane 20000mAh Power Bank,2,1693.76,12,2981.02,2352.52,628.5,UPI,Delivered,4.0
NR20251004803,2025-10-30,CUST00270,Sneha Pillai 9,South,Andhra Pradesh,Visakhapatnam,Retail Store,Furniture,Office Chairs,Featherlite Astro Chair,2,10599.7,5,20139.43,14344.87,5794.56,Credit Card,Delivered,4.0
NR20250303787,2025-03-09,CUST00735,Rohan Kulkarni 25,South,Kerala,Kochi,Online,Office Supplies,Stationery,Kangaro Stapler Set,3,284.69,12,751.58,566.4,185.18,Credit Card,Delivered,4.0
NR20251102928,2025-11-24,CUST00513,Aditya Verma 18,North,Uttar Pradesh,Lucknow,Online,Furniture,Office Chairs,Green Soul Monster Chair,1,14499.37,17,12034.48,8694.27,3340.21,Credit Card,Delivered,3.0
NR20250800922,2025-08-27,CUST01086,Diya Shah 37,East,West Bengal,Siliguri,Corporate,Electronics,Monitors,LG 24MP60G,5,12488.48,22,48705.07,39614.61,9090.46,Net Banking,Delivered,5.0
NR20250300547,2025-03-15,CUST00159,Karan Malhotra 6,East,Jharkhand,Ranchi,Online,Electronics,Smartphones,Samsung Galaxy M35,1,21589.63,4,20726.04,17843.88,2882.16,UPI,Returned,7.0
NR20251203779,2025-12-20,CUST01158,Siddharth Rao 39,South,Andhra Pradesh,Vijayawada,Retail Store,Accessories,Bags,American Tourister Laptop Bag,1,2535.33,12,2231.09,1741.21,489.88,Cash,Returned,5.0
NR20250201901,2025-02-01,CUST00918,Siddharth Rao 31,South,Tamil Nadu,Chennai,Online,Furniture,Office Chairs,Featherlite Astro Chair,1,10312.84,10,9281.56,6549.77,2731.79,Net Banking,Delivered,3.0
NR20251102029,2025-11-25,CUST00948,Siddharth Rao 32,South,Karnataka,Bengaluru,Online,Electronics,Smartphones,OnePlus Nord CE,3,24986.87,9,68214.16,60746.8,7467.36,UPI,Delivered,2.0
NR20251002302,2025-10-15,CUST00024,Priya Nanda 1, East ,West Bengal,Siliguri,Online,Furniture,Office Chairs,Green Soul Monster Chair,3,14378.85,7,40116.99,28467.74,11649.25,Credit Card,Delivered,7.0
NR20250401886,2025-04-14,CUST00277,Ishaan Kapoor 10,South,Karnataka,Mysuru,Online,Office Supplies,Files,Solo Executive File Pack,5,528.95,7,2459.62,1997.7,461.92,UPI,Delivered,4.0
NR20251101643,2025-11-09,CUST00343,Rahul Gupta 12,South,Karnataka,Mysuru,Online,Accessories,Bags,Skybags Casual Backpack,1,1797.05,0,1797.05,1334.74,462.31,UPI,Delivered,4.0
NR20250303618,2025-03-21,CUST00153,Aditya Verma 6,West,Gujarat,Vadodara,Online,Electronics,Smartphones,OnePlus Nord CE ,3,25364.99,2,74573.07,64544.73,10028.34,Credit Card,Delivered,3.0
NR20250204878,2025-02-02,CUST00451,Aarav Sharma 16,East,Bihar,Patna,Online,Office Supplies,Printing,HP 805 Ink Cartridge,2,1243.66,7,2313.21,1909.73,403.48,UPI,Delivered,6.0
NR20250702098,2025-07-31,CUST00457,Ishaan Kapoor 16,West,Gujarat,Surat,Online,Electronics,Monitors,LG 24MP60G,2,11906.54,22,18574.2,15012.96,3561.24,Credit Card,Delivered,3.0
NR20250104420,2025-01-27,CUST00833,Neha Chawla 28,West,Maharashtra,Nagpur,Retail Store,Accessories,Bags,American Tourister Laptop Bag,2,2600.21,10,4680.38,3602.74,1077.64,Credit Card,Delivered,1.0
NR20250904699,2025-09-17,CUST00436,Sakshi Jain 15,North,Punjab,Ludhiana,Retail Store,Office Supplies,Files,Solo Executive File Pack,2,532.39,10,958.3,746.45,211.85,Debit Card,Delivered,3.0
NR20251204559,2025-12-05,CUST00336,Diya Shah 12,East,Odisha,Bhubaneswar,Corporate,Office Supplies,Printing,HP 805 Ink Cartridge,5,1256.67,5,5969.18,4919.48,1049.7,Debit Card,Delivered,3.0
NR20250503586,2025-05-22,CUST00648,Siddharth Rao 22,East,Bihar,Patna,Online,Accessories,Bags,Skybags Casual Backpack,5,1930.2,12,8492.88,6255.2,2237.68,Debit Card,Delivered,5.0
NR20251000837,2025-10-07,CUST00023,Neha Chawla 1,West,Maharashtra,Nashik,Online,Furniture,Office Chairs,Green Soul Monster Chair,4,15030.21,12,52906.34,39179.12,13727.22,Net Banking,Delivered,3.0
NR20250900602,2025-09-28,CUST00862,Yash Agarwal 29,South,Kerala,Kochi,Retail Store,Accessories,Bags,American Tourister Laptop Bag,1,2548.76,5,2421.32,1815.3,606.02,Debit Card,Delivered,4.0
NR20250302185,2025-03-01,CUST00535,Manish Tiwari 18,North,Uttar Pradesh,Noida,Online,Office Supplies,Writing,Cello Ball Pen Pack,2,173.9,5,330.41,236.26,94.15,UPI,Delivered,7.0
NR20250303983,2025-03-15,CUST00669,Karan Malhotra 23,South,Andhra Pradesh,Vijayawada,Retail Store,Accessories,Cables,Belkin USB-C Cable,2,1147.82,12,2020.16,1386.92,633.24,Debit Card,Delivered,3.0
NR20250602553,2025-06-20,CUST01136,Simran Kaur 38,East,West Bengal,Siliguri,Retail Store,Electronics,Monitors,LG 24MP60G,1,12581.51,14,10820.1,8537.21,2282.89,Cash,Delivered,3.0
NR20250204370,2025-02-21,CUST00562,Yash Agarwal 19,South,Andhra Pradesh,Vijayawada,Corporate,Accessories,Cables,Belkin USB-C Cable,3,1098.21,12,2899.27,2094.17,805.1,UPI,Delivered,5.0
NR20250301583,2025-03-03,CUST01017,Aman Arora 34,North,Punjab,Ludhiana,Online,Office Supplies,Paper,JK Copier A4 Paper Ream,4,320.67,7,1192.89,938.98,253.91,UPI,Delivered,2.0
NR20250304329,2025-03-28,CUST00436,Sakshi Jain 15,West,Maharashtra,Mumbai,Online,Accessories,Power Banks,Ambrane 20000mAh Power Bank,3,1706.53,5,4863.61,3864.23,999.38,Credit Card,Delivered,3.0
NR20250102608,2025-01-08,CUST00763,Rahul Gupta 26,North,Uttar Pradesh,Noida,Online,Electronics,Audio,JBL Tune 770NC,2,7129.34,2,13973.51,10256.35,3717.16,UPI,Delivered,2.0
NR20250802806,2025-08-26,CUST01183,Rahul Gupta 40,East,Assam,Guwahati,Online,Accessories,Mice,Logitech M331 Mouse,1,1444.8,0,1444.8,1002.84,441.96,Debit Card,Delivered,5.0
NR20250901071,2025-09-10,CUST01134,Priya Nanda 38,South,Kerala,Kochi,Online,Furniture,Desks,Wooden Study Desk,3,6523.36,5,18591.58,13676.46,4915.12,UPI,Cancelled,0.0
NR20251101776,2025-11-10,CUST00800,Varun Bhatia 27,North,Uttar Pradesh,Noida,Corporate,Electronics,Cameras,Canon EOS 1500D,5,43244.67,19,175140.91,148846.1,26294.81,Credit Card,Delivered,2.0
NR20251004877,2025-10-14,CUST00901,Aarav Sharma 31,West,Maharashtra,Nashik,Online,Office Supplies,Printing,HP 805 Ink Cartridge,2,1264.62,7,2352.19,1915.22,436.97,Credit Card,Delivered,2.0
NR20250501284,2025-05-08,CUST00016,Sakshi Jain 1,East,West Bengal,Kolkata,Retail Store,Office Supplies,Writing,Cello Ball Pen Pack,8,176.21,12,1240.52,845.33,395.19,Credit Card,Delivered,6.0
NR20250603149,2025-06-04,CUST01222,Yash Agarwal 41,North,Punjab,Amritsar,Retail Store,Furniture,Office Chairs,Featherlite Astro Chair,2,10130.52,5,19247.99,13523.78,5724.21,UPI,Delivered,3.0
NR20251104822,2025-11-22,CUST00916,Sakshi Jain 31,West,Maharashtra,Nashik,Retail Store,Accessories,Webcams,Logitech C270 Webcam,2,2552.36,23,3930.63,2979.09,951.54,Debit Card,Delivered,3.0
NR20251001837,2025-10-02,CUST00466,Sakshi Jain 16,West,Gujarat,Ahmedabad,Online,Office Supplies,Files,Solo Executive File Pack,3,531.76,10,1435.75,1100.39,335.36,UPI,Delivered,1.0
NR20250804304,2025-08-23,CUST01125,Rohan Kulkarni 38,Central,Madhya Pradesh,Indore,Retail Store,Accessories,Mice,Logitech M331 Mouse,1,1454.59,10,1309.13,933.16,375.97,Debit Card,Delivered,3.0
NR20250801020,2025-08-03,CUST00913,Rahul Gupta 31,South,Karnataka,Bengaluru,Online,Electronics,Smartphones,OnePlus Nord CE,1,25629.91,7,23835.82,20497.15,3338.67,Credit Card,Delivered,4.0
NR20251003308,2025-10-21,CUST00580,Meera Joshi 20,North,Uttarakhand,Dehradun,Online,Office Supplies,Writing,Cello Ball Pen Pack,8,175.98,7,1309.29,958.76,350.53,Debit Card,Delivered,3.0
NR20250801327,2025-08-26,CUST01089,Karan Malhotra 37,South,Tamil Nadu,Coimbatore,Retail Store,Accessories,Mice,Logitech M331 Mouse,5,1433.65,10,6451.43,4637.61,1813.82,Cash,Cancelled,0.0
NR20250200476,2025-02-01,CUST00872,Aditi Mehta 30,South,Telangana,Hyderabad,Online,Electronics,Laptops,HP 15s,1,54592.61,2,53500.76,45955.41,7545.35,Credit Card,Delivered,3.0
NR20250403555,2025-04-26,CUST00813,Aditya Verma 28,North,Rajasthan,Jaipur,Online,Accessories,Webcams,Logitech C270 Webcam,5,2526.49,7,11748.18,8739.39,3008.79,Credit Card,Returned,7.0
NR20250601652,2025-06-26,CUST00949,Tanvi Deshmukh 32,East,Bihar,Patna,Corporate,Accessories,Cables,Belkin USB-C Cable,2,1119.58,5,2127.2,1505.63,621.57,Net Banking,Delivered,4.0
NR20251004713,2025-10-29,CUST00248,Kavya Reddy 9,North,Rajasthan,Jaipur,Retail Store,Electronics,Laptops,HP 15s,1,53819.15,15,45746.28,39344.7,6401.58,Debit Card,Delivered,3.0
NR20250204348,2025-02-25,CUST00665,Arjun Nair 23,South,Telangana,Hyderabad,Retail Store,Office Supplies,Writing,Cello Ball Pen Pack,2,177.96,5,338.12,238.94,99.18,UPI,Delivered,5.0
NR20250602687,2025-06-26,CUST00847,Ishaan Kapoor 29,West,Gujarat,Vadodara,Online,Office Supplies,Files,Solo Executive File Pack,3,518.41,5,1477.47,1168.65,308.82,Net Banking,Delivered,3.0
NR20250902548,2025-09-07,CUST00420,Sneha Pillai 14,West,Maharashtra,Nashik,Online,Furniture,Storage,Metal Office Cabinet,2,9341.25,10,16814.25,12149.74,4664.51,UPI,Delivered,5.0
NR20250602660,2025-06-19,CUST00455,Arjun Nair 16,East,Jharkhand,Ranchi,Retail Store,Electronics,Laptops,HP 15s,1,51929.11,20,41543.29,34314.94,7228.35,UPI,Delivered,3.0
NR20251101374,2025-11-26,CUST00250,Meera Joshi 9,North,Rajasthan,Jaipur,Retail Store,Office Supplies,Files,Solo Executive File Pack,2,507.17,12,892.62,669.1,223.52,Cash,Delivered,7.0
NR20250400740,2025-04-27,CUST00625,Manish Tiwari 21,North,Delhi,Delhi,Online,Electronics,Audio,boAt Airdopes 141,1,1403.99,17,1165.31,828.76,336.55,Credit Card,Delivered,5.0
NR20250604670,2025-06-10,CUST00845,Arjun Nair 29,Central,Chhattisgarh,Raipur,Online,Accessories,Keyboards,Logitech K120 Keyboard,1,810.65,7,753.9,531.46,222.44,UPI,Delivered,5.0
NR20250602510,2025-06-07,CUST00280,Meera Joshi 10,East,Odisha,Bhubaneswar,Retail Store,Electronics,Tablets,Lenovo Tab M11,2,17892.63,2,35069.55,28454.29,6615.26,Debit Card,Delivered,4.0
NR20250400868,2025-04-14,CUST00921,Vikram Sethi 31,South,Andhra Pradesh,Visakhapatnam,Online,Electronics,Audio,boAt Airdopes 141,2,1383.21,12,2434.45,1800.31,634.14,UPI,Delivered,4.0
NR20250301141,2025-03-12,CUST00641,Nikhil Patil 22,Central,Madhya Pradesh,Gwalior,Retail Store,Accessories,Cables,Portronics HDMI Cable,2,663.3,12,1167.41,791.17,376.24,Cash,Delivered,6.0
NR20250800998,2025-08-05,CUST00825,Rohan Kulkarni 28,East,West Bengal,Siliguri,Retail Store,Furniture,Storage,Metal Office Cabinet,1,9323.47,10,8391.12,6482.34,1908.78,Credit Card,Delivered,2.0
NR20250301338,2025-03-13,CUST00632,Aditi Mehta 22,Central,Madhya Pradesh,Gwalior,Corporate,Office Supplies,Printing,Epson 003 Ink Bottle,8,643.14,14,4424.8,3521.34,903.46,Net Banking,Delivered,7.0
NR20250900542,2025-09-05,CUST00865,Manish Tiwari 29,South,Karnataka,Mysuru,Corporate,Furniture,Office Chairs,Green Soul Monster Chair,3,14309.73,7,39924.15,28191.16,11732.99,Debit Card,Delivered,4.0
NR20250901100,2025-09-13,CUST00443,Neha Chawla 15,North,Uttar Pradesh,Lucknow,Online,Furniture,Tables,Conference Table 6-Seater,1,27069.85,2,26528.45,20952.24,5576.21,Net Banking,Returned,5.0
NR20251001133,2025-10-09,CUST00953,Neha Chawla 32,South,Kerala,Kochi,Online,Furniture,Tables,Conference Table 6-Seater,1,27743.95,12,24414.68,19288.62,5126.06,Credit Card,Delivered,3.0
NR20251104921,2025-11-09,CUST00803,Neha Chawla 27,Central,Madhya Pradesh,Gwalior,Retail Store,Electronics,Laptops,Acer Aspire 5,1,62607.36,18,51338.04,43643.94,7694.1,Credit Card,Delivered,3.0
NR20250603572,2025-06-20,CUST00030,Sneha Pillai 1,North,Delhi,Delhi,Online,Electronics,Cameras,Canon EOS 1500D,1,46301.23,16,38893.03,34086.05,4806.98,UPI,Delivered,5.0
NR20250902259,2025-09-15,CUST00043,Rahul Gupta 2,South,Telangana,Hyderabad,Retail Store,Furniture,Storage,Metal Office Cabinet,2,9603.33,5,18246.33,13749.79,4496.54,Cash,Delivered,4.0
NR20250504103,2025-05-29,CUST01083,Aditya Verma 37,South,Tamil Nadu,Chennai,Retail Store,Electronics,Cameras,Canon EOS 1500D,3,44992.27,17,112030.75,96357.49,15673.26,Credit Card,Delivered,3.0
NR20250700060,2025-07-03,CUST00570,Sneha Pillai 19,West,Maharashtra,Nashik,Retail Store,Office Supplies,Paper,JK Copier A4 Paper Ream,8,313.98,12,2210.42,1715.0,495.42,Cash,Delivered,6.0
NR20251202973,2025-12-01,CUST00431,Nikhil Patil 15,East,Jharkhand,Ranchi,Online,Electronics,Audio,boAt Airdopes 141,1,1431.52,9,1302.68,956.0,346.68,UPI,Delivered,4.0
NR20250701939,2025-07-16,CUST00549,Karan Malhotra 19,West,Gujarat,Ahmedabad,Online,Office Supplies,Files,Solo Executive File Pack,2,515.25,10,927.45,708.85,218.6,UPI,Cancelled,0.0
NR20250303222,2025-03-10,CUST00080,Varun Bhatia 3,West,Gujarat,Vadodara,Corporate,Electronics,Audio,JBL Tune 770NC,15,7060.64,9,96377.74,73230.63,23147.11,Credit Card,Delivered,4.0
NR20250400107,2025-04-11,CUST01076,Simran Kaur 36,North,Rajasthan,Jaipur,Online,Furniture,Office Chairs,Green Soul Monster Chair,2,15224.1,5,28925.79,21080.47,7845.32,UPI,Delivered,5.0
NR20250401079,2025-04-18,CUST01204,Ananya Iyer 41,North,Punjab,Ludhiana,Online,Accessories,Keyboards,Logitech K120 Keyboard,3,878.15,12,2318.32,1612.33,705.99,UPI,Delivered,2.0
NR20251103009,2025-11-30,CUST00839,Mohit Saxena 28,East,Jharkhand,Ranchi,Retail Store,Accessories,Cables,Portronics HDMI Cable,2,679.9,15,1155.83,793.15,362.68,Debit Card,Delivered,3.0
NR20251003228,2025-10-20,CUST00323,Neha Chawla 11,South,Tamil Nadu,Coimbatore,Retail Store,Accessories,Cables,Portronics HDMI Cable,1,644.64,10,580.18,409.34,170.84,Credit Card,Delivered,3.0
NR20250802560,2025-08-07,CUST00932,Aditi Mehta 32,West,Maharashtra,Mumbai,Retail Store,Office Supplies,Files,Solo Executive File Pack,1,496.54,7,461.78,352.15,109.63,UPI,Delivered,3.0
NR20250400941,2025-04-09,CUST00985,Manish Tiwari 33,North,Rajasthan,Jaipur,Online,Accessories,Power Banks,Ambrane 20000mAh Power Bank,1,1712.51,18,1404.26,1041.79,362.47,UPI,Delivered,3.0
NR20251101081,2025-11-21,CUST00127,Ishaan Kapoor 5,West,Gujarat,Vadodara,Online,Electronics,Audio,boAt Airdopes 141,1,1398.79,12,1230.94,906.87,324.07,Debit Card,Delivered,6.0
NR20251100188,2025-11-29,CUST01094,Riya Das 37,Central,Chhattisgarh,Raipur,Online,Accessories,Bags,American Tourister Laptop Bag,1,2643.18,12,2326.0,1748.18,577.82,Credit Card,Delivered,3.0
NR20251202955,2025-12-15,CUST00154,Ananya Iyer 6,North,Rajasthan,Jaipur,Corporate,Office Supplies,Printing,Epson 003 Ink Bottle,15,647.33,12,8544.76,6912.63,1632.13,Credit Card,Delivered,5.0
NR20250302086,2025-03-18,CUST00543,Aditya Verma 19,North,Rajasthan,Jaipur,Online,Office Supplies,Writing,Classmate Notebook Pack,1,453.66,12,399.22,288.68,110.54,UPI,Returned,7.0
NR20250502250,2025-05-27,CUST00206,Simran Kaur 7,North,Delhi,Delhi,Online,Electronics,Laptops,Acer Aspire 5,1,62942.26,2,61683.41,54436.92,7246.49,Net Banking,Delivered,2.0
NR20251002684,2025-10-08,CUST00488,Kavya Reddy 17,Central,Madhya Pradesh,Gwalior,Retail Store,Furniture,Tables,Conference Table 6-Seater,1,29230.3,7,27184.18,21174.55,6009.63,UPI,Delivered,3.0
NR20250204960,2025-02-18,CUST00190,Meera Joshi 7,North,Delhi,Delhi,Online,Office Supplies,Writing,Classmate Notebook Pack,5,459.93,2,2253.66,1726.06,527.6,UPI,Delivered,5.0
NR20250902024,2025-09-24,CUST00962,Aditi Mehta 33,East,Odisha,Bhubaneswar,Online,Accessories,Webcams,Logitech C270 Webcam,3,2447.39,15,6240.84,4799.69,1441.15,UPI,Cancelled,0.0
NR20250804013,2025-08-04,CUST00237,Aman Arora 8,East,Odisha,Bhubaneswar,Online,Furniture,Desks,IKEA Linnmon Desk,2,8337.79,7,15508.29,11379.78,4128.51,UPI,Delivered,4.0
NR20250601493,2025-06-26,CUST00036,Diya Shah 2,South,Andhra Pradesh,Visakhapatnam,Retail Store,Furniture,Desks,IKEA Linnmon Desk,2,8447.09,10,15204.76,11377.56,3827.2,Cash,Delivered,3.0
NR20251203719,2025-12-21,CUST00488,Kavya Reddy 17,South,Andhra Pradesh,Visakhapatnam,Corporate,Office Supplies,Writing,Classmate Notebook Pack,2,439.9,12,774.22,594.39,179.83,Net Banking,Delivered,
NR20251100227,2025-11-03,CUST00407,Shreya Menon 14,South,Karnataka,Bengaluru,Retail Store,Electronics,Laptops,Acer Aspire 5,2,60878.98,7,113234.9,96792.4,16442.5,Cash,Delivered,1.0
NR20251003407,2025-10-03,CUST00555,Rohan Kulkarni 19,West,Maharashtra,Mumbai,Online,Office Supplies,Files,Solo Executive File Pack,2,526.42,17,873.86,679.41,194.45,Net Banking,Delivered,3.0
NR20251001930,2025-10-31,CUST00969,Karan Malhotra 33,West,Maharashtra,Nashik,Retail Store,Electronics,Tablets,Lenovo Tab M11,1,17541.75,13,15261.32,12905.66,2355.66,Credit Card,Delivered,4.0
NR20250103155,2025-01-10,CUST00534,Priya Nanda 18,West,Gujarat,Surat,Online,Office Supplies,Printing,Epson 003 Ink Bottle,5,598.36,5,2842.21,2233.36,608.85,Credit Card,Delivered,5.0
NR20250604554,2025-06-02,CUST00300,Sneha Pillai 10,South,Karnataka,Mysuru,Online,Furniture,Desks,IKEA Linnmon Desk,1,8609.97,0,8609.97,6500.7,2109.27,Debit Card,Delivered,2.0
NR20250701405,2025-07-30,CUST00893,Neha Chawla 30,Central,Chhattisgarh,Raipur,Retail Store,Electronics,Smartphones,Samsung Galaxy M35,3,20819.96,0,62459.88,56643.96,5815.92,Credit Card,Delivered,2.0
NR20251102180,2025-11-02,CUST00032,Aditi Mehta 2,South,Kerala,Kochi,Online,Office Supplies,Writing,Cello Ball Pen Pack,3,186.2,7,519.5,377.43,142.07,Net Banking,Delivered,1.0
NR20250100698,2025-01-27,CUST00373,Rahul Gupta 13,South,Andhra Pradesh,Vijayawada,Corporate,Accessories,Cables,Portronics HDMI Cable,15,644.36,15,8215.59,5697.05,2518.54,Net Banking,Returned,5.0
NR20251101125,2025-11-28,CUST00533,Neha Chawla 18,North,Uttar Pradesh,Noida,Corporate,Electronics,Audio,boAt Airdopes 141,8,1299.79,25,7798.74,5705.58,2093.16,Net Banking,Delivered,6.0
NR20250702881,2025-07-26,CUST00861,Vikram Sethi 29,Central,Madhya Pradesh,Jabalpur,Online,Office Supplies,Paper,JK Copier A4 Paper Ream,3,308.68,5,879.74,686.12,193.62,UPI,Delivered,6.0
NR20250404760,2025-04-10,CUST01180,Meera Joshi 40,South,Telangana,Hyderabad,Online,Accessories,Bags,Skybags Casual Backpack,1,1909.48,5,1814.01,1307.72,506.29,UPI,Returned,7.0
NR20251001779,2025-10-04,CUST00292,Yash Agarwal 10,West,Gujarat,Vadodara,Online,Office Supplies,Paper,JK Copier A4 Paper Ream,5,323.45,14,1390.84,1080.87,309.97,UPI,Delivered,5.0
NR20250102946,2025-01-02,CUST00590,Varun Bhatia 20,West,Maharashtra,Mumbai,Online,Furniture,Office Chairs,Featherlite Astro Chair,1,10638.72,10,9574.85,6767.08,2807.77,Debit Card,Delivered,1.0
NR20250101038,2025-01-17,CUST00529,Tanvi Deshmukh 18,East,West Bengal,Siliguri,Retail Store,Office Supplies,Writing,Cello Ball Pen Pack,5,184.57,10,830.56,612.12,218.44,Credit Card,Delivered,4.0
NR20251204295,2025-12-22,CUST00896,Simran Kaur 30,West,Goa,Goa,Retail Store,Electronics,Cameras,Canon EOS 1500D,1,48660.36,17,40388.1,34747.02,5641.08,UPI,Delivered,5.0
NR20250302257,2025-03-06,CUST00770,Varun Bhatia 26,West,Goa,Goa,Retail Store,Accessories,Webcams,Logitech C270 Webcam,2,2513.05,10,4523.49,3388.34,1135.15,Debit Card,Delivered,1.0
NR20250600314,2025-06-24,CUST00772,Yash Agarwal 26,North,Uttar Pradesh,Lucknow,Retail Store,Electronics,Tablets,Lenovo Tab M11,1,17975.04,2,17615.54,14663.75,2951.79,UPI,Delivered,2.0
NR20251202282,2025-12-21,CUST01186,Sakshi Jain 40,West,Gujarat,Vadodara,Retail Store,Electronics,Laptops,HP 15s,2,52281.58,9,95152.48,80151.42,15001.06,UPI,Delivered,6.0
NR20251001417,2025-10-29,CUST00715,Manish Tiwari 24,West,Goa,Goa,Retail Store,Office Supplies,Printing,HP 805 Ink Cartridge,3,1298.07,9,3543.73,2952.84,590.89,Debit Card,Returned,9.0
NR20251101037,2025-11-01,CUST00949,Tanvi Deshmukh 32,South,Tamil Nadu,Chennai,Retail Store,Furniture,Desks,IKEA Linnmon Desk,2,8158.7,5,15501.53,11628.8,3872.73,UPI,Delivered,5.0
NR20251102160,2025-11-29,CUST00775,Manish Tiwari 26,East,Assam,Guwahati,Corporate,Electronics,Tablets,Lenovo Tab M11,20,17548.87,14,301840.56,250583.56,51257.0,UPI,Delivered,6.0
NR20251004223,2025-10-22,CUST00576,Diya Shah 20,South,Karnataka,Bengaluru,Corporate,Office Supplies,Writing,Cello Ball Pen Pack,2,191.88,19,310.85,218.89,91.96,UPI,Delivered,6.0
NR20250501755,2025-05-30,CUST00989,Mohit Saxena 33,Central,Madhya Pradesh,Gwalior,Online,Electronics,Smartphones,Samsung Galaxy M35,1,22713.26,9,20669.07,17884.43,2784.64,Credit Card,Delivered,6.0
NR20250104607,2025-01-20,CUST01101,Vikram Sethi 37,East,Bihar,Patna,Online,Electronics,Audio,boAt Airdopes 141,1,1365.05,9,1242.2,917.44,324.76,UPI,Cancelled,0.0
NR20250104255,2025-01-26,CUST00668,Kavya Reddy 23,West,Maharashtra,Nashik,Online,Furniture,Office Chairs,Green Soul Monster Chair,1,14043.7,5,13341.51,9758.58,3582.93,UPI,Delivered,3.0
NR20250404898,2025-04-21,CUST01021,Aarav Sharma 35,West,Goa,Goa,Online,Office Supplies,Writing,Classmate Notebook Pack,4,451.92,12,1590.76,1202.8,387.96,UPI,Delivered,5.0
NR20250603310,2025-06-17,CUST01019,Mohit Saxena 34,South,Telangana,Hyderabad,Retail Store,Accessories,Power Banks,Ambrane 20000mAh Power Bank,2,1595.99,12,2808.94,2152.87,656.07,UPI,Delivered,4.0
NR20250404597,2025-04-02,CUST00217,Ishaan Kapoor 8,North,Punjab,Ludhiana,Online,Office Supplies,Files,Solo Executive File Pack,10,509.08,10,4581.72,3552.09,1029.63,UPI,Delivered,2.0
NR20250503537,2025-05-26,CUST00873,Aditya Verma 30,East,West Bengal,Kolkata,Corporate,Furniture,Office Chairs,Featherlite Astro Chair,2,10618.44,4,20387.4,14606.02,5781.38,Debit Card,Delivered,6.0
NR20250701507,2025-07-30,CUST01240,Meera Joshi 42,West,Gujarat,Vadodara,Online,Electronics,Audio,boAt Airdopes 141,2,1412.37,7,2627.01,1868.1,758.91,UPI,Delivered,2.0
NR20250801924,2025-08-22,CUST01075,Manish Tiwari 36,South,Karnataka,Mysuru,Retail Store,Furniture,Storage,Metal Office Cabinet,1,9347.29,7,8692.98,6412.05,2280.93,Credit Card,Delivered,3.0
NR20251000449,2025-10-11,CUST00144,Priya Nanda 5,South,Karnataka,Mysuru,Retail Store,Accessories,Bags,Skybags Casual Backpack,2,1999.63,12,3519.35,2524.2,995.15,UPI,Pending,5.0
NR20250802513,2025-08-10,CUST01000,Meera Joshi 34,West,Gujarat,Ahmedabad,Retail Store,Furniture,Desks,Wooden Study Desk,1,6483.34,12,5705.34,4243.83,1461.51,Debit Card,Delivered,5.0
NR20250402601,2025-04-15,CUST00818,Kavya Reddy 28,West,Gujarat,Vadodara,Online,Accessories,Mice,Logitech M331 Mouse,2,1455.13,0,2910.26,2133.2,777.06,Net Banking,Delivered,5.0
NR20250904967,2025-09-11,CUST01057,Ishaan Kapoor 36,East,Assam,Guwahati,Online,Electronics,Cameras,Canon EOS 1500D,1,47200.11,17,39176.09,34105.68,5070.41,Credit Card,Delivered,7.0
NR20250502639,2025-05-18,CUST00105,Rohan Kulkarni 4,South,Kerala,Kochi,Retail Store,Electronics,Monitors,LG 24MP60G,3,12751.02,7,35575.35,29712.98,5862.37,UPI,Delivered,4.0
NR20250100362,2025-01-11,CUST00420,Sneha Pillai 14,North,Punjab,Amritsar,Online,Furniture,Office Chairs,Green Soul Monster Chair,4,14610.44,7,54350.84,40987.26,13363.58,UPI,Delivered,4.0
NR20250902184,2025-09-22,CUST00757,Ishaan Kapoor 26,North,Punjab,Amritsar,Online,Electronics,Cameras,Canon EOS 1500D,2,46050.52,12,81048.92,68887.9,12161.02,Net Banking,Delivered,3.0
NR20251101135,2025-11-30,CUST00575,Arjun Nair 20,North,Delhi,Delhi,Online,Electronics,Smartphones,OnePlus Nord CE,2,25908.77,19,41972.21,37934.68,4037.53,UPI,Delivered,3.0
NR20250903998,2025-09-21,CUST00670,Meera Joshi 23,East,Odisha,Bhubaneswar,Corporate,Furniture,Office Chairs,Green Soul Monster Chair,10,14775.65,17,122637.89,89343.4,33294.49,UPI,Delivered,4.0
NR20250102156,2025-01-01,CUST00547,Ishaan Kapoor 19,South,Karnataka,Bengaluru,Online,Electronics,Tablets,Lenovo Tab M11,1,17621.14,0,17621.14,15081.51,2539.63,Net Banking,Delivered,4.0
NR20251201831,2025-12-26,CUST01238,Kavya Reddy 42,West,Maharashtra,Nashik,Retail Store,Furniture,Office Chairs,Featherlite Astro Chair,2,10077.27,15,17131.36,11419.66,5711.7,Debit Card,Delivered,3.0
NR20250501054,2025-05-30,CUST00332,Aditi Mehta 12,East,Odisha,Bhubaneswar,Retail Store,Accessories,Bags,American Tourister Laptop Bag,1,2761.14,2,2705.92,1952.0,753.92,Debit Card,Delivered,3.0
NR20250902461,2025-09-07,CUST00948,Siddharth Rao 32,Central,Madhya Pradesh,Indore,Online,Office Supplies,Files,Solo Executive File Pack,5,533.62,5,2534.69,2018.61,516.08,Debit Card,Delivered,5.0
NR20250400023,2025-04-11,CUST01201,Aarav Sharma 41,South,Telangana,Hyderabad,Online,Furniture,Storage,Metal Office Cabinet,1,9499.01,15,8074.16,5884.6,2189.56,Credit Card,Delivered,4.0
NR20250902067,2025-09-03,CUST00890,Varun Bhatia 30,South,Karnataka,Bengaluru,Online,Furniture,Tables,Conference Table 6-Seater,1,29685.57,10,26717.01,21924.21,4792.8,Debit Card,Delivered,5.0
NR20250701654,2025-07-10,CUST00056,Simran Kaur 2,South,Kerala,Kochi,Retail Store,Office Supplies,Files,Solo Executive File Pack,8,525.04,12,3696.28,2897.62,798.66,Credit Card,Delivered,4.0
NR20250102664,2025-01-04,CUST00134,Riya Das 5,West,Goa,Goa,Corporate,Office Supplies,Writing,Cello Ball Pen Pack,15,178.28,15,2273.07,1613.1,659.97,Credit Card,Delivered,3.0
NR20250903313,2025-09-10,CUST00405,Rohan Kulkarni 14,South,Karnataka,Mysuru,Retail Store,Accessories,Bags,American Tourister Laptop Bag,1,2692.01,5,2557.41,1929.13,628.28,Debit Card,Delivered,2.0
NR20251202883,2025-12-17,CUST00192,Pooja Singh 7,South,Kerala,Kochi,Online,Office Supplies,Stationery,Kangaro Stapler Set,4,284.24,15,966.42,711.65,254.77,Credit Card,Delivered,5.0
NR20251104128,2025-11-10,CUST00576,Diya Shah 20,East,Bihar,Patna,Online,Electronics,Smartphones,Samsung Galaxy M35,4,21800.49,11,77609.74,67731.59,9878.15,Credit Card,Delivered,2.0
NR20250802469,2025-08-15,CUST01140,Sneha Pillai 38,East,Bihar,Patna,Online,Electronics,Cameras,Canon EOS 1500D,1,45238.3,2,44333.53,39474.25,4859.28,UPI,Delivered,6.0
NR20250502326,2025-05-14,CUST00689,Mohit Saxena 23,South,Tamil Nadu,Chennai,Online,Office Supplies,Stationery,Faber-Castell Marker Set,1,368.98,12,324.7,252.75,71.95,Credit Card,Delivered,3.0
NR20250200461,2025-02-26,CUST00216,Diya Shah 8,West,Maharashtra,Nashik,Online,Electronics,Audio,boAt Airdopes 141,1,1369.46,10,1232.51,911.81,320.7,Credit Card,Delivered,3.0
NR20250401068,2025-04-08,CUST00483,Aditya Verma 17,SOUTH,Tamil Nadu,Chennai,Online,Office Supplies,Printing,Epson 003 Ink Bottle,8,618.16,5,4698.02,3880.28,817.74,Debit Card,Delivered,5.0
NR20251200088,2025-12-25,CUST00618,Siddharth Rao 21,East,Bihar,Patna,Corporate,Furniture,Desks,IKEA Linnmon Desk,10,8505.65,5,80803.68,58745.43,22058.25,Credit Card,Delivered,8.0
NR20250701431,2025-07-30,CUST00235,Manish Tiwari 8,North,Uttarakhand,Dehradun,Online,Accessories,Cables,Belkin USB-C Cable,2,1097.3,15,1865.41,1329.39,536.02,UPI,Delivered,6.0
NR20250204459,2025-02-19,CUST00789,Karan Malhotra 27,South,Kerala,Kochi,Corporate,Electronics,Cameras,Canon EOS 1500D,3,43968.31,12,116076.34,99596.17,16480.17,Net Banking,Delivered,6.0
NR20250300283,2025-03-30,CUST00149,Mohit Saxena 5,East,Odisha,Bhubaneswar,Retail Store,Electronics,Audio,JBL Tune 770NC,3,7253.3,9,19801.51,14783.85,5017.66,Credit Card,Delivered,5.0
NR20250302484,2025-03-14,CUST00214,Ananya Iyer 8,South,Tamil Nadu,Coimbatore,Retail Store,Electronics,Smartphones,OnePlus Nord CE,3,24595.12,14,63455.41,58012.92,5442.49,Debit Card,Delivered,3.0
NR20251000463,2025-10-25,CUST00811,Aarav Sharma 28,East,Jharkhand,Ranchi,Online,Accessories,Cables,Portronics HDMI Cable,1,652.65,9,593.91,408.65,185.26,Credit Card,Delivered,5.0
NR20251100213,2025-11-28,CUST00811,Aarav Sharma 28,North,Uttarakhand,Dehradun,Retail Store,Office Supplies,Printing,HP 805 Ink Cartridge,4,1256.58,5,4775.0,3796.57,978.43,Credit Card,Delivered,8.0
NR20250602571,2025-06-06,CUST00894,Priya Nanda 30,East,Odisha,Bhubaneswar,Online,Electronics,Audio,JBL Tune 770NC,1,6897.42,12,6069.73,4671.93,1397.8,Debit Card,Returned,6.0
NR20250401369,2025-04-23,CUST01061,Nikhil Patil 36, North ,Rajasthan,Jaipur,Online,Furniture,Tables,Conference Table 6-Seater,2,29568.19,2,57953.65,44559.91,13393.74,UPI,Returned,4.0
NR20250100235,2025-01-14,CUST00204,Priya Nanda 7,West,Maharashtra,Mumbai,Retail Store,Furniture,Office Chairs,Featherlite Astro Chair,3,11041.22,15,28155.11,19495.5,8659.61,Debit Card,Delivered,4.0
NR20251103352,2025-11-27,CUST01054,Ananya Iyer 36,West,Gujarat,Ahmedabad,Online,Accessories,Bags,Skybags Casual Backpack,1,1892.55,12,1665.44,1284.01,381.43,Net Banking,Delivered,4.0
NR20251000598,2025-10-13,CUST00203,Neha Chawla 7,South,Andhra Pradesh,Vijayawada,Online,Office Supplies,Stationery,Kangaro Stapler Set,1,287.06,12,252.61,183.79,68.82,Net Banking,Delivered,2.0
NR20251104484,2025-11-21,CUST01020,Sneha Pillai 34,South,Tamil Nadu,Coimbatore,Online,Electronics,Monitors,LG 24MP60G,2,12910.32,12,22722.16,18210.13,4512.03,Net Banking,Delivered,4.0
NR20251002251,2025-10-17,CUST01190,Varun Bhatia 40,Central,Madhya Pradesh,Gwalior,Retail Store,Electronics,Laptops,HP 15s,2,54213.53,16,91078.73,77611.35,13467.38,Credit Card,Cancelled,0.0
NR20250904126,2025-09-29,CUST00592,Yash Agarwal 20,North,Rajasthan,Jaipur,Online,Furniture,Desks,Wooden Study Desk,2,6471.42,2,12683.98,9300.88,3383.1,Credit Card,Delivered,6.0
NR20251102284,2025-11-23,CUST00307,Ishaan Kapoor 11,West,Goa,Goa,Online,Office Supplies,Printing,Epson 003 Ink Bottle,1,652.75,12,574.42,439.89,134.53,Net Banking,Delivered,3.0
NR20250900663,2025-09-26,CUST01233,Aditya Verma 42,North,Chandigarh,Chandigarh,Corporate,Furniture,Desks,Wooden Study Desk,10,6525.47,12,57424.14,42333.85,15090.29,UPI,Delivered,6.0
NR20250504843,2025-05-26,CUST01201,Aarav Sharma 41,North,Punjab,Amritsar,Corporate,Electronics,Laptops,HP 15s,10,54028.79,15,459244.72,402683.74,56560.98,Net Banking,Delivered,4.0
NR20250202286,2025-02-11,CUST00712,Yash Agarwal 24,North,Uttarakhand,Dehradun,Retail Store,Furniture,Storage,Metal Office Cabinet,1,9042.63,5,8590.5,6540.2,2050.3,UPI,Delivered,5.0
NR20250704784,2025-07-24,CUST00984,Priya Nanda 33,South,Tamil Nadu,Chennai,Online,Electronics,Audio,JBL Tune 770NC,2,6995.29,9,12731.43,9671.75,3059.68,Debit Card,Delivered,3.0
NR20251203551,2025-12-07,CUST01016,Simran Kaur 34,South,Andhra Pradesh,Visakhapatnam,Retail Store,Office Supplies,Printing,HP 805 Ink Cartridge,4,1231.17,9,4481.46,3671.65,809.81,Cash,Delivered,3.0
NR20250302575,2025-03-12,CUST01239,Karan Malhotra 42,South,Karnataka,Mysuru,Online,Office Supplies,Paper,JK Copier A4 Paper Ream,1,319.22,5,303.26,239.25,64.01,Debit Card,Delivered,4.0
NR20251003538,2025-10-15,CUST01207,Ishaan Kapoor 41,South,Tamil Nadu,Coimbatore,Online,Furniture,Storage,Wooden Filing Cabinet,1,7818.96,17,6489.74,5107.12,1382.62,Net Banking,Delivered,4.0
NR20250600780,2025-06-08,CUST00301,Aarav Sharma 11,West,Gujarat,Ahmedabad,Online,Furniture,Office Chairs,Featherlite Astro Chair,1,10931.24,7,10166.05,7260.62,2905.43,Credit Card,Delivered,4.0
NR20251203482,2025-12-28,CUST00532,Yash Agarwal 18,North,Uttar Pradesh,Noida,Online,Furniture,Storage,Wooden Filing Cabinet,1,7721.7,10,6949.53,5194.25,1755.28,UPI,Delivered,6.0
NR20250604458,2025-06-23,CUST00905,Arjun Nair 31,North,Delhi,Delhi,Retail Store,Electronics,Audio,JBL Tune 770NC,1,7052.06,12,6205.81,4651.28,1554.53,Credit Card,Delivered,3.0
NR20250104119,2025-01-31,CUST00102,Pooja Singh 4,West,Gujarat,Vadodara,Retail Store,Office Supplies,Paper,JK Copier A4 Paper Ream,3,317.89,7,886.91,685.75,201.16,Debit Card,Delivered,5.0
NR20250403299,2025-04-13,CUST00495,Rohan Kulkarni 17,East,Bihar,Patna,Online,Electronics,Audio,JBL Tune 770NC,1,7297.0,16,6129.48,4841.04,1288.44,Debit Card,Delivered,5.0
NR20251204904,2025-12-09,CUST00075,Rohan Kulkarni 3,South,Tamil Nadu,Chennai,Retail Store,Office Supplies,Stationery,Faber-Castell Marker Set,4,363.41,9,1322.81,1001.78,321.03,UPI,Delivered,3.0
NR20251100686,2025-11-21,CUST00942,Pooja Singh 32,North,Uttarakhand,Dehradun,Online,Electronics,Laptops,HP 15s,2,54996.13,12,96793.19,83083.21,13709.98,UPI,Delivered,4.0
NR20250803271,2025-08-24,CUST00930,Sneha Pillai 31,East,West Bengal,Kolkata,Retail Store,Electronics,Smartphones,Samsung Galaxy M35,1,22814.11,5,21673.4,19179.14,2494.26,Cash,Delivered,4.0
NR20250502830,2025-05-18,CUST00456,Diya Shah 16,South,Andhra Pradesh,Vijayawada,Online,Office Supplies,Writing,Classmate Notebook Pack,10,448.75,15,3814.38,2838.31,976.07,Credit Card,Returned,5.0
NR20251103541,2025-11-06,CUST01142,Aditi Mehta 39,Central,Chhattisgarh,Raipur,Retail Store,Office Supplies,Paper,JK Copier A4 Paper Ream,10,316.79,10,2851.11,2229.05,622.06,Credit Card,Delivered,3.0
NR20250902172,2025-09-28,CUST00483,Aditya Verma 17,West,Maharashtra,Pune,Online,Office Supplies,Printing,HP 805 Ink Cartridge,8,1231.55,7,9162.73,7440.63,1722.1,UPI,Delivered,4.0
NR20250602747,2025-06-21,CUST00721,Aarav Sharma 25,North,Uttar Pradesh,Lucknow,Online,Office Supplies,Stationery,Faber-Castell Marker Set,10,357.44,18,2931.01,2299.86,631.15,Net Banking,Delivered,5.0
NR20250201851,2025-02-16,CUST01089,Karan Malhotra 37,West,Maharashtra,Nagpur,Retail Store,Furniture,Office Chairs,Featherlite Astro Chair,3,10815.48,15,27579.47,19687.63,7891.84,Cash, Delivered,3.0
NR20250700488,2025-07-09,CUST01008,Siddharth Rao 34,South,Tamil Nadu,Coimbatore,Retail Store,Accessories,Bags,American Tourister Laptop Bag,1,2707.16,2,2653.02,1966.93,686.09,Cash,Delivered,1.0
NR20250801689,2025-08-25,CUST01188,Siddharth Rao 40,West,Maharashtra,Nagpur,Corporate,Furniture,Storage,Metal Office Cabinet,5,9152.87,7,42560.85,32779.46,9781.39,Credit Card,Delivered,5.0
NR20251202231,2025-12-28,CUST00409,Tanvi Deshmukh 14,North,Chandigarh,Chandigarh,Retail Store,Office Supplies,Paper,JK Copier A4 Paper Ream,4,314.1,12,1105.63,821.85,283.78,Credit Card,Delivered,3.0
NR20250703367,2025-07-14,CUST00087,Aman Arora 3,West,Maharashtra,Pune,Online,Accessories,Bags,Skybags Casual Backpack,1,1829.63,5,1738.15,1342.75,395.4,UPI,Delivered,3.0
NR20251002321,2025-10-14,CUST00887,Shreya Menon 30,North,Uttarakhand,Dehradun,Retail Store,Accessories,Webcams,Logitech C270 Webcam,1,2484.39,7,2310.48,1786.72,523.76,Credit Card,Delivered,7.0
NR20250500783,2025-05-08,CUST01011,Vikram Sethi 34,North,Punjab,Ludhiana,Retail Store,Accessories,Mice,Logitech M331 Mouse,3,1405.0,10,3793.5,2769.09,1024.41,Debit Card,Pending,5.0
NR20250800522,2025-08-30,CUST00754,Ananya Iyer 26,East,West Bengal,Kolkata,Retail Store,Electronics,Audio,JBL Tune 770NC,2,7211.62,14,12403.99,8986.54,3417.45,Credit Card,Delivered,6.0
NR20250600523,2025-06-29,CUST00322,Yash Agarwal 11,North,Chandigarh,Chandigarh,Online,Office Supplies,Stationery,Faber-Castell Marker Set,3,365.01,2,1073.13,790.72,282.41,Net Banking,Delivered,4.0
NR20250104681,2025-01-02,CUST00115,Manish Tiwari 4,North,Uttarakhand,Dehradun,Online,Electronics,Smartphones,OnePlus Nord CE,1,24547.13,12,21601.47,18825.57,2775.9,Net Banking,Delivered,1.0
NR20250504072,2025-05-24,CUST01102,Yash Agarwal 37,West,Maharashtra,Nagpur,Online,Electronics,Smartphones,OnePlus Nord CE,3,25905.49,9,70721.99,61814.63,8907.36,Credit Card,Delivered,2.0
NR20250702399,2025-07-28,CUST00327,Aman Arora 11,South,Andhra Pradesh,Vijayawada,Retail Store,Office Supplies,Stationery,Faber-Castell Marker Set,2,355.5,7,661.23,485.51,175.72,Cash,Delivered,3.0
NR20250102208,2025-01-18,CUST00333,Aditya Verma 12,Central,Madhya Pradesh,Indore,Online,Electronics,Tablets,Lenovo Tab M11,2,18645.1,12,32815.38,27951.17,4864.21,Credit Card,Returned,6.0
NR20250503586,2025-05-22,CUST00648,Siddharth Rao 22,East,Bihar,Patna,Online,Accessories,Bags,Skybags Casual Backpack,5,1930.2,12,8492.88,6255.2,2237.68,Debit Card,Delivered,5.0
NR20251003662,2025-10-13,CUST00465,Rohan Kulkarni 16,Central,Madhya Pradesh,Bhopal,Retail Store,Office Supplies,Writing,Classmate Notebook Pack,4,449.42,10,1617.91,1208.38,409.53,UPI,Delivered,5.0
NR20250903850,25-Sep-2025,CUST00469,Tanvi Deshmukh 16,East,Assam,Guwahati,Corporate,Accessories,Cables,Belkin USB-C Cable,5,1088.96,5,5172.56,3705.56,1467.0,UPI,Delivered,6.0
NR20251102908,2025-11-19,CUST00706,Sakshi Jain 24,North,Chandigarh,Chandigarh,Retail Store,Electronics,Smartphones,Samsung Galaxy M35,4,21825.91,7,81192.39,67314.99,13877.4,Credit Card,Delivered,3.0
NR20250301512,2025-03-27,CUST00172,Yash Agarwal 6,West,Goa,Goa,Corporate,Office Supplies,Writing,Classmate Notebook Pack,8,454.22,17,3016.02,2229.95,786.07,Net Banking,Delivered,4.0
NR20250601883,2025-06-14,CUST00909,Karan Malhotra 31,South,Andhra Pradesh,Vijayawada,Corporate,Electronics,Tablets,Lenovo Tab M11,10,17930.44,12,157787.87,135364.01,22423.86,UPI,Delivered,5.0
NR20250300652,2025-03-06,CUST00524,Riya Das 18,East,Assam,Guwahati,Retail Store,Accessories,Cables,Portronics HDMI Cable,1,653.31,12,574.91,372.29,202.62,Debit Card,Delivered,5.0
NR20251004322,2025-10-02,CUST00393,Aditya Verma 14,East,Bihar,Patna,Online,Electronics,Laptops,Acer Aspire 5,3,61386.8,10,165744.36,140536.22,25208.14,UPI,Returned,12.0
NR20251003253,2025-10-16,CUST00221,Nikhil Patil 8,Central,Madhya Pradesh,Gwalior,Online,Electronics,Audio,boAt Airdopes 141,1,1343.87,9,1222.92,863.9,359.02,Debit Card,Delivered,6.0
NR20250500370,2025-05-16,CUST00559,Tanvi Deshmukh 19,West,Maharashtra,Mumbai ,Corporate,Electronics,Laptops,Acer Aspire 5,3,61258.58,17,152533.86,128773.53,23760.33,Credit Card,Delivered,3.0
NR20251003110,2025-10-02,CUST00203,Neha Chawla 7,South,Telangana,Hyderabad,Online,Furniture,Storage,Metal Office Cabinet,1,9143.05,7,8503.04,6581.74,1921.3,Debit Card,Delivered,4.0
NR20251200119,2025-12-15,CUST00566,Simran Kaur 19,South,Andhra Pradesh,Visakhapatnam,Retail Store,Electronics,Tablets,Lenovo Tab M11,2,17673.29,2,34639.65,29086.24,5553.41,Cash,Delivered,2.0
NR20250703424,2025-07-23,CUST01247,Shreya Menon 42,West,Maharashtra,Mumbai,Corporate,Furniture,Tables,Conference Table 6-Seater,20,27904.57,17,463215.86,371801.69,91414.17,Net Banking,Delivered,5.0
NR20250603133,2025-06-23,CUST00622,Yash Agarwal 21,West,Maharashtra,Mumbai,Online,Furniture,Storage,Wooden Filing Cabinet,2,8021.95,12,14118.63,10793.09,3325.54,UPI,Delivered,4.0
NR20251102217,2025-11-05,CUST00972,Pooja Singh 33,West,Maharashtra,Mumbai,Corporate,Accessories,Webcams,Logitech C270 Webcam,8,2440.7,0,19525.6,14841.71,4683.89,UPI,Delivered,4.0
NR20250103652,2025-01-20,CUST00937,Ishaan Kapoor 32,North,Uttar Pradesh,Noida,Online,Office Supplies,Writing,Classmate Notebook Pack,5,451.84,12,1988.1,1561.43,426.67,UPI,Delivered,5.0
NR20251001614,2025-10-02,CUST01116,Diya Shah 38,North,Punjab,Ludhiana,Online,Accessories,Bags,American Tourister Laptop Bag,1,2536.83,2,2486.09,1877.85,608.24,Credit Card,Delivered,3.0
NR20251103409,2025-11-06,CUST00615,Rohan Kulkarni 21,South,Andhra Pradesh,Vijayawada,Corporate,Electronics,Audio,boAt Airdopes 141,15,1387.37,20,16648.44,11347.84,5300.6,Credit Card, Delivered,7.0
NR20250800963,2025-08-05,CUST00170,Varun Bhatia 6,West,Maharashtra,Nashik,Corporate,Furniture,Desks,IKEA Linnmon Desk,20,8486.42,7,157847.41,120067.3,37780.11,Credit Card,Delivered,4.0
NR20251102511,2025-11-10,CUST01228,Isha Banerjee 41,West,Goa,Goa,Online,Office Supplies,Stationery,Faber-Castell Marker Set,3,373.11,5,1063.36,786.84,276.52,UPI,Delivered,3.0
NR20251003657,2025-10-12,CUST00555,Rohan Kulkarni 19,South,Telangana,Hyderabad,Online,Accessories,Power Banks,Ambrane 20000mAh Power Bank,2,1533.96,2,3006.56,2330.76,675.8,UPI,Delivered,4.0
NR20251102909,2025-11-25,CUST00634,Ananya Iyer 22,North,Uttarakhand,Dehradun,Retail Store,Office Supplies,Files,Solo Executive File Pack,4,538.34,2,2110.29,1676.05,434.24,Cash,Delivered,2.0
NR20250303552,2025-03-11,CUST00792,Pooja Singh 27,North,Uttarakhand,Dehradun,Online,Electronics,Laptops,Acer Aspire 5,2,61707.23,15,104902.29,87373.2,17529.09,Credit Card,Delivered,8.0
NR20250503130,2025-05-24,CUST00822,Pooja Singh 28,East,Assam,Guwahati,Online,Electronics,Audio,JBL Tune 770NC,1,7154.87,7,6654.03,5155.63,1498.4,UPI,Delivered,5.0
NR20250902416,2025-09-30,CUST01097,Shreya Menon 37,West,Maharashtra,Mumbai,Retail Store,Furniture,Desks,Wooden Study Desk,1,6378.34,0,6378.34,4769.16,1609.18,UPI,Delivered,4.0
NR20250304721,2025-03-17,CUST00960,Sneha Pillai 32,East,Assam,Guwahati,Online,Office Supplies,Paper,JK Copier A4 Paper Ream,5,312.41,7,1452.71,1112.24,340.47,Credit Card,Delivered,8.0
NR20250500706,2025-05-26,CUST00352,Yash Agarwal 12,North,Punjab,Amritsar,Online,Office Supplies,Paper,JK Copier A4 Paper Ream,5,322.27,10,1450.21,1172.33,277.88,UPI,Delivered,5.0
NR20250202186,2025-02-27,CUST00971,Nikhil Patil 33,North,Punjab,Amritsar,Corporate,Office Supplies,Stationery,Faber-Castell Marker Set,2,373.55,5,709.75,541.35,168.4,UPI,Delivered,6.0
NR20251202907,2025-12-14,CUST00924,Priya Nanda 31,Central,Madhya Pradesh,Jabalpur,Retail Store,Electronics,Cameras,Canon EOS 1500D,1,47053.85,4,45171.7,38732.0,6439.7,Cash,Delivered,3.0
NR20250102568,2025-01-21,CUST00085,Manish Tiwari 3,North,Uttarakhand,Dehradun,Online,Accessories,Cables,Portronics HDMI Cable,2,662.03,18,1085.73,741.98,343.75,Net Banking,Returned,7.0
NR20250602038,2025-06-20,CUST00655,Manish Tiwari 22,West,Maharashtra,Nashik,Retail Store,Electronics,Cameras,Canon EOS 1500D,1,44446.2,14,38223.73,34432.17,3791.56,Debit Card,Delivered,4.0
NR20250104324,2025-01-21,CUST00088,Isha Banerjee 3,South,Karnataka,Bengaluru,Retail Store,Electronics,Cameras,Canon EOS 1500D,1,45075.73,14,38765.13,33516.43,5248.7,UPI,Delivered,1.0
NR20250900773,2025-09-02,CUST00183,Aditya Verma 7,North,Rajasthan,Jaipur,Online,Office Supplies,Writing,Classmate Notebook Pack,1,447.08,12,393.43,300.55,92.88,Debit Card,Delivered,5.0
NR20250901285,2025-09-18,CUST01138,Isha Banerjee 38,North,Uttar Pradesh,Noida,Online,Electronics,Audio,boAt Airdopes 141,1,1461.89,7,1359.56,1011.13,348.43,UPI,Delivered,2.0
NR20250304669,2025-03-18,CUST00797,Shreya Menon 27,West,Goa,Goa,Corporate,Electronics,Audio,boAt Airdopes 141,15,1400.34,13,18274.44,13068.79,5205.65,UPI,Delivered,6.0
NR20250804805,2025-08-12,CUST00057,Aman Arora 2,North,Uttarakhand,Dehradun,Retail Store,Accessories,Power Banks,Ambrane 20000mAh Power Bank,5,1726.67,5,8201.68,6147.48,2054.2,UPI,Delivered,3.0
NR20251202588,2025-12-25,CUST00292,Yash Agarwal 10,South,Karnataka,Bengaluru,Online,Furniture,Desks,Wooden Study Desk,1,6318.52,7,5876.22,4483.2,1393.02,UPI,Delivered,3.0
NR20250904641,2025-09-16,CUST01144,Ananya Iyer 39,East,West Bengal,Siliguri,Retail Store,Accessories,Bags,American Tourister Laptop Bag,3,2660.76,15,6784.94,5070.02,1714.92,UPI,Delivered,6.0
NR20250601415,2025-06-27,CUST00140,Varun Bhatia 5,South,Tamil Nadu,Chennai,Corporate,Furniture,Storage,Wooden Filing Cabinet,8,7630.48,7,56770.77,43343.03,13427.74,Net Banking,Delivered,4.0
NR20250301235,2025-03-20,CUST00365,Arjun Nair 13,West,Maharashtra,Pune,Retail Store,Office Supplies,Paper,JK Copier A4 Paper Ream,5,320.78,12,1411.43,1083.33,328.1,Debit Card,Delivered,2.0
NR20250302779,2025-03-10,CUST00881,Nikhil Patil 30,West,Goa,Goa,Online,Accessories,Bags,Skybags Casual Backpack,2,1877.8,10,3380.04,2455.94,924.1,Net Banking,Delivered,7.0
NR20251100436,2025-11-15,CUST00947,Shreya Menon 32,North,Delhi,Delhi,Online,Electronics,Audio,JBL Tune 770NC,1,7148.46,12,6290.64,4635.27,1655.37,UPI,Delivered,3.0
NR20250901675,2025-09-17,CUST00053,Neha Chawla 2,West,Maharashtra,Mumbai,Retail Store,Accessories,Mice,Logitech M331 Mouse,2,1412.88,7,2627.96,1977.69,650.27,Credit Card,Delivered,3.0
NR20251100366,2025-11-26,CUST01147,Ishaan Kapoor 39,North,Rajasthan,Jaipur,Online,Accessories,Power Banks,Ambrane 20000mAh Power Bank,1,1667.67,14,1434.2,1062.33,371.87,Debit Card,Delivered,4.0
NR20251102727,2025-11-19,CUST01144,Ananya Iyer 39,South,Kerala,Kochi,Retail Store,Office Supplies,Printing,Epson 003 Ink Bottle,3,662.62,0,1987.86,1549.16,438.7,Cash,Delivered,3.0
NR20251100232,2025-11-27,CUST00468,Siddharth Rao 16,South,Tamil Nadu,Coimbatore,Corporate,Electronics,Laptops,Acer Aspire 5,5,64548.67,12,284014.15,236882.19,47131.96,UPI,Delivered,3.0
NR20250204330,2025-02-18,CUST00001,Aarav Sharma 1,South,Karnataka,Bengaluru,Online,Furniture,Tables,Conference Table 6-Seater,2,29763.23,2,58335.93,44476.41,13859.52,Net Banking,Delivered,4.0
NR20250500148,2025-05-11,CUST00917,Shreya Menon 31,North,Delhi,Delhi,Online,Office Supplies,Files,Solo Executive File Pack,10,518.76,7,4824.47,3817.74,1006.73,Net Banking,Delivered,4.0
NR20250704462,2025-07-29,CUST00922,Yash Agarwal 31,North,Rajasthan,Jaipur,Online,Furniture,Office Chairs,Green Soul Monster Chair,1,14165.14,15,12040.37,8972.57,3067.8,Credit Card,Delivered,5.0
NR20251100408,2025-11-15,CUST01229,Mohit Saxena 41,North,Punjab,Ludhiana,Online,Office Supplies,Writing,Cello Ball Pen Pack,2,182.04,5,345.88,241.97,103.91,UPI,Delivered,5.0
NR20251202091,2025-12-19,CUST00912,Pooja Singh 31,East,West Bengal,Kolkata,Retail Store,Furniture,Storage,Metal Office Cabinet,1,8966.94,17,7442.56,5526.01,1916.55,UPI,Delivered,6.0
NR20250800087,2025-08-04,CUST01145,Arjun Nair 39,North,Chandigarh,Chandigarh,Retail Store,Accessories,Keyboards,Logitech K120 Keyboard,5,830.86,7,3863.5,2731.04,1132.46,UPI,Returned,8.0
NR20250500845,2025-05-13,CUST00616,Sakshi Jain 21,West,Gujarat,Surat,Online,Furniture,Desks,IKEA Linnmon Desk,2,8731.55,10,15716.79,11129.51,4587.28,UPI,Delivered,3.0
NR20250701032,2025-07-06,CUST00704,Riya Das 24,West,Maharashtra,Mumbai,Online,Office Supplies,Paper,JK Copier A4 Paper Ream,2,323.64,10,582.55,442.38,140.17,Net Banking,Delivered,6.0
NR20251004519,2025-10-12,CUST00672,Pooja Singh 23,East,West Bengal,Siliguri,Online,Electronics,Laptops,Acer Aspire 5,1,62634.34,17,51986.5,42144.89,9841.61,Net Banking,Delivered,2.0
NR20250603304,2025-06-20,CUST00209,Mohit Saxena 7,North,Punjab,Amritsar,Online,Office Supplies,Files,Solo Executive File Pack,5,528.91,0,2644.55,2034.99,609.56,UPI,Cancelled,0.0
NR20250802805,2025-08-21,CUST00570,Sneha Pillai 19,South,Andhra Pradesh,Vijayawada,Online,Office Supplies,Printing,HP 805 Ink Cartridge,2,1250.01,12,2200.02,1824.28,375.74,UPI,Delivered,1.0
NR20250703332,2025-07-24,CUST00360,Sneha Pillai 12,East,Bihar,Patna,Corporate,Accessories,Cables,Portronics HDMI Cable,10,647.57,14,5569.1,3792.13,1776.97,Net Banking,Delivered,9.0
NR20250903822,2025-09-17,CUST01061,Nikhil Patil 36,North,Punjab,Ludhiana,Online,Electronics,Monitors,LG 24MP60G,2,12559.23,12,22104.24,17736.78,4367.46,Debit Card,Delivered,4.0
NR20250300856,2025-03-19,CUST00337,Ishaan Kapoor 12,East,Bihar,Patna,Retail Store,Office Supplies,Writing,Cello Ball Pen Pack,1,171.73,2,168.3,120.85,47.45,Credit Card,Delivered,7.0
NR20250600079,2025-06-30,CUST00065,Arjun Nair 3,South,Tamil Nadu,Chennai,Retail Store,Furniture,Storage,Wooden Filing Cabinet,3,7645.05,7,21329.69,16101.27,5228.42,Credit Card,Delivered,3.0
NR20250202248,2025-02-10,CUST00834,Priya Nanda 28,East,Assam,Guwahati,Retail Store,Electronics,Audio,boAt Airdopes 141,3,1442.01,19,3504.08,2567.01,937.07,UPI,Delivered,5.0
NR20250804635,2025-08-29,CUST00987,Aman Arora 33,Central,Madhya Pradesh,Jabalpur,Corporate,Furniture,Storage,Wooden Filing Cabinet,20,8079.74,12,142203.42,106257.25,35946.17,Debit Card,Delivered,3.0
NR20251203769,2025-12-05,CUST00989,Mohit Saxena 33,South,Tamil Nadu,Coimbatore,Online,Electronics,Laptops,HP 15s,2,55470.19,10,99846.34,85790.65,14055.69,Debit Card,Delivered,3.0
NR20250703003,2025-07-15,CUST00683,Neha Chawla 23,West,Goa,Goa,Online,Office Supplies,Printing,HP 805 Ink Cartridge,3,1256.24,18,3090.35,2528.38,561.97,Credit Card,Delivered,5.0
NR20251004907,2025-10-16,CUST00389,Mohit Saxena 13,West,Maharashtra,Mumbai,Online,Electronics,Cameras,Canon EOS 1500D,3,47047.63,16,118560.03,99977.69,18582.34,Debit Card,Delivered,3.0
NR20250402280,2025-04-15,CUST00180,Sneha Pillai 6,Central,Chhattisgarh,Raipur,Online,Electronics,Monitors,LG 24MP60G,3,12781.65,0,38344.95,31468.92,6876.03,Credit Card,Delivered,5.0
NR20250304280,2025-03-20,CUST00963,Aditya Verma 33,North,Uttar Pradesh,Lucknow,Retail Store,Office Supplies,Files,Solo Executive File Pack,3,530.71,10,1432.92,1143.55,289.37,Debit Card,Delivered,6.0
NR20250204893,2025-02-27,CUST01103,Neha Chawla 37,East,West Bengal,Siliguri,Retail Store,Accessories,Power Banks,Ambrane 20000mAh Power Bank,1,1696.85,7,1578.07,1225.5,352.57,Credit Card,Delivered,7.0
NR20251104819,2025-11-29,CUST00909,,South,Karnataka,Bengaluru,Online,Office Supplies,Printing,Epson 003 Ink Bottle,10,678.28,15,5765.38,4605.89,1159.49,Debit Card,Delivered,6.0
NR20251204170,2025-12-10,CUST00481,Aarav Sharma 17,North,Uttarakhand,Dehradun,Retail Store,Office Supplies,Paper,JK Copier A4 Paper Ream,5,321.18,5,1525.61,1198.34,327.27,Cash,Pending,4.0
NR20251102177,2025-11-07,CUST01188,Siddharth Rao 40,South,Andhra Pradesh,Vijayawada,Retail Store,Office Supplies,Paper,JK Copier A4 Paper Ream,10,324.15,12,2852.52,2179.58,672.94,Cash,Delivered,6.0
NR20250800425,2025-08-20,CUST00626,Simran Kaur 21,South,Karnataka,Bengaluru,Online,Accessories,Cables,Portronics HDMI Cable,2,646.75,2,1267.63,844.9,422.73,Debit Card,Delivered,3.0
NR20250600393,2025-06-06,CUST00451,Aarav Sharma 16,East,Odisha,Bhubaneswar,Online,Electronics,Cameras,Canon EOS 1500D,2,45815.57,10,82468.03,70600.44,11867.59,UPI,Delivered,5.0
NR20250704794,2025-07-26,CUST00697,Ishaan Kapoor 24,East,West Bengal,Siliguri,Online,Electronics,Audio,boAt Airdopes 141,5,1479.25,11,6582.66,4839.46,1743.2,UPI,Delivered,6.0
NR20250103521,2025-01-16,CUST00076,Sakshi Jain 3,North,Rajasthan,Jaipur,Online,Furniture,Storage,Wooden Filing Cabinet,1,7521.46,18,6167.6,4850.43,1317.17,UPI,Pending,4.0
NR20250900105,2025-09-04,CUST01046,Simran Kaur 35,West,Maharashtra,Nashik,Online,Electronics,Cameras,Canon EOS 1500D,1,47961.73,7,44604.41,38267.8,6336.61,UPI,Delivered,5.0
NR20251203067,2025-12-14,CUST00482,Aditi Mehta 17,North,Rajasthan,Jaipur,Online,Office Supplies,Printing,Epson 003 Ink Bottle,10,674.32,0,6743.2,5191.16,1552.04,UPI,Returned,4.0
NR20250402648,2025-04-25,CUST00979,Tanvi Deshmukh 33,South,Telangana,Hyderabad,Online,Accessories,Keyboards,Logitech K120 Keyboard,2,801.54,2,1571.02,1166.65,404.37,UPI,Delivered,3.0
NR20250404565,2025-04-01,CUST00036,Diya Shah 2,North,Punjab,Ludhiana,Corporate,Electronics,Smartphones,OnePlus Nord CE,8,25921.14,9,188705.9,166546.98,22158.92,Net Banking,Delivered,5.0
NR20251102895,2025-11-19,CUST00922,Yash Agarwal 31,Central,Madhya Pradesh,Bhopal,Online,Office Supplies,Writing,Cello Ball Pen Pack,10,176.5,10,1588.5,1146.31,442.19,Credit Card,Delivered,2.0
NR20250101949,2025-01-22,CUST00860,Varun Bhatia 29,North,Punjab,Amritsar,Retail Store,Electronics,Audio,boAt Airdopes 141,2,1409.91,9,2566.04,1853.64,712.4,UPI,Delivered,4.0
NR20251201460,2025-12-23,CUST00613,Rahul Gupta 21,South,Karnataka,Bengaluru,Online,Electronics,Audio,JBL Tune 770NC,1,7357.52,7,6842.49,5226.19,1616.3,Credit Card,Delivered,3.0
NR20250303837,2025-03-27,CUST00302,Aditi Mehta 11,West,Maharashtra,Nagpur,Corporate,Electronics,Audio,JBL Tune 770NC,20,7444.25,19,120596.85,93067.22,27529.63,Debit Card,Delivered,6.0
NR20250900394,2025-09-29,CUST01235,Arjun Nair 42,West,Gujarat,Ahmedabad,Retail Store,Accessories,Keyboards,Logitech K120 Keyboard,3,862.0,10,2327.4,1670.17,657.23,Debit Card,Delivered,4.0
NR20251104438,2025-11-02,CUST00295,Manish Tiwari 10,North,Chandigarh,Chandigarh,Online,Office Supplies,Printing,Epson 003 Ink Bottle,5,649.21,5,3083.75,2464.36,619.39,UPI,Delivered,3.0
NR20250204858,2025-02-08,CUST00119,Mohit Saxena 4,South,Karnataka,Bengaluru,Corporate,Electronics,Audio,boAt Airdopes 141,20,1411.58,14,24279.18,17048.7,7230.48,Net Banking,Delivered,1.0
NR20251001588,2025-10-02,CUST00366,Diya Shah 13,South,Tamil Nadu,Chennai,Corporate,Furniture,Office Chairs,Featherlite Astro Chair,8,10663.67,9,77631.52,56006.16,21625.36,Credit Card,Delivered,3.0
NR20250203772,2025-02-25,CUST01119,Karan Malhotra 38,North,Punjab,Ludhiana,Corporate,Accessories,Bags,Skybags Casual Backpack,5,1805.75,17,7493.86,5513.41,1980.45,Debit Card,Delivered,4.0
NR20250901732,2025-09-15,CUST01076,Simran Kaur 36,East,Bihar,Patna,Online,Electronics,Laptops,HP 15s,1,53737.58,7,49975.95,41420.36,8555.59,Net Banking,Delivered,6.0
NR20250604833,2025-06-29,CUST00649,Tanvi Deshmukh 22,West,Maharashtra,Pune,Retail Store,Electronics,Laptops,HP 15s,2,55105.0,11,98086.9,82616.47,15470.43,Cash,Delivered,3.0
NR20251203826,2025-12-01,CUST00406,Sakshi Jain 14,West,Gujarat,Surat,Retail Store,Electronics,Cameras,Canon EOS 1500D,1,46939.33,2,46000.54,39953.21,6047.33,Cash,Delivered,4.0
NR20250703794,2025-07-26,CUST00174,Priya Nanda 6,West,Maharashtra,Nagpur,Online,Furniture,Office Chairs, Green Soul Monster Chair,2,14552.88,7,27068.36,20223.92,6844.44,Net Banking,Delivered,4.0
NR20250801792,2025-08-28,CUST00533,Neha Chawla 18, West ,Maharashtra,Mumbai,Retail Store,Furniture,Storage,Metal Office Cabinet,1,9541.82,5,9064.73,6949.56,2115.17,Debit Card,Delivered,3.0
NR20250202356,2025-02-26,CUST00982,Yash Agarwal 33,North,Punjab,Amritsar,Corporate,Electronics,Laptops,HP 15s,2,54339.84,14,93464.52,78760.5,14704.02,Debit Card,Delivered,2.0
NR20250301941,2025-03-22,CUST00859,Tanvi Deshmukh 29,East,Odisha,Bhubaneswar,Online,Furniture,Desks,Wooden Study Desk,1,6596.17,15,5606.74,4152.3,1454.44,Credit Card,Delivered,4.0
NR20250200703,2025-02-01,CUST01100,Varun Bhatia 37,South,Andhra Pradesh,Visakhapatnam,Online,Furniture,Storage,Wooden Filing Cabinet,2,8009.85,10,14417.73,11126.83,3290.9,Debit Card,Delivered,3.0
NR20250702443,2025-07-29,CUST00511,Aarav Sharma 18,North,Delhi,Delhi,Retail Store,Electronics,Laptops,HP 15s,1,54906.84,12,48318.02,40344.79,7973.23,Debit Card,Delivered,5.0
NR20250102900,2025-01-12,CUST00332,Aditi Mehta 12,Central,Chhattisgarh,Bilaspur,Retail Store,Furniture,Storage,Wooden Filing Cabinet,4,7688.15,2,30137.55,23334.79,6802.76,UPI,Delivered,3.0
NR20250800497,2025-08-29,CUST00426,Diya Shah 15,West,Maharashtra,Nagpur,Corporate,Accessories,Bags,Skybags Casual Backpack,3,1841.95,9,5028.52,3821.79,1206.73,Credit Card,Delivered,3.0
NR20250600465,2025-06-01,CUST00547,Ishaan Kapoor 19,South,Telangana,Hyderabad,Online,Office Supplies,Printing,Epson 003 Ink Bottle,2,675.54,18,1107.89,847.09,260.8,Credit Card,Delivered,2.0
NR20250904376,2025-09-17,CUST00831,Vikram Sethi 28,West,Gujarat,Ahmedabad,Online,Furniture,Storage,Wooden Filing Cabinet,1,7747.75,0,7747.75,5990.67,1757.08,UPI,Delivered,1.0
NR20250704396,2025-07-17,CUST00085,Manish Tiwari 3,Central,Chhattisgarh,Bilaspur,Corporate,Office Supplies,Writing,Classmate Notebook Pack,10,454.41,5,4316.9,3275.89,1041.01,Net Banking,Delivered,9.0
NR20250300173,2025-03-02,CUST01181,Nikhil Patil 40,South,Andhra Pradesh,Visakhapatnam,Retail Store,Electronics,Laptops,Acer Aspire 5,1,60421.61,9,54983.67,47134.43,7849.24,Cash,Delivered,1.0
NR20251103173,2025-11-08,CUST00774,Priya Nanda 26,West,Goa,Goa,Online,Accessories,Cables,Portronics HDMI Cable,2,655.23,12,1153.2,814.73,338.47,UPI,Delivered,5.0
NR20250904865,2025-09-17,CUST00706,Sakshi Jain 24,South,Karnataka,Mysuru,Retail Store,Furniture,Storage,Wooden Filing Cabinet,2,8050.75,2,15779.47,11829.45,3950.02,Credit Card,Delivered,2.0
NR20250502541,2025-05-03,CUST00657,Aman Arora 22,East,West Bengal,Kolkata,Retail Store,Office Supplies,Printing,Epson 003 Ink Bottle,2,643.91,10,1159.04,906.29,252.75,UPI,Delivered,5.0
NR20250303365,2025-03-04,CUST00776,Simran Kaur 26,South,Andhra Pradesh,Vijayawada,Online,Electronics,Smartphones,OnePlus Nord CE,1,25761.12,5,24473.06,21464.64,3008.42,UPI,Delivered,4.0
NR20251003045,2025-10-27,CUST00684,Priya Nanda 23,North,Uttar Pradesh,Noida,Online,Office Supplies,Printing,HP 805 Ink Cartridge,4,1226.76,7,4563.55,3786.24,777.31,Net Banking,Cancelled,0.0
NR20251202261,2025-12-07,CUST00900,Sneha Pillai 30,South,Karnataka,Bengaluru,Online,Office Supplies,Writing,Classmate Notebook Pack,8,433.11,10,3118.39,2413.6,704.79,Debit Card,Delivered,3.0
NR20250602113,2025-06-24,CUST00640,Meera Joshi 22,West,Maharashtra,Pune,Retail Store,Office Supplies,Printing,HP 805 Ink Cartridge,3,1271.33,15,3241.89,2724.08,517.81,UPI,Delivered,6.0
NR20250100901,2025-01-10,CUST00169,Tanvi Deshmukh 6,West,Gujarat,Surat,Corporate,Electronics,Laptops,Acer Aspire 5,10,61104.61,7,568272.87,490456.72,77816.15,UPI,Delivered,6.0
NR20250701447,2025-07-29,CUST00131,Nikhil Patil 5,South,Andhra Pradesh,Vijayawada,Online,Accessories,Bags,American Tourister Laptop Bag,1,2578.55,10,2320.7,1742.95,577.75,Net Banking,Delivered,4.0
NR20251003685,2025-10-29,CUST00983,Neha Chawla 33,South,Andhra Pradesh,Visakhapatnam,Retail Store,Accessories,Webcams,Logitech C270 Webcam,1,2413.06,4,2316.54,1703.46,613.08,UPI,Delivered,5.0
NR20250200742,2025-02-14,CUST00847,Ishaan Kapoor 29,East,Assam,Guwahati,Corporate,Accessories,Webcams,Logitech C270 Webcam,8,2484.94,10,17891.57,13338.2,4553.37,Net Banking,Pending,4.0
NR20250602294,2025-06-03,CUST01070,Varun Bhatia 36,South,Telangana,Hyderabad,Online,Electronics,Tablets,Lenovo Tab M11,1,18247.56,12,16057.85,13051.81,3006.04,Credit Card,Cancelled ,0.0
NR20250602453,2025-06-10,CUST01074,Priya Nanda 36,East,Bihar,Patna,Online,Furniture,Desks,IKEA Linnmon Desk,1,8561.9,5,8133.8,6064.92,2068.88,UPI,Delivered,6.0
NR20250102700,2025-01-22,CUST00040,Meera Joshi 2,North,Punjab,Amritsar,Retail Store,Office Supplies,Printing,Epson 003 Ink Bottle,1,643.57,2,630.7,487.12,143.58,UPI,Delivered,5.0
NR20251204146,2025-12-15,CUST01048,Isha Banerjee 35,South,Tamil Nadu,Chennai,Retail Store,Accessories,Webcams,Logitech C270 Webcam,1,2545.58,0,2545.58,1918.49,627.09,UPI,Delivered,2.0
NR20250101207,2025-01-23,CUST00957,Aman Arora 32,West,Maharashtra,Pune,Retail Store,Office Supplies,Printing,HP 805 Ink Cartridge,3,1269.8,10,3428.46,2737.89,690.57,UPI,Delivered,3.0
NR20251100510,2025-11-20,CUST00611,Nikhil Patil 21,West,Goa,Goa,Online,Accessories,Keyboards,Logitech K120 Keyboard,1,850.45,0,850.45,609.77,240.68,UPI,Delivered,6.0
NR20250404214,2025-04-30,CUST00245,Arjun Nair 9,South,Karnataka,Mysuru,Retail Store,Office Supplies,Stationery,Kangaro Stapler Set,4,270.39,5,1027.48,743.23,284.25,Cash,Delivered,4.0
NR20250502698,2025-05-30,CUST00082,Yash Agarwal 3,South,Andhra Pradesh,Vijayawada,Retail Store,Accessories,Bags,American Tourister Laptop Bag,2,2452.27,7,4561.22,3569.22,992.0,Credit Card,Delivered,2.0
NR20250602888,2025-06-08,CUST00686,Simran Kaur 23,North,Uttar Pradesh,Lucknow,Online,Office Supplies,Files,Solo Executive File Pack ,4,516.81,12,1819.17,1386.47,432.7,Credit Card,Delivered,3.0
NR20251103587,2025-11-26,CUST01203,Aditya Verma 41,North,Punjab,Amritsar,Corporate,Accessories,Mice,Logitech M331 Mouse,15,1482.43,12,19568.08,13782.67,5785.41,Net Banking,Delivered,3.0
NR20251101550,2025-11-13,CUST00289,Tanvi Deshmukh 10,West,Maharashtra,Nashik,Retail Store,Accessories,Bags,Skybags Casual Backpack,1,1886.54,10,1697.89,1268.65,429.24,Cash,Delivered,2.0
NR20250204991,2025-02-12,CUST00496,Sakshi Jain 17,Central,Chhattisgarh,Bilaspur,Retail Store,Office Supplies,Writing,Cello Ball Pen Pack,3,184.41,15,470.25,349.22,121.03,UPI,Delivered,2.0
NR20250502203,2025-05-26,CUST01173,Aditya Verma 40,South,Andhra Pradesh,Visakhapatnam,Online,Accessories,Bags,American Tourister Laptop Bag,2,2644.26,5,5024.09,3700.33,1323.76,Debit Card,Delivered,4.0
NR20250402567,2025-04-19,CUST00483,Aditya Verma 17,West,Maharashtra,Nashik,Corporate,Electronics,Audio,boAt Airdopes 141,20,1433.92,10,25810.56,18761.38,7049.18,Debit Card,Delivered,6.0
NR20250902759,2025-09-29,CUST01049,Mohit Saxena 35,East,Assam,Guwahati,Corporate,Accessories,Mice,Logitech M331 Mouse,10,1465.15,14,12600.29,9053.19,3547.1,UPI,Delivered,6.0
NR20250802045,2025-08-03,CUST01032,Pooja Singh 35,Central,Chhattisgarh,Bilaspur,Retail Store,Furniture,Desks,Wooden Study Desk,1,6253.76,12,5503.31,4274.02,1229.29,UPI,Returned,7.0
NR20250500768,2025-05-11,CUST00639,Karan Malhotra 22,North,Uttarakhand,Dehradun,Online,Office Supplies,Stationery,Kangaro Stapler Set,5,275.88,10,1241.46,937.67,303.79,Credit Card,Pending,5.0
NR20250904942,2025-09-03,CUST00412,Yash Agarwal 14,South,Tamil Nadu,Coimbatore,Retail Store,Accessories,Bags,American Tourister Laptop Bag,1,2579.08,18,2114.85,1508.56,606.29,Credit Card,Returned,5.0
NR20251203929,2025-12-28,CUST00719,Mohit Saxena 24,South,Kerala,Kochi,Retail Store,Electronics,Monitors,LG 24MP60G,2,12602.11,9,22935.84,19209.48,3726.36,Credit Card,Delivered,1.0
NR20250700422,2025-07-25,CUST01112,Aditi Mehta 38,South,Tamil Nadu,Chennai,Online,Accessories,Bags,American Tourister Laptop Bag,1,2634.38,12,2318.25,1748.87,569.38,Net Banking,Delivered,1.0
NR20250500124,2025-05-08,CUST01071,Vikram Sethi 36,West,Maharashtra,Nashik,Online,Office Supplies,Writing,Cello Ball Pen Pack,2,176.51,15,300.07,219.6,80.47,Credit Card,Delivered,5.0
NR20250904222,2025-09-28,CUST00334,Ananya Iyer 12,South,Andhra Pradesh,Visakhapatnam,Retail Store,Furniture,Desks,Wooden Study Desk,1,6360.82,12,5597.52,4132.12,1465.4,Debit Card,Delivered,5.0
NR20251202706,2025-12-14,CUST00401,Nikhil Patil 14,South,Karnataka,Mysuru,Online,Office Supplies,Writing,Classmate Notebook Pack,2,450.55,10,810.99,617.44,193.55,Credit Card,Delivered,4.0
NR20250600820,2025-06-08,CUST00407,Shreya Menon 14,West,Maharashtra,Mumbai,Retail Store,Office Supplies,Stationery,Kangaro Stapler Set,3,270.78,5,771.72,577.34,194.38,Debit Card,Delivered,2.0
NR20251001404,2025-10-11,CUST00435,Rohan Kulkarni 15,West,Gujarat,Vadodara,Retail Store,Office Supplies,Printing,HP 805 Ink Cartridge,1,1276.22,5,1212.41,974.2,238.21,Debit Card,Pending,4.0
NR20250901383,2025-09-16,CUST00715,Manish Tiwari 24,West,Gujarat,Vadodara,Online,Office Supplies,Stationery,Kangaro Stapler Set,4,282.72,7,1051.72,765.23,286.49,Debit Card,Delivered,5.0
NR20251102149,2025-11-07,CUST00335,Arjun Nair 12,West,Gujarat,Ahmedabad,Retail Store,Electronics,Cameras,Canon EOS 1500D,1,46613.78,12,41020.13,35367.11,5653.02,Cash,Delivered,2.0
NR20250101576,2025-01-28,CUST00144,Priya Nanda 5,West,Gujarat,Ahmedabad,Online,Furniture,Storage,Wooden Filing Cabinet,2,7851.15,12,13818.02,10235.83,3582.19,Net Banking,Delivered,5.0
NR20250901639,2025-09-05,CUST00438,Siddharth Rao 15,West,Gujarat,Surat,Retail Store,Accessories,Cables,Belkin USB-C Cable,1,1085.18,15,922.4,659.62,262.78,Cash,Delivered,4.0
NR20250901796,2025-09-18,CUST00400,Meera Joshi 14,North,Punjab,Ludhiana,Online,Electronics,Audio,boAt Airdopes 141,3,1394.71,14,3598.35,2621.52,976.83,UPI,Delivered,4.0
NR20250404884,2025-04-18,CUST00750,Sneha Pillai 25,North,Punjab,Amritsar,Corporate,Accessories,Cables,Portronics HDMI Cable,8,649.76,2,5094.12,3511.11,1583.01,Net Banking,Delivered,3.0
NR20250100400,2025-01-24,CUST00856,Sakshi Jain 29,West,Gujarat,Surat,Retail Store,Electronics,Tablets,Lenovo Tab M11,1,18298.17,5,17383.26,14043.61,3339.65,Credit Card,Delivered,1.0
NR20250402311,2025-04-30,CUST01247,Shreya Menon 42,South,Tamil Nadu,Coimbatore,Corporate,Office Supplies,Stationery,Faber-Castell Marker Set,10,366.63,12,3226.34,2446.58,779.76,Net Banking,Delivered,3.0
NR20250900883,2025-09-11,CUST00821,Nikhil Patil 28,South,Andhra Pradesh,Vijayawada,Retail Store,Electronics,Smartphones,Samsung Galaxy M35,1,21417.28,7,19918.07,17410.44,2507.63,Cash,Delivered,3.0
NR20250300030,2025-03-05,CUST00821,Nikhil Patil 28,Central,Madhya Pradesh,Indore,Online,Electronics,Laptops,Acer Aspire 5,2,59990.47,7,111582.27,95091.39,16490.88,Debit Card,Delivered,4.0
NR20250504021,2025-05-08,CUST01241,Nikhil Patil 42,West,Maharashtra,Nashik,Online,Electronics,Audio,boAt Airdopes 141,2,1449.7,2,2841.41,2041.83,799.58,Credit Card,Delivered,6.0
NR20251001353,2025-10-07,CUST00181,Aarav Sharma 7,East,West Bengal,Kolkata,Online,Electronics,Smartphones,Samsung Galaxy M35,1,21967.58,12,19331.47,17006.37,2325.1,Credit Card,Delivered,2.0
NR20250404279,2025-04-02,CUST00682,Yash Agarwal 23,West,Goa,Goa,Online,Furniture,Storage,Wooden Filing Cabinet,4,8168.93,0,32675.72,25710.35,6965.37,Debit Card,Delivered,1.0
NR20250304615,2025-03-06,CUST00220,Meera Joshi 8,West,Maharashtra,Nashik,Online,Accessories,Webcams,Logitech C270 Webcam,1,2554.51,5,2426.78,1812.1,614.68,UPI,Delivered,3.0
NR20251102131,2025-11-27,CUST00979,Tanvi Deshmukh 33,West,Maharashtra,Nagpur,Online,Furniture,Desks,Wooden Study Desk,2,6417.46,17,10652.98,7940.88,2712.1,Credit Card,Delivered,3.0
NR20250600983,2025-06-28,CUST00930,Sneha Pillai 31,West,Gujarat,Vadodara,Corporate,Office Supplies,Files,Solo Executive File Pack,8,489.03,10,3521.02,2684.53,836.49,Net Banking,Delivered,4.0
NR20251200457,2025-12-01,CUST00931,Aarav Sharma 32,West,Goa,Goa,Retail Store,Office Supplies,Writing,Classmate Notebook Pack,3,448.93,5,1279.45,1021.14,258.31,Credit Card,Delivered,3.0
NR20250103640,2025-01-09,CUST01205,Arjun Nair 41,East,Assam,Guwahati,Corporate,Electronics,Audio,JBL Tune 770NC,20,7189.86,7,133731.4,99608.75,34122.65,UPI,Delivered,7.0
NR20250401080,2025-04-25,CUST00572,,South,Andhra Pradesh,Visakhapatnam,Retail Store,Furniture,Desks,IKEA Linnmon Desk,5,8346.04,10,37557.18,27241.35,10315.83,UPI,Delivered,6.0
NR20250101951,2025-01-04,CUST00523,Rahul Gupta 18,South,Andhra Pradesh,Vijayawada,Corporate,Accessories,Power Banks,Ambrane 20000mAh Power Bank,15,1727.68,2,25396.9,20024.65,5372.25,Debit Card,Delivered,7.0
NR20250704377,2025-07-04,CUST00688,Isha Banerjee 23,South,Karnataka,Bengaluru,Corporate,Electronics,Laptops,Acer Aspire 5,10,61107.51,11,543856.84,456099.42,87757.42,Debit Card,Delivered,3.0
NR20250400690,2025-04-22,CUST00722,Aditi Mehta 25,West,Maharashtra,Nagpur,Corporate,Electronics,Audio,JBL Tune 770NC,10,7160.82,5,68027.79,51813.59,16214.2,Net Banking,Delivered,4.0
NR20250502430,2025-05-29,CUST00735,Rohan Kulkarni 25,North,Uttarakhand,Dehradun,Retail Store,Furniture,Desks,IKEA Linnmon Desk,2,8201.87,5,15583.55,12034.44,3549.11,UPI,Delivered,2.0
NR20250400642,2025-04-11,CUST00498,Siddharth Rao 17,West,Gujarat,Ahmedabad,Retail Store,Accessories,Cables,Belkin USB-C Cable,1,1101.37,7,1024.27,700.9,323.37,Cash,Delivered,4.0
NR20250402393,2025-04-04,CUST00199,Tanvi Deshmukh 7,Central,Chhattisgarh,Bilaspur,Online,Electronics,Smartphones,Samsung Galaxy M35,1,21731.91,2,21297.27,18367.14,2930.13,UPI,Delivered,5.0
NR20250901954,2025-09-19,CUST00179,Mohit Saxena 6,North,Uttarakhand,Dehradun,Corporate,Electronics,Laptops,HP 15s,15,53304.73,14,687631.02,601830.15,85800.87,Debit Card,Delivered,4.0
NR20251203025,2025-12-12,CUST01177,Ishaan Kapoor 40,Central,Madhya Pradesh,Gwalior,Online,Office Supplies,Printing,HP 805 Ink Cartridge,8,1200.88,12,8454.2,6920.38,1533.82,Credit Card,Delivered,3.0
NR20251103091,2025-11-16,CUST00486,Diya Shah 17,East,Odisha,Bhubaneswar,Online,Accessories,Keyboards,Logitech K120 Keyboard,3,829.29,10,2239.08,1556.05,683.03,Credit Card,Delivered,4.0
NR20250503542,2025-05-19,CUST00523,Rahul Gupta 18,East,Assam,Guwahati,Corporate,Electronics,Monitors,LG 24MP60G,20,12335.92,11,219579.38,179394.49,40184.89,UPI,Delivered,8.0
NR20251202711,2025-12-29,CUST01250,Varun Bhatia 42,East,West Bengal,Siliguri,Corporate,Office Supplies,Paper,JK Copier A4 Paper Ream,2,324.83,19,526.22,397.97,128.25,Net Banking,Delivered,8.0
NR20250204528,2025-02-02,CUST01078,Isha Banerjee 36,West,Maharashtra,Nagpur,Online,Accessories,Cables,Portronics HDMI Cable,1,670.86,0,670.86,446.05,224.81,Debit Card,Delivered,2.0
NR20250704835,2025-07-18,CUST01044,Priya Nanda 35,North,Chandigarh,Chandigarh,Online,Electronics,Audio,boAt Airdopes 141,1,1340.77,14,1153.06,844.29,308.77,Net Banking,Delivered,5.0
NR20250903347,2025-09-23,CUST00329,Mohit Saxena 11,West,Gujarat,Ahmedabad,Online,Electronics,Tablets,Lenovo Tab M11,2,18064.6,14,31071.11,25888.5,5182.61,UPI,Pending,6.0
NR20250301885,2025-03-10,CUST00243,Aditya Verma 9,East,West Bengal,Kolkata,Online,Office Supplies,Writing,Classmate Notebook Pack,3,464.79,10,1254.93,932.19,322.74,Net Banking,Delivered,5.0
NR20251103571,2025-11-06,CUST00747,Aman Arora 25,South,Andhra Pradesh,Visakhapatnam,Corporate,Furniture,Storage,Metal Office Cabinet,2,9417.99,16,15822.22,12355.34,3466.88,Net Banking,Delivered,4.0
NR20250800390,2025-08-18,CUST01225,Manish Tiwari 41,West,Gujarat,Surat,Online,Office Supplies,Writing,Cello Ball Pen Pack,4,180.07,5,684.27,482.73,201.54,Credit Card,Delivered,6.0
NR20251002495,2025-10-23,CUST00674,Riya Das 23,North,Uttar Pradesh,Noida,Corporate,Electronics,Monitors,LG 24MP60G ,10,12552.28,4,120501.89,95664.22,24837.67,Net Banking,Delivered,5.0
NR20251103981,2025-11-12,CUST00453,Aditya Verma 16,East,Jharkhand,Ranchi,Online,Furniture,Desks,Wooden Study Desk,1,6504.32,12,5723.8,4287.22,1436.58,Debit Card,Delivered,2.0
NR20250304629,2025-03-16,CUST00967,Ishaan Kapoor 33,North,Punjab,Amritsar,Corporate,Electronics,Monitors,LG 24MP60G,10,12427.42,7,115575.01,92660.29,22914.72,Net Banking,Delivered,5.0
NR20250200846,2025-02-05,CUST00171,Vikram Sethi 6,West,Gujarat,Ahmedabad,Online,Furniture,Office Chairs,Green Soul Monster Chair,1,14588.3,5,13858.88,10219.53,3639.35,Debit Card,Delivered,2.0
NR20250100543,2025-01-11,CUST00736,Sakshi Jain 25,North,Uttarakhand,Dehradun,Retail Store,Electronics,Monitors,LG 24MP60G,1,12440.84,14,10699.12,9128.5,1570.62,UPI,Delivered,3.0
NR20250500092,2025-05-11,CUST00338,Kavya Reddy 12,East,West Bengal,Kolkata,Online,Office Supplies,Printing,HP 805 Ink Cartridge,4,1276.42,15,4339.83,3610.33,729.5,Net Banking,Delivered,
NR20250104344,2025-01-21,CUST01061,Nikhil Patil 36, South ,Tamil Nadu,Coimbatore,Online,Electronics,Laptops,HP 15s,1,53641.76,14,46131.91,39026.69,7105.22,Debit Card,Delivered,3.0
NR20250401980,2025-04-13,CUST00253,Rahul Gupta 9,West,Maharashtra,Nagpur,Retail Store,Electronics,Audio,JBL Tune 770NC,2,7212.44,15,12261.15,9311.07,2950.08,UPI,Delivered,6.0
NR20250702898,2025-07-26,CUST01090,Meera Joshi 37,West,Maharashtra,Pune,Retail Store,Office Supplies,Stationery,Kangaro Stapler Set,2,284.46,12,500.65,377.98,122.67,Debit Card,Delivered,3.0
NR20250104149,2025-01-14,CUST00907,Ishaan Kapoor 31,Central,Madhya Pradesh,Gwalior,Retail Store,Office Supplies,Paper,JK Copier A4 Paper Ream,3,315.2,7,879.41,706.03,173.38,UPI,Delivered,2.0
NR20250102993,2025-01-27,CUST00659,Mohit Saxena 22,West,Gujarat,Ahmedabad,Online,Office Supplies,Printing,HP 805 Ink Cartridge,4,1233.34,0,4933.36,3994.64,938.72,UPI,Delivered,2.0
NR20250802530,2025-08-02,CUST00558,Siddharth Rao 19,West,Gujarat,Vadodara,Online,Office Supplies,Printing,HP 805 Ink Cartridge,8,1224.09,2,9596.87,7505.0,2091.87,Credit Card,Delivered,1.0
NR20250701677,2025-07-21,CUST00502,Yash Agarwal 17,East,Jharkhand,Ranchi,Online,Furniture,Storage,Wooden Filing Cabinet,1,7692.69,7,7154.2,5376.02,1778.18,UPI,Delivered,2.0
NR20250601049,2025-06-02,CUST00342,Pooja Singh 12,South,Telangana,Hyderabad,Retail Store,Electronics,Audio,boAt Airdopes 141,1,1384.85,12,1218.67,908.52,310.15,UPI,Delivered,2.0
NR20250701961,2025-07-15,CUST00178,Isha Banerjee 6,West,Gujarat,Vadodara,Online,Electronics,Laptops,Acer Aspire 5,2,61987.54,5,117776.33,97375.87,20400.46,Credit Card,Delivered,4.0
NR20250802531,2025-08-09,CUST00895,Manish Tiwari 30,North,Delhi,Delhi,Online,Electronics,Smartphones,Samsung Galaxy M35,4,21133.45,9,76925.76,66564.55,10361.21,Debit Card,Delivered,2.0
NR20251202866,2025-12-04,CUST00251,Nikhil Patil 9,South,Andhra Pradesh,Visakhapatnam,Corporate,Accessories,Cables,Belkin USB-C Cable,8,1102.33,5,8377.71,5824.37,2553.34,Net Banking,Delivered,1.0
NR20250700238,2025-07-17,CUST00433,Rahul Gupta 15,South,Karnataka,Bengaluru,Online,Office Supplies,Stationery,Faber-Castell Marker Set,1,375.19,12,330.17,259.66,70.51,Credit Card,Delivered,4.0
NR20250304941,2025-03-20,CUST01155,Rohan Kulkarni 39,South,Karnataka,Bengaluru,Corporate,Electronics,Cameras,Canon EOS 1500D,10,47499.19,7,441742.47,399799.84,41942.63,Net Banking,Delivered,4.0
NR20250304354,2025-03-03,CUST00158,Kavya Reddy 6,West,Gujarat,Ahmedabad,Online,Office Supplies,Stationery,Kangaro Stapler Set,3,279.99,0,839.97,615.75,224.22,Credit Card,Delivered,5.0
NR20250601134,2025-06-01,CUST00378,Siddharth Rao 13,South,Telangana, Hyderabad,Retail Store,Accessories,Mice,Logitech M331 Mouse,2,1473.35,5,2799.36,2019.9,779.46,UPI,Delivered,1.0
NR20250101806,2025-01-17,CUST00420,Sneha Pillai 14,West,Maharashtra,Mumbai,Online,Furniture,Office Chairs,Green Soul Monster Chair,3,14549.33,5,41465.59,29318.96,12146.63,Net Banking,Delivered,4.0
NR20250904382,2025-09-14,CUST01221,Vikram Sethi 41,South,Telangana,Hyderabad,Retail Store,Electronics,Audio,boAt Airdopes 141,3,1283.98,16,3235.63,2327.39,908.24,Credit Card,Delivered,2.0
NR20250100164,2025-01-28,CUST01182,Pooja Singh 40,West,Maharashtra,Mumbai,Online,Office Supplies,Printing,HP 805 Ink Cartridge,5,1310.48,7,6093.73,4855.25,1238.48,Credit Card,Delivered,5.0
NR20250304142,2025-03-14,CUST00906,Diya Shah 31,West,Maharashtra,Mumbai,Online,Furniture,Office Chairs,Featherlite Astro Chair,1,10283.51,7,9563.66,6601.63,2962.03,Net Banking,Delivered,2.0
NR20251104777,2025-11-09,CUST00367,Ishaan Kapoor 13,East,Assam,Guwahati,Corporate,Electronics,Laptops,Acer Aspire 5,3,60045.52,15,153116.08,122517.04,30599.04,UPI,Delivered,5.0
NR20251203448,2025-12-17,CUST00588,Siddharth Rao 20,West,Gujarat,Vadodara,Corporate,Accessories,Keyboards,Logitech K120 Keyboard,8,859.06,9,6253.96,4576.92,1677.04,Credit Card,Delivered,5.0
NR20250603560,2025-06-29,CUST00535,Manish Tiwari 18,Central,Madhya Pradesh,Jabalpur,Online,Electronics,Monitors,LG 24MP60G,2,12419.41,7,23100.1,18979.8,4120.3,UPI,Delivered,3.0
NR20251204572,2025-12-25,CUST00340,Meera Joshi 12,West,Maharashtra,Nagpur,Retail Store,Electronics,Monitors,LG 24MP60G,2,11974.34,16,20116.89,16596.82,3520.07,UPI,Delivered,5.0
NR20250704654,2025-07-15,CUST00919,Tanvi Deshmukh 31,North,Punjab,Ludhiana,Retail Store,Office Supplies,Stationery,Kangaro Stapler Set,8,268.6,10,1933.92,1429.55,504.37,Cash,Delivered,2.0
NR20250204756,2025-02-12,CUST00732,Pooja Singh 25,North,Punjab,Ludhiana,Retail Store,Electronics,Tablets,Lenovo Tab M11,2,17577.48,10,31639.46,26328.48,5310.98,Debit Card,Delivered,5.0
NR20250801812,2025-08-13,CUST00634,Ananya Iyer 22,South,Karnataka,Bengaluru,Corporate,Furniture,Tables, Conference Table 6-Seater,8,28929.93,12,203666.71,162976.12,40690.59,Net Banking,Delivered,6.0
NR20250903210,2025-09-24,CUST00138,Siddharth Rao 5,East,West Bengal,Siliguri,Online,Electronics,Laptops,HP 15s,2,56889.66,9,103539.18,90218.08,13321.1,Net Banking,Delivered,4.0
NR20251203250,2025-12-04,CUST01162,Yash Agarwal 39,West,Gujarat,Vadodara,Online,Office Supplies,Printing,HP 805 Ink Cartridge,4,1269.71,12,4469.38,3658.54,810.84,UPI,Delivered,3.0
NR20251201429,2025-12-24,CUST01138,Isha Banerjee 38,East,Bihar,Patna,Retail Store,Office Supplies,Writing,Cello Ball Pen Pack,1,183.02,5,173.87,122.85,51.02,Cash,Delivered,5.0
NR20251203726,2025-12-19,CUST00089,Mohit Saxena 3,South,Telangana,Hyderabad,Retail Store,Furniture,Tables,Conference Table 6-Seater,3,29111.4,4,83840.83,63873.6,19967.23,Credit Card,Delivered,4.0
NR20250903146,2025-09-14,CUST00102,Pooja Singh 4,North,Delhi,Delhi,Online,Furniture,Office Chairs,Green Soul Monster Chair,3,14749.03,7,41149.79,30961.96,10187.83,UPI,Delivered,7.0
NR20250203502,2025-02-25,CUST00962,Aditi Mehta 33,East,Jharkhand,Ranchi,Online,Office Supplies,Writing,Cello Ball Pen Pack,8,177.29,5,1347.4,982.11,365.29,Net Banking,Delivered,6.0
NR20251004525,2025-10-30,CUST00211,Aarav Sharma 8,Central,Chhattisgarh,Raipur,Online,Electronics,Laptops,HP 15s,1,53266.96,5,50603.61,43678.27,6925.34,Net Banking,Delivered,3.0
NR20251104716,2025-11-03,CUST00290,Varun Bhatia 10,East,West Bengal,Kolkata,Retail Store,Electronics,Smartphones,OnePlus Nord CE,2,25232.96,12,44410.01,37952.24,6457.77,Credit Card,Delivered,3.0
NR20251202906,2025-12-13,CUST00508,Isha Banerjee 17,North,Punjab,Amritsar,Retail Store,Office Supplies,Writing,Cello Ball Pen Pack,4,180.3,14,620.23,439.19,181.04,Cash,Delivered,1.0
NR20251001453,2025-10-27,CUST00593,Neha Chawla 20,West,Maharashtra,Nagpur,Retail Store,Electronics,Smartphones,Samsung Galaxy M35,4,21364.76,16,71785.59,63743.45,8042.14,Credit Card,Delivered,3.0
NR20250800594,2025-08-12,CUST00217,Ishaan Kapoor 8,West,Maharashtra,Nashik,Retail Store,Office Supplies,Writing,Classmate Notebook Pack,5,435.74,5,2069.76,1641.27,428.49,Credit Card,Delivered,6.0
NR20250202726,2025-02-27,CUST00466,Sakshi Jain 16,South,Tamil Nadu,Coimbatore,Online,Office Supplies,Stationery,Kangaro Stapler Set,4,264.02,5,1003.28,713.3,289.98,Debit Card,Delivered,3.0
NR20250900042,2025-09-01,CUST01228,Isha Banerjee 41,West,Maharashtra,Nashik,Retail Store,Furniture,Storage,Wooden Filing Cabinet,3,7330.07,15,18691.68,14491.44,4200.24,Debit Card,Delivered,4.0
NR20250700561,2025-07-31,CUST00968,Kavya Reddy 33,South,Tamil Nadu,Chennai,Corporate,Furniture,Office Chairs,Featherlite Astro Chair,5,10197.06,18,41807.95,30725.62,11082.33,Net Banking,Delivered,5.0
NR20250803028,2025-08-19,CUST00733,Rahul Gupta 25,South,Tamil Nadu,Coimbatore,Online,Office Supplies,Writing,Classmate Notebook Pack,4,462.5,2,1813.0,1359.93,453.07,UPI,Delivered,3.0
NR20250603140,2025-06-09,CUST00575,Arjun Nair 20,East,West Bengal,Kolkata,Retail Store,Furniture,Storage,Wooden Filing Cabinet,1,7497.92,7,6973.07,5168.64,1804.43,UPI,Delivered,4.0
NR20251100244,2025-11-28,CUST01215,Rohan Kulkarni 41,East,Assam,Guwahati,Online,Office Supplies,Stationery,Kangaro Stapler Set,4,299.7,14,1030.97,753.17,277.8,Net Banking,Returned,9.0
NR20250401340,2025-04-07,CUST00944,Riya Das 32,West,Maharashtra,Mumbai,Online,Accessories,Webcams,Logitech C270 Webcam,2,2379.14,15,4044.54,3041.55,1002.99,UPI,Delivered,3.0
NR20250903035,2025-09-19,CUST00152,Aditi Mehta 6,East,Assam,Guwahati,Retail Store,Furniture,Office Chairs,Featherlite Astro Chair,1,10177.09,12,8955.84,6371.54,2584.3,Credit Card,Delivered,3.0
NR20251003056,2025-10-28,CUST00626,Simran Kaur 21,East,Bihar,Patna,Online,Office Supplies,Writing,Cello Ball Pen Pack ,4,182.7,5,694.26,513.23,181.03,Net Banking,Returned,8.0
NR20250203913,2025-02-19,CUST00931,Aarav Sharma 32,East,Assam,Guwahati,Online,Furniture,Desks,Wooden Study Desk,2,6778.81,7,12608.59,9127.0,3481.59,UPI,Returned,9.0
NR20250101443,2025-01-12,CUST01105,Manish Tiwari 37,North,Chandigarh,Chandigarh,Online,Electronics,Audio,boAt Airdopes 141,1,1360.92,2,1333.7,951.14,382.56,UPI,Delivered,3.0
NR20250500262,06/05/2025,CUST00828,Siddharth Rao 28,North,Rajasthan,Jaipur,Online,Office Supplies,Printing,Epson 003 Ink Bottle,3,659.13,10,1779.65,1420.28,359.37,Debit Card,Returned,5.0
NR20250602847,2025-06-25,CUST00411,Vikram Sethi 14,North,Delhi,Delhi,Retail Store,Accessories,Bags,Skybags Casual Backpack,1,1937.45,7,1801.83,1332.61,469.22,Debit Card,Delivered,7.0
NR20250201690,2025-02-05,CUST01134,Priya Nanda 38,North,Rajasthan,Jaipur,Retail Store,Electronics,Audio,JBL Tune 770NC,1,7249.09,5,6886.64,5327.76,1558.88,Cash,Delivered,6.0
NR20250401726,2025-04-29,CUST00503,Neha Chawla 17,West,Maharashtra,Nashik,Retail Store,Office Supplies,Printing,Epson 003 Ink Bottle,2,656.48,10,1181.66,928.94,252.72,Debit Card,Delivered,3.0
NR20250101204,2025-01-18,CUST01003,Rahul Gupta 34,West,Maharashtra,Nagpur,Online,Accessories,Mice,Logitech M331 Mouse,1,1421.61,5,1350.53,1016.92,333.61,Net Banking,Delivered,1.0
NR20250300835,2025-03-11,CUST00106,Sakshi Jain 4,West,Gujarat,Ahmedabad,Retail Store,Furniture,Storage,Wooden Filing Cabinet,2,8013.97,12,14104.59,11062.95,3041.64,Debit Card,Delivered,2.0
NR20250901867,2025-09-05,CUST00220,Meera Joshi 8,West,Maharashtra,Pune,Retail Store,Office Supplies,Printing,HP 805 Ink Cartridge,4,1264.99,5,4806.96,3971.94,835.02,UPI,Delivered,3.0
NR20250802497,2025-08-09,CUST00314,,West,Maharashtra,Pune,Corporate,Furniture,Storage,Metal Office Cabinet,10,8886.48,10,79978.32,60374.62,19603.7,Net Banking,Delivered,1.0
NR20251102011,2025-11-16,CUST00078,Siddharth Rao 3,North,Uttar Pradesh,Noida,Retail Store,Electronics,Audio,boAt Airdopes 141,2,1438.63,5,2733.4,2043.97,689.43,Cash,Delivered,3.0
NR20250700341,2025-07-28,CUST00225,Rohan Kulkarni 8,South,Andhra Pradesh,Visakhapatnam,Corporate,Office Supplies,Printing,Epson 003 Ink Bottle,15,682.19,10,9209.57,7791.19,1418.38,Debit Card,Delivered,4.0
NR20250304916,04-Mar-2025,CUST00107,Shreya Menon 4,East,Assam,Guwahati,Retail Store,Office Supplies,Stationery,Kangaro Stapler Set,3,283.99,5,809.37,591.94,217.43,Debit Card,Delivered,6.0
NR20250401602,2025-04-14,CUST00790,Meera Joshi 27,South,Kerala,Kochi,Retail Store,Electronics,Smartphones,Samsung Galaxy M35,1,21898.47,2,21460.5,18149.74,3310.76,Debit Card,Delivered,3.0
NR20250602797,2025-06-12,CUST01078,Isha Banerjee 36,East,Bihar,Patna,Online,Electronics,Smartphones,Samsung Galaxy M35,2,22132.35,7,41166.17,36796.11,4370.06,Credit Card,Delivered,6.0
NR20251104976,2025-11-08,CUST00888,Siddharth Rao 30,North,Uttarakhand,Dehradun,Online,Electronics,Laptops,Acer Aspire 5,1,62276.55,9,56671.66,46730.44,9941.22,UPI,Delivered,3.0
NR20250804761,2025-08-29,CUST00612,Pooja Singh 21,South,Kerala,Kochi,Corporate,Electronics,Smartphones,OnePlus Nord CE,8,25427.77,19,164771.95,145768.94,19003.01,Net Banking,Pending,6.0
NR20250300481,2025-03-16,CUST01141,Aarav Sharma 39,South,Tamil Nadu,Coimbatore,Online,Accessories,Bags,Skybags Casual Backpack,2,1941.98,10,3495.56,2605.61,889.95,Credit Card,Delivered,3.0
NR20251002911,2025-10-13,CUST00177,Aman Arora 6,West,Gujarat,Ahmedabad,Retail Store,Electronics,Audio,JBL Tune 770NC,2,7183.6,14,12355.79,9114.04,3241.75,Debit Card,Delivered,3.0
NR20250104260,2025-01-15,CUST00661,Aarav Sharma 23,North,Punjab,Ludhiana,Retail Store,Electronics,Laptops,HP 15s,2,53424.19,12,94026.57,79497.4,14529.17,Cash,Delivered,2.0
NR20251004232,2025-10-22,CUST01247,Shreya Menon 42,West,Maharashtra,Mumbai,Corporate,Accessories,Webcams,Logitech C270 Webcam,5,2454.21,2,12025.63,9028.81,2996.82,Credit Card,Delivered,4.0
NR20251203500,2025-12-16,CUST01235,Arjun Nair 42,South,Karnataka,Bengaluru,Online,Office Supplies,Printing,Epson 003 Ink Bottle,3,629.69,7,1756.84,1377.7,379.14,Credit Card,Delivered,3.0
NR20250204705,2025-02-11,CUST00446,Simran Kaur 15,West,Gujarat,Surat,Retail Store,Office Supplies,Files,Solo Executive File Pack,3,527.94,10,1425.44,1072.81,352.63,UPI,Delivered,2.0
NR20250903334,2025-09-27,CUST00689,Mohit Saxena 23,East,Jharkhand,Ranchi,Online,Office Supplies,Stationery,Kangaro Stapler Set,4,269.71,5,1024.9,726.58,298.32,Debit Card,Delivered,2.0
NR20250800800,2025-08-23,CUST00063,Aditya Verma 3,East,Jharkhand,Ranchi,Online,Office Supplies,Paper,JK Copier A4 Paper Ream,2,326.29,12,574.27,432.92,141.35,UPI,Delivered,4.0
NR20251101767,2025-11-25,CUST00320,Varun Bhatia 11,West,Maharashtra,Pune,Online,Electronics,Laptops,Acer Aspire 5,2,61540.61,14,105849.85,89132.32,16717.53,UPI,Delivered,6.0
NR20251204538,2025-12-02,CUST00781,Aarav Sharma 27,South,Andhra Pradesh,Visakhapatnam,Retail Store,Office Supplies,Files,Solo Executive File Pack,10,556.01,7,5170.89,4008.43,1162.46,Cash,Delivered,2.0
NR20250902454,2025-09-30,CUST00005,Arjun Nair 1,West,Gujarat,Ahmedabad,Online,Accessories,Bags,Skybags Casual Backpack,2,1830.42,5,3477.8,2610.0,867.8,UPI,Returned,8.0
NR20250103197,2025-01-25,CUST00011,Nikhil Patil 1,East,West Bengal,Kolkata,Corporate,Electronics,Audio,boAt Airdopes 141,5,1361.99,14,5856.56,4373.67,1482.89,Credit Card,Delivered,7.0
NR20250403930,2025-04-17,CUST00363,Aditya Verma 13,Central,Chhattisgarh,Bilaspur,Online,Electronics,Audio,JBL Tune 770NC,2,7482.6,5,14216.94,10748.01,3468.93,Net Banking,Delivered,5.0
NR20250504113,2025-05-23,CUST01226,Simran Kaur 41,West,Gujarat,Surat,Online,Office Supplies,Paper,JK Copier A4 Paper Ream,2,310.81,12,547.03,414.15,132.88,Debit Card,Cancelled,0.0
NR20251204744,2025-12-20,CUST01069,Tanvi Deshmukh 36,Central,Madhya Pradesh,Indore,Online,Furniture,Desks,Wooden Study Desk,1,6219.74,17,5162.38,3824.6,1337.78,Net Banking,Delivered,4.0
NR20250504825,2025-05-24,CUST00505,Manish Tiwari 17,East,Jharkhand,Ranchi,Retail Store,Office Supplies,Printing,Epson 003 Ink Bottle,1,647.9,7,602.55,476.83,125.72,Debit Card,Delivered,4.0
NR20251201272,2025-12-10,CUST00435,Rohan Kulkarni 15,West,Gujarat,Ahmedabad,Corporate,Electronics,Laptops,HP 15s,3,55331.42,12,146074.95,124574.88,21500.07,UPI,Delivered,2.0
NR20251103177,2025-11-19,CUST00320,Varun Bhatia 11,West,Maharashtra,Nashik,Online,Electronics,Audio,boAt Airdopes 141,2,1419.23,13,2469.46,1793.46,676.0,Credit Card,Delivered,2.0
NR20250104810,2025-01-30,CUST00438,Siddharth Rao 15,North,Delhi,Delhi,Online,Accessories,Keyboards,Logitech K120 Keyboard,3,834.73,0,2504.19,1779.64,724.55,Credit Card,Delivered,4.0
NR20250903194,2025-09-02,CUST00499,Tanvi Deshmukh 17,South,Karnataka,Mysuru,Corporate,Furniture,Desks,Wooden Study Desk,20,6481.16,5,123142.04,91822.4,31319.64,Net Banking,Delivered,4.0
NR20250704202,2025-07-26,CUST01160,Varun Bhatia 39,Central,Madhya Pradesh,Jabalpur,Online,Electronics,Tablets,Lenovo Tab M11,1,18125.48,7,16856.7,13772.29,3084.41,Net Banking,Delivered,3.0
NR20250300348,2025-03-17,CUST01210,Meera Joshi 41,West,Maharashtra,Nashik,Online,Electronics,Monitors,LG 24MP60G,2,12570.64,10,22627.15,18073.93,4553.22,UPI,Delivered,1.0
NR20251103999,2025-11-23,CUST00101,Nikhil Patil 4,South,Tamil Nadu,Chennai,Retail Store,Electronics,Laptops,HP 15s,4,53563.82,15,182116.99,154064.54,28052.45,Credit Card,Delivered,2.0
NR20250604690,2025-06-13,CUST00378,Siddharth Rao 13,North,Uttar Pradesh,Lucknow,Online,Office Supplies,Writing,Classmate Notebook Pack,4,435.35,0,1741.4,1294.76,446.64,UPI,Delivered,1.0
NR20250902563,2025-09-26,CUST01024,Ananya Iyer 35,Central,Madhya Pradesh,Gwalior,Retail Store,Office Supplies,Printing,Epson 003 Ink Bottle,3,685.23,10,1850.12,1393.43,456.69,UPI,Delivered,2.0
NR20250404655,2025-04-03,CUST00755,Arjun Nair 26,West,Gujarat,Ahmedabad,Online,Accessories,Power Banks,Ambrane 20000mAh Power Bank,1,1680.0,12,1478.4,1167.04,311.36,Credit Card,Delivered,3.0
NR20250501424,2025-05-22,CUST00595,Manish Tiwari 20,North,Punjab,Ludhiana,Online,Electronics,Audio,JBL Tune 770NC,1,7296.95,10,6567.26,5089.33,1477.93,Credit Card,Delivered,8.0
NR20250500657,2025-05-07,CUST00032,Aditi Mehta 2,South,Andhra Pradesh,Visakhapatnam,Retail Store,Office Supplies,Printing,Epson 003 Ink Bottle,2,637.91,5,1212.03,998.49,213.54,UPI,Returned,5.0
NR20250302103,2025-03-08,CUST00362,Aditi Mehta 13,East,West Bengal,Siliguri,Retail Store,Furniture,Storage,Metal Office Cabinet,2,9168.6,0,18337.2,13553.38,4783.82,UPI,Delivered,6.0
NR20250300633,2025-03-23,CUST01014,Priya Nanda 34,South,Telangana,Hyderabad,Online,Accessories,Cables,Belkin USB-C Cable,1,1060.77,7,986.52,671.57,314.95,Credit Card,Delivered,5.0
NR20250904580,2025-09-21,CUST00120,Sneha Pillai 4,South,Telangana,Hyderabad,Online,Furniture,Office Chairs,Green Soul Monster Chair,1,14511.05,12,12769.72,9051.86,3717.86,Credit Card,Cancelled,0.0
NR20251202494,2025-12-30,CUST00094,Ananya Iyer 4,South,Tamil Nadu,Coimbatore,Retail Store,Furniture,Office Chairs,Featherlite Astro Chair,5,10619.49,9,48318.68,34378.94,13939.74,Cash,Delivered,2.0
NR20251202666,2025-12-11,CUST00867,Aman Arora 29,North,Uttarakhand,Dehradun,Retail Store,Electronics,Tablets,Lenovo Tab M11,1,17188.54,9,15641.57,13218.39,2423.18,UPI,Delivered,5.0
NR20251203318,2025-12-26,CUST00670,Meera Joshi 23,South,Tamil Nadu,Coimbatore,Retail Store,Electronics,Laptops,HP 15s,1,53894.83,0,53894.83,46834.54,7060.29,Cash,Delivered,4.0
NR20250603775,2025-06-27,CUST00345,Rohan Kulkarni 12,Central,Madhya Pradesh,Bhopal,Retail Store,Furniture,Desks,Wooden Study Desk,1,6698.3,12,5894.5,4429.84,1464.66,UPI,Cancelled,0.0
NR20250403410,2025-04-02,CUST01124,Riya Das 38,South,Karnataka,Bengaluru,Online,Office Supplies,Stationery,Kangaro Stapler Set,5,277.02,2,1357.4,998.65,358.75,UPI,Delivered,2.0
NR20250903632,2025-09-02,CUST00763,Rahul Gupta 26,Central,Madhya Pradesh,Gwalior,Retail Store,Furniture,Office Chairs,Green Soul Monster Chair,2,14607.92,10,26294.26,18960.42,7333.84,UPI,Delivered,3.0
NR20250803707,2025-08-27,CUST00687,Aman Arora 23,South,Tamil Nadu,Chennai,Retail Store,Furniture,Office Chairs,Green Soul Monster Chair,1,14999.98,12,13199.98,9940.68,3259.3,UPI,Delivered,5.0
NR20250502501,2025-05-07,CUST00041,Nikhil Patil 2,North,Delhi,Delhi,Online,Office Supplies,Files,Solo Executive File Pack,2,507.1,10,912.78,716.69,196.09,UPI,Delivered,4.0
NR20251101466,2025-11-14,CUST00792,Pooja Singh 27,East,West Bengal,Siliguri,Online,Electronics,Audio,boAt Airdopes 141,2,1366.37,9,2486.79,1893.1,593.69,UPI,Delivered,4.0
NR20251204195,2025-12-24,CUST01115,Arjun Nair 38,West,Maharashtra,Pune,Online,Accessories,Cables,Portronics HDMI Cable,2,643.28,17,1067.84,751.24,316.6,UPI,Returned,7.0
NR20250400116,2025-04-02,CUST00950,Varun Bhatia 32,West,Gujarat,Vadodara,Online,Office Supplies,Files,Solo Executive File Pack,5,532.66,12,2343.7,1836.68,507.02,Debit Card,Delivered,4.0
NR20250701822,2025-07-31,CUST01015,Manish Tiwari 34,Central,Madhya Pradesh,Bhopal,Online,Office Supplies,Printing,Epson 003 Ink Bottle,4,655.93,12,2308.87,1841.04,467.83,Credit Card,Delivered,5.0
NR20250701495,2025-07-09,CUST00423,Aditya Verma 15,West,Maharashtra,Nashik,Retail Store,Electronics,Laptops,Acer Aspire 5,4,62968.45,7,234242.63,199834.36,34408.27,UPI,Delivered,1.0
NR20250302402,2025-03-05,CUST00266,Simran Kaur 9,East,Odisha,Bhubaneswar,Online,Furniture,Tables,Conference Table 6-Seater,1,28397.82,10,25558.04,19990.09,5567.95,Credit Card,Delivered,6.0
NR20250801233,2025-08-13,CUST00291,Vikram Sethi 10,West,Maharashtra,Pune,Online,Furniture,Desks,IKEA Linnmon Desk,2,8393.82,7,15612.51,11733.61,3878.9,UPI,Delivered,5.0
NR20250202662,2025-02-08,CUST00166,Sakshi Jain 6,West,Gujarat,Surat,Retail Store,Accessories,Cables,Belkin USB-C Cable,1,1099.44,7,1022.48,723.5,298.98,UPI,Delivered,2.0
NR20251002818,2025-10-11,CUST00966,Diya Shah 33,Central,Madhya Pradesh,Indore,Online,Electronics,Laptops,Acer Aspire 5,1,60735.79,5,57699.0,48968.39,8730.61,Debit Card,Delivered,3.0
NR20250303289,2025-03-21,CUST00283,Rahul Gupta 10,North,Punjab,Ludhiana,Retail Store,Accessories,Bags,American Tourister Laptop Bag,1,2602.29,12,2290.02,1668.47,621.55,Debit Card,Delivered,3.0
NR20250804638,2025-08-05,CUST00813,Aditya Verma 28,Central,Chhattisgarh,Bilaspur,Online,Accessories,Keyboards,Logitech K120 Keyboard,1,884.19,5,839.98,601.17,238.81,UPI,Delivered,5.0
NR20250401154,2025-04-21,CUST01198,Isha Banerjee 40,West,Gujarat,Vadodara,Online,Office Supplies,Stationery,Kangaro Stapler Set,4,282.1,15,959.14,707.74,251.4,Net Banking,Delivered,1.0
NR20250903964,2025-09-18,CUST00066,Diya Shah 3,West,Maharashtra,Nashik,Retail Store,Office Supplies,Printing,HP 805 Ink Cartridge,4,1257.0,5,4776.6,3893.16,883.44,Debit Card,Delivered,3.0
NR20251100058,2025-11-26,CUST00044,Riya Das 2,West,Gujarat,Ahmedabad,Retail Store,Furniture,Storage,Metal Office Cabinet,2,9453.0,15,16070.1,12305.58,3764.52,Credit Card,Delivered,3.0
NR20250903739,2025-09-08,CUST00622,Yash Agarwal 21,West,Maharashtra,Mumbai,Retail Store,Office Supplies,Stationery,Kangaro Stapler Set,1,283.93,0,283.93,210.66,73.27,Credit Card,Delivered,2.0
NR20251104351,2025-11-07,CUST00041,Nikhil Patil 2,South,Telangana,Hyderabad,Retail Store,Electronics,Monitors,LG 24MP60G,2,11920.48,11,21218.45,18023.42,3195.03,Credit Card,Delivered,5.0
NR20250503022,2025-05-28,CUST00063,Aditya Verma 3,West,Maharashtra,Nagpur,Online,Electronics,Tablets,Lenovo Tab M11,3,18405.57,7,51351.54,41150.39,10201.15,Debit Card,Delivered,3.0
NR20250301736,2025-03-01,CUST00948,Siddharth Rao 32,West,Gujarat,Surat,Retail Store,Furniture,Desks,IKEA Linnmon Desk,3,8523.15,7,23779.59,18334.52,5445.07,Debit Card,Delivered,4.0
NR20251102824,2025-11-25,CUST00232,Yash Agarwal 8,North,Delhi,Delhi,Online,Electronics,Audio,boAt Airdopes 141,1,1400.15,12,1232.13,921.5,310.63,Debit Card,Cancelled,0.0
NR20250602197,2025-06-23,CUST00457,Ishaan Kapoor 16,South,Andhra Pradesh,Visakhapatnam,Online,Office Supplies,Writing,Classmate Notebook Pack,8,458.73,7,3412.95,2601.25,811.7,UPI,Cancelled,0.0
NR20250903663,2025-09-20,CUST01204,Ananya Iyer 41,West,Maharashtra,Mumbai,Online,Electronics,Audio,boAt Airdopes 141,1,1402.48,9,1276.26,936.78,339.48,Credit Card,Delivered,4.0
NR20250302476,2025-03-05,CUST00813,Aditya Verma 28,Central,Madhya Pradesh,Jabalpur,Online,Electronics,Cameras,Canon EOS 1500D,1,47772.75,7,44428.66,38993.64,5435.02,Debit Card,Delivered,4.0
NR20250102565,2025-01-29,CUST00442,Yash Agarwal 15,North,Chandigarh,Chandigarh,Online,Office Supplies,Printing,Epson 003 Ink Bottle,3,643.84,10,1738.37,1323.49,414.88,UPI,Delivered,2.0
NR20250903260,2025-09-11,CUST00427,Ishaan Kapoor 15,West,Gujarat,Vadodara,Corporate,Accessories,Bags,American Tourister Laptop Bag,10,2541.39,9,23126.65,17134.14,5992.51,Credit Card,Delivered,3.0
NR20251003054,2025-10-18,CUST01233,Aditya Verma 42,East,Assam,Guwahati,Online,Electronics,Smartphones,OnePlus Nord CE,2,25709.62,11,45763.12,41045.7,4717.42,Net Banking,Delivered,5.0
NR20251102609,2025-11-24,CUST00776,Simran Kaur 26,East,West Bengal,Siliguri,Corporate,Office Supplies,Printing,Epson 003 Ink Bottle,5,647.02,19,2620.43,2093.2,527.23,Credit Card,Delivered,6.0
NR20250503768,2025-05-20,CUST00406,Sakshi Jain 14,East,West Bengal,Kolkata,Retail Store,Office Supplies,Writing,Classmate Notebook Pack,4,448.23,2,1757.06,1285.75,471.31,Debit Card,Returned,5.0
NR20250900708,2025-09-27,CUST01083,Aditya Verma 37,South,Andhra Pradesh,Vijayawada,Retail Store,Office Supplies,Printing,Epson 003 Ink Bottle,4,615.23,5,2337.87,1878.81,459.06,Debit Card,Delivered,2.0
NR20250704343,2025-07-15,CUST01086,Diya Shah 37,West,Maharashtra,Pune,Online,Furniture,Storage,Wooden Filing Cabinet,1,8080.63,2,7919.02,6135.22,1783.8,Credit Card,Returned,6.0
NR20250101094,2025-01-08,CUST00476,Simran Kaur 16,East,West Bengal,Siliguri,Online,Electronics,Tablets,Lenovo Tab M11,1,18618.69,7,17315.38,14814.93,2500.45,Net Banking,Delivered,5.0
NR20250803672,2025-08-24,CUST00469,Tanvi Deshmukh 16,East,Jharkhand,Ranchi,Retail Store,Electronics,Monitors,LG 24MP60G,1,12511.84,0,12511.84,10292.27,2219.57,Cash,Delivered,5.0
NR20250901377,2025-09-29,CUST00589,Tanvi Deshmukh 20,North,Uttar Pradesh,Noida,Online,Electronics,Monitors,LG 24MP60G,4,12157.87,14,41823.07,32939.47,8883.6,UPI,Delivered,6.0
NR20251004983,2025-10-31,CUST01217,Shreya Menon 41,Central,Madhya Pradesh,Bhopal,Online,Electronics,Smartphones,OnePlus Nord CE,1,23369.0,10,21032.1,18287.95,2744.15,UPI,Delivered,1.0
NR20250300073,2025-03-01,CUST01076,Simran Kaur 36,West,Goa,Goa,Online,Office Supplies,Writing,Classmate Notebook Pack,2,446.21,5,847.8,630.66,217.14,Credit Card,Cancelled,0.0
NR20251201923,2025-12-13,CUST00190,Meera Joshi 7,East,Jharkhand,Ranchi,Retail Store,Electronics,Audio,boAt Airdopes 141,3,1401.27,12,3699.35,2699.67,999.68,Debit Card,Delivered,3.0
NR20250503275,2025-05-19,CUST00578,Kavya Reddy 20,East,West Bengal,Siliguri,Online,Office Supplies,Paper,JK Copier A4 Paper Ream,3,323.42,2,950.85,733.13,217.72,Debit Card,Delivered,2.0
NR20250601765,2025-06-29,CUST00406,Sakshi Jain 14,East,West Bengal,Siliguri,Retail Store,Electronics,Laptops,HP 15s,1,54004.54,18,44283.72,37039.38,7244.34,UPI,Delivered,5.0
NR20251000744,2025-10-31,CUST00972,Pooja Singh 33,West,Gujarat,Ahmedabad,Corporate,Furniture,Office Chairs,Featherlite Astro Chair,10,10953.72,7,101869.6,73080.77,28788.83,Debit Card,Delivered,4.0
NR20250704617,2025-07-09,CUST00949,Tanvi Deshmukh 32,South,Andhra Pradesh,Vijayawada,Retail Store,Accessories,Power Banks,Ambrane 20000mAh Power Bank,1,1759.32,10,1583.39,1217.9,365.49,UPI,Delivered,
NR20250401006,2025-04-16,CUST01065,Rohan Kulkarni 36,Central,Chhattisgarh,Raipur,Online,Accessories,Cables,Portronics HDMI Cable,3,681.82,10,1840.91,1273.79,567.12,Net Banking,Delivered,5.0
NR20251102669,2025-11-26,CUST00466,Sakshi Jain 16,North,Uttar Pradesh,Noida,Online,Office Supplies,Printing,Epson 003 Ink Bottle,5,616.68,17,2559.22,1992.5,566.72,Credit Card,Delivered,4.0
NR20250201191,2025-02-10,CUST00399,Karan Malhotra 14,West,Maharashtra,Nagpur,Retail Store,Office Supplies,Printing,Epson 003 Ink Bottle,10,630.94,7,5867.74,4494.02,1373.72,Debit Card,Delivered,5.0
NR20250203292,2025-02-28,CUST01133,Neha Chawla 38,West,Goa,Goa,Retail Store,Electronics,Tablets,Lenovo Tab M11,1,17800.14,12,15664.12,12877.19,2786.93,Cash,Delivered,3.0
NR20250202602,2025-02-06,CUST01130,Varun Bhatia 38,West,Goa,Goa,Retail Store,Accessories,Cables,Belkin USB-C Cable,1,1066.67,2,1045.34,765.38,279.96,Debit Card,Delivered,3.0
NR20250101126,2025-01-18,CUST00493,Rahul Gupta 17,West,Gujarat,Surat,Online,Office Supplies,Printing,HP 805 Ink Cartridge,1,1264.55,2,1239.26,979.2,260.06,UPI,Delivered,5.0
NR20250201242,2025-02-28,CUST01239,Karan Malhotra 42,South,Tamil Nadu,Coimbatore,Online,Office Supplies,Files,Solo Executive File Pack,5,542.83,7,2524.16,1948.29,575.87,Credit Card,Delivered,3.0
NR20251103376,2025-11-18,CUST00913,Rahul Gupta 31,West,Maharashtra,Nagpur,Retail Store,Furniture,Desks,Wooden Study Desk,2,6455.33,10,11619.59,8816.87,2802.72,Cash,Delivered,4.0
NR20250204190,2025-02-13,CUST00773,Neha Chawla 26,North,Punjab,Ludhiana,Retail Store,Office Supplies,Files,Solo Executive File Pack,10,496.86,0,4968.6,4001.2,967.4,Cash,Delivered,4.0
NR20250703549,2025-07-26,CUST00044,Riya Das 2,West,Maharashtra,Pune,Online,Electronics,Laptops,HP 15s,3,54370.68,7,151694.2,129660.05,22034.15,Credit Card,Delivered,4.0
NR20250600999,2025-06-21,CUST00922,Yash Agarwal 31,West,Maharashtra,Nashik,Online,Office Supplies,Writing,Classmate Notebook Pack,2,438.33,2,859.13,636.92,222.21,Net Banking,Cancelled,0.0
NR20251003492,2025-10-08,CUST00568,Isha Banerjee 19,South,Kerala,Kochi,Online,Furniture,Storage,Wooden Filing Cabinet,2,7830.01,7,14563.82,11111.61,3452.21,UPI,Delivered,3.0
NR20250202685,2025-02-08,CUST00688,Isha Banerjee 23,West,Goa,Goa,Corporate,Furniture,Storage,Metal Office Cabinet,10,9667.43,0,96674.3,74507.63,22166.67,Credit Card,Delivered,3.0
NR20250901578,2025-09-22,CUST00986,Simran Kaur 33,West,Maharashtra,Nashik,Corporate,Furniture,Office Chairs,Featherlite Astro Chair,8,10700.47,7,79611.5,56048.81,23562.69,Net Banking,Delivered,4.0
NR20250204859,2025-02-01,CUST01016,Simran Kaur 34,East,West Bengal,Kolkata,Online,Furniture,Desks,Wooden Study Desk,1,6422.65,0,6422.65,4761.4,1661.25,Net Banking,Delivered,7.0
NR20251101827,2025-11-04,CUST00271,Aarav Sharma 10,East,Jharkhand,Ranchi,Retail Store,Office Supplies,Stationery,Kangaro Stapler Set,3,283.98,17,707.11,525.98,181.13,Debit Card,Delivered,5.0
NR20250703650,2025-07-28,CUST00848,Kavya Reddy 29,North,Uttar Pradesh,Noida,Retail Store,Furniture,Tables,Conference Table 6-Seater,2,27206.19,0,54412.38,41175.68,13236.7,Debit Card,Delivered,4.0
NR20250602571,2025-06-06,CUST00894,Priya Nanda 30,East,Odisha,Bhubaneswar,Online,Electronics,Audio,JBL Tune 770NC,1,6897.42,12,6069.73,4671.93,1397.8,Debit Card,Returned,6.0
NR20251104379,2025-11-16,CUST01080,Sneha Pillai 36,West,Gujarat,Ahmedabad,Corporate,Accessories,Mice,Logitech M331 Mouse,8,1447.12,12,10187.72,7136.63,3051.09,Net Banking,Delivered,3.0
NR20250600441,2025-06-28,CUST00798,Siddharth Rao 27,South,Andhra Pradesh,Visakhapatnam,Corporate,Office Supplies,Printing,HP 805 Ink Cartridge,10,1243.1,17,10317.73,8302.97,2014.76,Net Banking,Delivered,3.0
NR20251000927,2025-10-09,CUST00070,Meera Joshi 3,West,Maharashtra,Nashik,Retail Store,Office Supplies,Stationery,Faber-Castell Marker Set,4,353.9,2,1387.29,1017.07,370.22,Cash,Delivered,3.0
NR20250901101,2025-09-27,CUST00040,Meera Joshi 2,West,Maharashtra,Pune,Online,Electronics,Audio,boAt Airdopes 141,2,1434.88,15,2439.3,1742.44,696.86,Credit Card,Delivered,5.0
NR20250602638,2025-06-27,CUST01000,Meera Joshi 34,West,Maharashtra,Nashik,Corporate,Electronics,Tablets,Lenovo Tab M11,5,18027.84,13,78421.1,65703.97,12717.13,Net Banking,Delivered,1.0
NR20250803830,2025-08-09,CUST01083,Aditya Verma 37,South,Karnataka,Mysuru,Retail Store,Furniture,Desks,Wooden Study Desk,1,6558.64,12,5771.6,4205.63,1565.97,Cash,Delivered,3.0
NR20250500650,2025-05-25,CUST00858,Siddharth Rao 29,West,Maharashtra,Pune,Online,Accessories,Mice,Logitech M331 Mouse,2,1471.6,5,2796.04,2088.59,707.45,Debit Card,Delivered,4.0
NR20251101547,2025-11-11,CUST00587,Shreya Menon 20,North,Delhi,Delhi,Retail Store,Electronics,Smartphones,Samsung Galaxy M35,2,22381.49,14,38496.16,33279.24,5216.92,Cash,Delivered,5.0
NR20250703648,2025-07-27,CUST00300,Sneha Pillai 10,east,West Bengal,Siliguri,Online,Electronics,Laptops,HP 15s,2,55580.45,11,98933.2,82577.86,16355.34,UPI,Delivered,7.0
NR20250803670,2025-08-14,CUST01055,Arjun Nair 36,West,Gujarat,Surat,Retail Store,Office Supplies,Printing,Epson 003 Ink Bottle,3,655.36,7,1828.45,1454.51,373.94,Cash,Delivered,2.0
NR20250503265,2025-05-21,CUST00720,Sneha Pillai 24,North,Uttar Pradesh,Lucknow,Corporate,Accessories,Cables,Portronics HDMI Cable,3,655.78,10,1770.61,1251.26,519.35,Net Banking,Delivered,3.0
NR20250504369,2025-05-30,CUST00513,Aditya Verma 18,West,Maharashtra,Pune,Online,Office Supplies,Stationery,Faber-Castell Marker Set,3,356.76,12,941.85,687.09,254.76,UPI,Delivered,4.0
NR20250103854,2025-01-02,CUST00338,Kavya Reddy 12,North,Punjab,Ludhiana,Online,Electronics,Laptops,HP 15s,3,55189.0,12,145698.96,125812.08,19886.88,UPI,Delivered,3.0
NR20250100631,2025-01-26,CUST00584,Riya Das 20,South,Andhra Pradesh,Vijayawada,Online,Electronics,Smartphones,Samsung Galaxy M35,1,21431.67,7,19931.45,17507.71,2423.74,Credit Card,Delivered,3.0
NR20251100673,2025-11-22,CUST00437,Shreya Menon 15,North,Uttarakhand,Dehradun,Online,Furniture,Office Chairs,Green Soul Monster Chair,2,14736.95,10,26526.51,18822.79,7703.72,UPI,Delivered,3.0
NR20251201250,2025-12-08,CUST01199,Mohit Saxena 40,South,Telangana,Hyderabad,Online,Office Supplies,Printing,HP 805 Ink Cartridge,4,1275.56,23,3928.72,3066.56,862.16,UPI,Returned,4.0
NR20250200483,2025-02-17,CUST00897,Aman Arora 30,West,Gujarat,Surat,Retail Store,Electronics,Monitors,LG 24MP60G,1,12298.14,5,11683.23,9423.7,2259.53,Debit Card,Delivered,4.0
NR20251201585,2025-12-12,CUST00083,Neha Chawla 3,West,Gujarat,Surat,Corporate,Electronics,Laptops,Acer Aspire 5,3,62408.27,11,166630.08,134019.58,32610.5,Credit Card,Delivered,5.0
NR20251203174,2025-12-04,CUST00216,Diya Shah 8,West,Gujarat,Vadodara,Retail Store,Office Supplies,Printing,Epson 003 Ink Bottle,3,672.98,2,1978.56,1552.59,425.97,UPI,Delivered,2.0
NR20251104694,2025-11-10,CUST01010,Varun Bhatia 34,West,Gujarat,Ahmedabad,Corporate,Electronics,Smartphones,OnePlus Nord CE,5,25213.0,6,118501.1,105415.3,13085.8,Credit Card,Delivered,4.0
NR20250404979,2025-04-17,CUST00347,Shreya Menon 12,WEST,Gujarat,Ahmedabad,Online,Electronics,Laptops,HP 15s,1,54511.44,5,51785.87,44871.25,6914.62,Debit Card,Delivered,5.0
NR20251201463,2025-12-08,CUST00042,Pooja Singh 2,South,Andhra Pradesh,Vijayawada,Retail Store,Electronics,Smartphones,Samsung Galaxy M35,3,21015.46,5,59894.06,51210.72,8683.34,UPI,Delivered,3.0
NR20251204048,2025-12-02,CUST01045,Manish Tiwari 35,West,Gujarat,Ahmedabad,Online,Electronics,Laptops,Acer Aspire 5,1,62951.67,14,54138.44,46458.28,7680.16,UPI,Returned,7.0
NR20250703734,2025-07-26,CUST01031,Nikhil Patil 35,Central,Madhya Pradesh,Gwalior,Corporate,Office Supplies,Printing,Epson 003 Ink Bottle,8,640.0,10,4608.0,3632.57,975.43,Credit Card,Delivered,5.0
NR20250304616,2025-03-18,CUST00257,,North,Delhi,Delhi,Retail Store,Accessories,Power Banks,Ambrane 20000mAh Power Bank,1,1732.87,10,1559.58,1224.28,335.3,Debit Card,Delivered,2.0
NR20250802579,2025-08-01,CUST00257,Shreya Menon 9,West,Maharashtra,Nagpur,Retail Store,Electronics,Tablets,Lenovo Tab M11,2,18807.03,10,33852.65,27875.47,5977.18,Credit Card,Delivered,3.0
NR20251203915,2025-12-16,CUST00068,Kavya Reddy 3,East,Jharkhand,Ranchi,Corporate,Electronics,Audio,boAt Airdopes 141,2,1458.79,17,2421.59,1762.28,659.31,UPI,Delivered,4.0
NR20250900050,2025-09-08,CUST00925,Manish Tiwari 31,Central,Madhya Pradesh,Gwalior,Retail Store,Electronics,Tablets,Lenovo Tab M11,1,17793.52,17,14768.62,12323.29,2445.33,UPI,Delivered,1.0
NR20250504352,2025-05-18,CUST01043,Neha Chawla 35,East,Odisha,Bhubaneswar,Retail Store,Electronics,Smartphones,OnePlus Nord CE,2,25896.62,10,46613.92,41038.85,5575.07,UPI,Delivered,5.0
NR20250203211,2025-02-28,CUST01193,Neha Chawla 40,South,Andhra Pradesh,Visakhapatnam,Retail Store,Furniture,Tables,Conference Table 6-Seater,2,29513.5,5,56075.65,43033.81,13041.84,Debit Card,Delivered,2.0
NR20250300859,2025-03-14,CUST00628,Isha Banerjee 21,North,Delhi,Delhi,Online,Electronics,Audio,boAt Airdopes 141,2,1402.54,12,2468.47,1784.72,683.75,UPI,Delivered,3.0
NR20250301073,2025-03-04,CUST00820,Meera Joshi 28,South,Karnataka,Mysuru,Corporate,Furniture,Desks,Wooden Study Desk,5,6590.11,2,32291.54,22969.42,9322.12,UPI,Delivered,2.0
NR20250100720,2025-01-29,CUST00844,Ananya Iyer 29,West,Maharashtra,Nagpur,Online,Office Supplies,Printing,Epson 003 Ink Bottle,2,657.32,10,1183.18,912.99,270.19,Credit Card,Delivered,5.0
NR20250403259,2025-04-02,CUST00446,Simran Kaur 15,South,Karnataka,Mysuru,Retail Store,Furniture,Storage,Wooden Filing Cabinet,1,7883.29,15,6700.8,5246.11,1454.69,Cash,Delivered,4.0
NR20250902632,2025-09-10,CUST00780,Sneha Pillai 26,South,Andhra Pradesh,Vijayawada,Retail Store,Electronics,Cameras,Canon EOS 1500D,2,45729.1,11,81397.8,70797.18,10600.62,Cash,Delivered,2.0
NR20250704943,2025-07-25,CUST00780,Sneha Pillai 26,South,Karnataka,Bengaluru,Retail Store,Electronics,Monitors,LG 24MP60G,1,12294.41,15,10450.25,8663.22,1787.03,UPI,Delivered,4.0
NR20251201661,2025-12-08,CUST00638,Kavya Reddy 22,South,Tamil Nadu,Coimbatore,Online,Furniture,Desks,IKEA Linnmon Desk,1,8857.33,7,8237.32,6169.94,2067.38,Credit Card,Delivered,3.0
NR20251101657,2025-11-15,CUST00866,Simran Kaur 29,EAST,Jharkhand,Ranchi,Retail Store,Office Supplies,Stationery,Kangaro Stapler Set,2,275.52,7,512.47,370.63,141.84,Cash,Delivered,6.0
NR20251102426,2025-11-20,CUST00844,Ananya Iyer 29,East,West Bengal,Siliguri,Online,Office Supplies,Stationery,Kangaro Stapler Set,2,288.92,2,566.28,416.76,149.52,Debit Card,Delivered,5.0
NR20251103633,2025-11-16,CUST00388,Isha Banerjee 13,West,Maharashtra,Pune,Online,Furniture,Office Chairs,Green Soul Monster Chair,1,14321.93,10,12889.74,9485.72,3404.02,UPI,Returned,6.0
NR20250604307,2025-06-05,CUST00233,Neha Chawla 8,West,Gujarat,Surat,Corporate,Electronics,Smartphones,OnePlus Nord CE,10,24302.51,16,204141.08,180092.77,24048.31,Credit Card,Delivered,3.0
NR20250600066,2025-06-02,CUST00093,Aditya Verma 4,South,Kerala,Kochi,Retail Store,Accessories,Webcams,Logitech C270 Webcam,1,2533.09,5,2406.44,1886.3,520.14,Debit Card,Delivered,2.0
NR20250903412,2025-09-20,CUST00630,Sneha Pillai 21,West,Gujarat,Ahmedabad,Retail Store,Accessories,Mice,Logitech M331 Mouse,1,1503.89,7,1398.62,1016.09,382.53,Debit Card,Delivered,2.0
NR20250304541,2025-03-10,CUST00270,Sneha Pillai 9,East,Bihar,Patna,Online,Furniture,Storage,Metal Office Cabinet,1,9603.33,15,8162.83,6123.45,2039.38,Net Banking,Delivered,7.0
NR20250603408,2025-06-17,CUST00847,Ishaan Kapoor 29,East,West Bengal,Kolkata,Online,Electronics,Monitors,LG 24MP60G,1,12163.01,0,12163.01,9963.5,2199.51,UPI,Delivered,6.0
NR20250104820,2025-01-31,CUST00915,Rohan Kulkarni 31,North,Chandigarh,Chandigarh,Retail Store,Accessories,Cables,Belkin USB-C Cable,2,1137.14,10,2046.85,1435.02,611.83,UPI,Delivered,5.0
NR20250802935,2025-08-03,CUST00705,Rohan Kulkarni 24,South,Karnataka,Bengaluru,Retail Store,Electronics,Audio,boAt Airdopes 141,1,1358.99,22,1060.01,761.77,298.24,Cash,Delivered,4.0
NR20251004816,2025-10-22,CUST00346,Sakshi Jain 12,Central,Madhya Pradesh,Gwalior,Online,Office Supplies,Writing,Classmate Notebook Pack,1,455.73,7,423.83,319.11,104.72,UPI,Delivered,5.0
NR20250503208,2025-05-30,CUST00445,Manish Tiwari 15,South,Tamil Nadu,Coimbatore,Online,Office Supplies,Printing,Epson 003 Ink Bottle,4,630.39,10,2269.4,1726.42,542.98,UPI,Delivered,3.0
NR20250102607,2025-01-30,CUST00452,Aditi Mehta 16,West,Gujarat,Ahmedabad,Online,Accessories,Power Banks,Ambrane 20000mAh Power Bank,1,1706.07,5,1620.77,1252.97,367.8,UPI,Delivered,4.0
NR20250101386,2025-01-27,CUST00412,Yash Agarwal 14,West,Maharashtra,Nagpur,Online,Electronics,Audio,JBL Tune 770NC,1,7343.66,9,6682.73,5071.8,1610.93,UPI,Delivered,1.0
NR20250403950,2025-04-12,CUST00546,Diya Shah 19,West,Gujarat,Ahmedabad,Retail Store,Furniture,Storage,Metal Office Cabinet,2,9392.08,10,16905.74,12919.08,3986.66,Cash,Delivered,5.0
NR20250601400,2025-06-24,CUST01039,Tanvi Deshmukh 35,North,Punjab,Ludhiana,Retail Store,Office Supplies,Writing,Classmate Notebook Pack,4,464.57,18,1523.79,1115.1,408.69,UPI,Delivered,5.0
NR20250501196,2025-05-30,CUST00072,Pooja Singh 3,North,Chandigarh,Chandigarh,Corporate,Accessories,Bags,American Tourister Laptop Bag,20,2662.61,12,46861.94,36818.59,10043.35,Credit Card,Delivered,4.0
NR20250501409,2025-05-18,CUST00108,Siddharth Rao 4,North,Punjab,Amritsar,Online,Accessories,Bags,Skybags Casual Backpack,1,1937.38,7,1801.76,1315.95,485.81,Credit Card,Delivered,3.0
NR20251003939,2025-10-31,CUST00726,Diya Shah 25,West,Gujarat,Surat,Retail Store,Accessories,Power Banks,Ambrane 20000mAh Power Bank,2,1729.78,2,3390.37,2553.15,837.22,UPI,Delivered,4.0
NR20250401799,2025-04-15,CUST00142,Yash Agarwal 5,Central,Chhattisgarh,Bilaspur,Retail Store,Office Supplies,Writing,Classmate Notebook Pack,10,432.6,7,4023.18,2964.63,1058.55,Cash,Delivered,6.0
NR20250701476,2025-07-14,CUST00512,Aditi Mehta 18,East,West Bengal,Siliguri,Retail Store,Accessories,Cables,Portronics HDMI Cable,1,677.65,10,609.88,410.42,199.46,Debit Card,Delivered,5.0
NR20250303319,2025-03-28,CUST00586,Sakshi Jain 20,South,Karnataka,Bengaluru,Online,Electronics,Smartphones,Samsung Galaxy M35,2,22515.26,7,41878.38,35700.06,6178.32,Debit Card,Delivered,3.0
NR20251000036,2025-10-16,CUST01047,Aman Arora 35,South,Tamil Nadu,Coimbatore,Retail Store,Electronics,Laptops,Acer Aspire 5,3,62568.12,5,178319.14,146785.21,31533.93,Cash,Delivered,3.0
NR20250703651,2025-07-18,CUST00367,Ishaan Kapoor 13,West,Maharashtra,Mumbai,Online,Electronics,Audio,boAt Airdopes 141,1,1387.99,0,1387.99,1032.65,355.34,UPI, Delivered,3.0
NR20251002346,2025-10-18,CUST00942,Pooja Singh 32,North,Uttar Pradesh,Noida,Corporate,Office Supplies,Printing,Epson 003 Ink Bottle,8,644.04,9,4688.61,3730.78,957.83,UPI,Delivered,5.0
NR20250904436,2025-09-28,CUST00849,Karan Malhotra 29,West,Goa,Goa,Retail Store,Furniture,Desks,Wooden Study Desk,2,6939.02,2,13600.48,9753.86,3846.62,Debit Card,Delivered,5.0
NR20250602360,2025-06-25,CUST00970,Meera Joshi 33,North,Uttar Pradesh,Lucknow,Online,Electronics,Audio,JBL Tune 770NC,1,7355.39,10,6619.85,5027.84,1592.01,Credit Card,Delivered,5.0
NR20250502207,2025-05-10,CUST00096,Diya Shah 4,South,Kerala,Kochi,Online,Furniture,Desks,Wooden Study Desk,2,6458.8,5,12271.72,9233.7,3038.02,UPI,Delivered,5.0
NR20251204932,2025-12-29,CUST01185,Rohan Kulkarni 40,West,Gujarat,Vadodara,Corporate,Furniture,Office Chairs,Featherlite Astro Chair,8,10515.79,10,75713.69,52577.79,23135.9,Debit Card,Delivered,5.0
NR20250103881,2025-01-17,CUST00735,Rohan Kulkarni 25,Central,Madhya Pradesh,Gwalior,Online,Electronics,Tablets,Lenovo Tab M11,2,18091.46,7,33650.12,29048.62,4601.5,Debit Card,Cancelled,0.0
NR20250101287,2025-01-21,CUST00895,Manish Tiwari 30,West,Gujarat,Vadodara,Corporate,Accessories,Keyboards,Logitech K120 Keyboard,10,842.73,14,7247.48,5323.38,1924.1,Net Banking,Delivered,2.0
NR20250800350,2025-08-17,CUST00220,Meera Joshi 8,North,Delhi,Delhi,Corporate,Electronics,Monitors,LG 24MP60G,10,12874.01,19,104279.48,84981.34,19298.14,Credit Card,Delivered,4.0
NR20250602138,2025-06-27,CUST01116,Diya Shah 38,West,Gujarat,Surat,Retail Store,Furniture,Office Chairs,Featherlite Astro Chair,1,10489.5,7,9755.23,6583.01,3172.22,Debit Card,Delivered,2.0
NR20250602692,2025-06-29,CUST00139,Tanvi Deshmukh 5,West,Maharashtra,Nagpur,Retail Store,Electronics,Smartphones,Samsung Galaxy M35,2,22518.74,10,40533.73,35786.19,4747.54,Credit Card,Cancelled,0.0
NR20250503075,2025-05-18,CUST01243,,South,Andhra Pradesh,Vijayawada,Online,Office Supplies,Writing,Cello Ball Pen Pack,1,180.28,5,171.27,122.54,48.73,UPI,Delivered,3.0
NR20250103226,2025-01-04,CUST00199,Tanvi Deshmukh 7,West,Gujarat,Vadodara,Retail Store,Office Supplies,Printing,HP 805 Ink Cartridge,5,1305.66,10,5875.47,4847.99,1027.48,Credit Card,Delivered,6.0
NR20250101682,2025-01-29,CUST00315,Rohan Kulkarni 11,West,Maharashtra,Pune,Online,Office Supplies,Stationery,Kangaro Stapler Set,2,276.71,10,498.08,366.1,131.98,Credit Card,Delivered,5.0
NR20250704117,2025-07-19,CUST00236,Simran Kaur 8,South,Andhra Pradesh,Vijayawada,Corporate,Accessories,Cables,Belkin USB-C Cable,1,1110.28,2,1088.07,768.06,320.01,Credit Card,Delivered,6.0
NR20250301444,2025-03-31,CUST00287,Shreya Menon 10,East,Jharkhand,Ranchi,Retail Store,Furniture,Tables,Conference Table 6-Seater,3,28817.27,5,82129.22,62184.95,19944.27,UPI,Delivered,4.0
NR20250104363,2025-01-27,CUST01107,Aman Arora 37,South,Karnataka,Mysuru,Online,Furniture,Tables,Conference Table 6-Seater,1,27619.97,15,23476.97,19087.11,4389.86,Debit Card,Delivered,5.0
NR20250901672,2025-09-20,CUST00722,Aditi Mehta 25,Central,Madhya Pradesh,Gwalior,Online,Accessories,Bags,American Tourister Laptop Bag,1,2508.36,10,2257.52,1725.8,531.72,UPI,Delivered,4.0
NR20251003048,2025-10-25,CUST00897,Aman Arora 30,East,Odisha,Bhubaneswar,Online,Office Supplies,Stationery,Kangaro Stapler Set,2,281.04,10,505.87,372.7,133.17,Debit Card,Delivered,5.0
NR20250201180,2025-02-13,CUST00873,Aditya Verma 30,North,Rajasthan,Jaipur,Corporate,Electronics,Audio,boAt Airdopes 141,5,1389.14,9,6320.59,4686.11,1634.48,Net Banking,Delivered,6.0
NR20250902799,2025-09-28,CUST01221,Vikram Sethi 41,West,Maharashtra,Pune,Retail Store,Office Supplies,Writing,Cello Ball Pen Pack,5,185.72,5,882.17,649.61,232.56,UPI,Delivered,2.0
NR20250801693,2025-08-31,CUST00683,Neha Chawla 23,West,Maharashtra,Nashik,Online,Accessories,Cables,Belkin USB-C Cable,1,1077.95,5,1024.05,698.11,325.94,UPI,Delivered,2.0
NR20250804842,2025-08-17,CUST00593,Neha Chawla 20,North,Punjab,Ludhiana,Online,Electronics,Audio,boAt Airdopes 141,1,1330.71,2,1304.1,939.32,364.78,UPI,Delivered,5.0
NR20251200373,2025-12-28,CUST00981,Vikram Sethi 33,South,Kerala,Kochi,Retail Store,Electronics,Laptops,HP 15s,5,53688.78,14,230861.75,196635.82,34225.93,Cash,Delivered,6.0
NR20251203723,2025-12-13,CUST00325,Manish Tiwari 11,East,Jharkhand,Ranchi,Corporate,Office Supplies,Stationery,Faber-Castell Marker Set,20,368.79,9,6711.98,5072.14,1639.84,Net Banking,Pending,6.0
NR20250401917,2025-04-13,CUST00005,Arjun Nair 1,South,Tamil Nadu,Coimbatore,Online,Furniture,Storage,Wooden Filing Cabinet,1,8210.39,12,7225.14,5527.45,1697.69,UPI,Delivered,6.0
NR20250101358,2025-01-04,CUST01169,Mohit Saxena 39,West,Gujarat,Vadodara,Online,Office Supplies,Stationery,Kangaro Stapler Set,10,286.04,5,2717.38,1999.27,718.11,Net Banking,Delivered,6.0
NR20251101826,2025-11-16,CUST01174,Ananya Iyer 40,West,Maharashtra,Mumbai,Retail Store,Office Supplies,Printing,Epson 003 Ink Bottle,5,646.49,10,2909.2,2326.21,582.99,Credit Card,Delivered,3.0
NR20250100787,2025-01-17,CUST00983,Neha Chawla 33,South,Telangana,Hyderabad,Online,Furniture,Office Chairs,Featherlite Astro Chair,1,10086.92,2,9885.18,6977.49,2907.69,Debit Card,Returned,9.0
NR20251100470,2025-11-25,CUST00436,Sakshi Jain 15,South,Karnataka,Bengaluru,Retail Store,Furniture,Tables,Conference Table 6-Seater,1,28458.65,9,25897.37,21365.3,4532.07,Credit Card,Delivered,3.0
NR20250700141,2025-07-26,CUST00028,Isha Banerjee 1,East,West Bengal,Kolkata,Retail Store,Furniture,Desks,IKEA Linnmon Desk,1,8583.03,15,7295.58,5441.26,1854.32,UPI,Delivered,4.0
NR20250100789,2025-01-26,CUST00412,Yash Agarwal 14,West,Maharashtra,Mumbai,Online,Office Supplies,Writing,Cello Ball Pen Pack,4,175.95,7,654.53,474.88,179.65,Debit Card,Delivered,4.0
NR20250600324,2025-06-04,CUST01103,Neha Chawla 37,West,Gujarat,Surat,Online,Office Supplies,Writing,Classmate Notebook Pack,5,454.03,7,2111.24,1521.73,589.51,Debit Card,Delivered,4.0
NR20250400051,2025-04-04,CUST00569,Mohit Saxena 19,North,Punjab,Amritsar,Retail Store,Electronics,Laptops,Acer Aspire 5,1,61911.72,2,60673.49,51960.19,8713.3,Credit Card,Delivered,3.0
NR20250200715,2025-02-17,CUST00166,Sakshi Jain 6,West,Maharashtra,Pune,Online,Furniture,Storage,Metal Office Cabinet,5,9597.87,12,42230.63,31796.68,10433.95,UPI,Delivered,1.0
NR20250304553,2025-03-14,CUST00084,Priya Nanda 3,West,Maharashtra,Nashik,Corporate,Electronics,Laptops,Acer Aspire 5,10,66032.01,12,581081.69,472834.72,108246.97,Credit Card,Delivered,3.0
NR20250902841,2025-09-02,CUST00878,Kavya Reddy 30,West,Maharashtra,Mumbai,Retail Store,Office Supplies,Printing,HP 805 Ink Cartridge,2,1273.12,2,2495.32,1993.78,501.54,UPI,Delivered,1.0
NR20251102447,2025-11-13,CUST01176,Diya Shah 40,Central,Madhya Pradesh,Bhopal,Online,Furniture,Desks,IKEA Linnmon Desk,1,8153.81,5,7746.12,5764.29,1981.83,UPI,Delivered,5.0
NR20250604882,2025-06-05,CUST00087,Aman Arora 3,West,Goa,Goa,Retail Store,Accessories,Cables,Portronics HDMI Cable,1,678.95,10,611.06,415.81,195.25,Credit Card,Delivered,5.0
NR20250904483,2025-09-09,CUST00111,Vikram Sethi 4,West,Maharashtra,Nashik,Online,Accessories,Bags,American Tourister Laptop Bag,1,2637.82,7,2453.17,1931.86,521.31,Net Banking,Delivered,3.0
NR20250904661,2025-09-09,CUST00235,Manish Tiwari 8,West,Gujarat,Ahmedabad,Online,Electronics,Audio,JBL Tune 770NC,2,7102.43,10,12784.37,9881.88,2902.49,Debit Card,Delivered,4.0
NR20250503606,2025-05-21,CUST01221,Vikram Sethi 41,East,West Bengal,Siliguri,Retail Store,Electronics,Cameras,Canon EOS 1500D,1,43950.25,14,37797.21,31892.6,5904.61,Debit Card,Delivered,5.0
NR20250202667,2025-02-23,CUST00903,Aditya Verma 31,West,Goa,Goa,Corporate,Electronics,Laptops,HP 15s,15,53866.25,13,702954.56,586326.96,116627.6,Credit Card,Delivered,2.0
NR20250400407,2025-04-26,CUST01026,Diya Shah 35,North,Uttar Pradesh,Noida,Retail Store,Furniture,Desks,Wooden Study Desk,1,7016.73,0,7016.73,5167.72,1849.01,UPI,Delivered,2.0
NR20250703464,2025-07-19,CUST01096,Sakshi Jain 37,West,Maharashtra,Nagpur,Retail Store,Office Supplies,Writing,Classmate Notebook Pack,10,442.7,5,4205.65,3127.58,1078.07,Credit Card,Cancelled,0.0
NR20251101005,2025-11-24,CUST00627,Aman Arora 21,South,Tamil Nadu,Chennai,Retail Store,Electronics,Audio,boAt Airdopes 141,1,1427.04,18,1170.17,851.58,318.59,Cash,Delivered,3.0
NR20250303102,2025-03-02,CUST00982,Yash Agarwal 33,North,Uttar Pradesh,Noida,Retail Store,Accessories,Webcams,Logitech C270 Webcam,1,2479.42,15,2107.51,1552.73,554.78,UPI,Delivered,4.0
NR20251100891,2025-11-20,CUST00929,Mohit Saxena 31,North,Rajasthan,Jaipur,Online,Furniture,Desks,Wooden Study Desk,1,6529.45,5,6202.98,4544.11,1658.87,Net Banking,Delivered,4.0
NR20250602412,2025-06-05,CUST00365,Arjun Nair 13,West,Maharashtra,Pune,Retail Store,Furniture,Desks,IKEA Linnmon Desk,1,8091.9,10,7282.71,5501.8,1780.91,Debit Card,Delivered,1.0
NR20250802546,2025-08-14,CUST01195,Manish Tiwari 40,South,Tamil Nadu,Coimbatore,Online,Accessories,Mice,Logitech M331 Mouse,1,1517.78,7,1411.54,1024.14,387.4,Debit Card,Returned,5.0
NR20250103543,2025-01-29,CUST00920,Varun Bhatia 31,North,Delhi,Delhi,Online,Furniture,Storage,Wooden Filing Cabinet,1,7327.06,12,6447.81,5091.13,1356.68,UPI,Delivered,3.0
NR20250102391,2025-01-17,CUST00693,Aditya Verma 24,South,Karnataka,Bengaluru,Retail Store,Furniture,Desks,IKEA Linnmon Desk,1,8826.16,5,8384.85,6234.39,2150.46,UPI,Delivered,2.0
NR20250404059,2025-04-07,CUST00784,Ananya Iyer 27,West,Maharashtra,Pune,Retail Store,Office Supplies,Printing,Epson 003 Ink Bottle,8,654.6,0,5236.8,4066.99,1169.81,Credit Card,Delivered,2.0
NR20250600043,2025-06-20,CUST01223,Neha Chawla 41,West,Gujarat,Vadodara,Corporate,Accessories,Cables,Belkin USB-C Cable,15,1054.58,2,15502.33,11151.92,4350.41,Credit Card,Pending,3.0
NR20250202831,2025-02-25,CUST00952,Yash Agarwal 32,South,Andhra Pradesh,Vijayawada,Retail Store,Furniture,Office Chairs,Green Soul Monster Chair,3,14724.33,7,41080.88,30776.94,10303.94,Cash,Delivered,4.0
NR20251203413,2025-12-23,CUST00406,Sakshi Jain 14,West,Gujarat,Vadodara,Corporate,Accessories,Power Banks,Ambrane 20000mAh Power Bank,20,1741.79,14,29958.79,22416.78,7542.01,Credit Card,Delivered,3.0
NR20251103023,2025-11-10,CUST00954,Priya Nanda 32,East,Odisha,Bhubaneswar,Retail Store,Electronics,Cameras,Canon EOS 1500D,1,44565.67,0,44565.67,38711.89,5853.78,Credit Card,Cancelled,0.0
NR20251000304,2025-10-19,CUST00908,Kavya Reddy 31,East,West Bengal,Kolkata,Retail Store,Electronics,Smartphones,OnePlus Nord CE,1,25723.73,9,23408.59,20433.29,2975.3,UPI,Delivered,5.0
NR20250204578,2025-02-28,CUST00514,Ananya Iyer 18,East,Bihar,Patna,Corporate,Furniture,Office Chairs,Green Soul Monster Chair,8,14961.16,5,113704.82,78941.62,34763.2,Credit Card,Delivered,2.0
NR20250803860,2025-08-12,CUST00902,Aditi Mehta 31,South,Tamil Nadu,Coimbatore,Online,Electronics,Audio,JBL Tune 770NC,2,6834.67,10,12302.41,9461.74,2840.67,Net Banking,Delivered,2.0
NR20250400665,2025-04-20,CUST00095,Arjun Nair 4,West,Gujarat,Ahmedabad,Retail Store,Electronics,Tablets,Lenovo Tab M11,1,17438.94,2,17090.16,14294.18,2795.98,UPI,Delivered,8.0
NR20250901178,2025-09-05,CUST00027,Aman Arora 1, West ,Gujarat,Vadodara,Retail Store,Furniture,Storage,Metal Office Cabinet,1,8757.63,0,8757.63,6614.09,2143.54,Cash,Delivered,5.0
NR20250402677,2025-04-20,CUST00204,Priya Nanda 7,South,Karnataka,Bengaluru,Online,Furniture,Storage,Wooden Filing Cabinet,1,7782.75,2,7627.1,5786.13,1840.97,UPI,Delivered,6.0
NR20250301948,2025-03-03,CUST01115,Arjun Nair 38,South,Karnataka,Bengaluru,Corporate,Accessories,Keyboards,Logitech K120 Keyboard,2,815.16,7,1516.2,1083.21,432.99,Credit Card,Delivered,7.0
NR20250702502,2025-07-31,CUST00384,Priya Nanda 13,North,Punjab,Amritsar,Online,Office Supplies,Stationery,Kangaro Stapler Set,10,285.31,12,2510.73,1889.14,621.59,Debit Card,Delivered,2.0
NR20251101474,2025-11-15,CUST01085,Arjun Nair 37,South,Karnataka,Mysuru,Retail Store,Office Supplies,Files,Solo Executive File Pack,5,533.78,10,2402.01,1902.15,499.86,Credit Card,Delivered,4.0
NR20250703592,2025-07-24,CUST00424,Ananya Iyer 15,South,Telangana,Hyderabad,Retail Store,Electronics,Audio,boAt Airdopes 141,1,1419.91,12,1249.52,915.4,334.12,Cash,Delivered,2.0
NR20250203629,2025-02-10,CUST01024,Ananya Iyer 35,North,Chandigarh,Chandigarh,Online,Furniture,Desks,IKEA Linnmon Desk,5,8939.53,12,39333.93,29759.75,9574.18,UPI,Delivered,2.0
NR20250102133,2025-01-27,CUST00107,Shreya Menon 4,East,West Bengal,Siliguri,Online,Office Supplies,Stationery,Kangaro Stapler Set,5,283.07,10,1273.82,923.08,350.74,Net Banking,Delivered,6.0
NR20250701027,2025-07-19,CUST00722,Aditi Mehta 25,North,Uttarakhand,Dehradun,Online,Accessories,Cables,Belkin USB-C Cable,3,1097.37,2,3226.27,2370.0,856.27,UPI,Delivered,4.0
NR20251102990,2025-11-01,CUST00635,Arjun Nair 22,West,Maharashtra,Nagpur,Retail Store,Office Supplies,Printing,HP 805 Ink Cartridge,3,1220.95,10,3296.57,2711.19,585.38,Cash,Delivered,4.0
NR20250400962,2025-04-22,CUST00231,Vikram Sethi 8,North,Rajasthan,Jaipur,Retail Store,Accessories,Cables,Belkin USB-C Cable,1,1172.23,7,1090.17,754.35,335.82,UPI,Delivered ,2.0
NR20250902890,2025-09-11,CUST00116,Simran Kaur 4,West,Maharashtra,Pune,Online,Electronics,Laptops,HP 15s,3,53549.99,7,149404.47,127172.97,22231.5,Net Banking,Delivered,3.0
NR20250503022,2025-05-28,CUST00063,Aditya Verma 3,West,Maharashtra,Nagpur,Online,Electronics,Tablets,Lenovo Tab M11,3,18405.57,7,51351.54,41150.39,10201.15,Debit Card,Delivered,3.0
NR20251103016,2025-11-19,CUST00376,Sakshi Jain 13,North,Uttarakhand,Dehradun,Online,Office Supplies,Writing,Cello Ball Pen Pack,2,189.42,5,359.9,277.28,82.62,Credit Card,Delivered,6.0
NR20251203451,2025-12-02,CUST00510,Sneha Pillai 17,South,Tamil Nadu,Chennai,Online,Accessories,Bags,American Tourister Laptop Bag,2,2525.11,15,4292.69,3219.8,1072.89,UPI,Delivered,3.0
NR20250202010,2025-02-21,CUST01108,Isha Banerjee 37,North,Punjab,Amritsar,Online,Electronics,Monitors,LG 24MP60G,1,12260.48,16,10298.8,8301.71,1997.09,UPI,Returned,3.0
NR20250402150,2025-04-27,CUST01228,Isha Banerjee 41,East,Assam,Guwahati,Retail Store,Electronics,Smartphones,OnePlus Nord CE,1,25555.87,9,23255.84,20005.54,3250.3,Debit Card,Delivered,8.0
NR20251103427,2025-11-19,CUST00730,Meera Joshi 25,Central,Chhattisgarh,Raipur,Online,Accessories,Cables,Belkin USB-C Cable,1,1139.62,7,1059.85,752.34,307.51,Credit Card,Delivered,5.0
NR20251102339,2025-11-17,CUST00718,Isha Banerjee 24,East,Bihar,Patna,Online,Office Supplies,Stationery,Kangaro Stapler Set,4,282.21,15,959.51,684.78,274.73,Credit Card,Delivered,6.0
NR20250804007,2025-08-15,CUST00633,Aditya Verma 22,North,Uttar Pradesh,Lucknow,Corporate,Furniture,Tables,Conference Table 6-Seater,20,28493.19,14,490082.87,390637.9,99444.97,Credit Card,Delivered,3.0
NR20250700305,2025-07-28,CUST00282,Pooja Singh 10,South,Telangana,Hyderabad,Retail Store,Accessories,Power Banks,Ambrane 20000mAh Power Bank,1,1682.56,10,1514.3,1185.48,328.82,Credit Card,Delivered,3.0
NR20251101441,2025-11-09,CUST00880,Meera Joshi 30,South,Andhra Pradesh,Vijayawada,Online,Electronics,Laptops,HP 15s,1,53353.92,14,45884.37,38921.6,6962.77,UPI,Returned,8.0
NR20251101497,2025-11-03,CUST00597,Aman Arora 20,North,Uttarakhand,Dehradun,Corporate,Office Supplies,Printing,HP 805 Ink Cartridge,3,1273.28,2,3743.44,3041.0,702.44,Debit Card,Delivered,4.0
NR20250902653,2025-09-04,CUST00375,Rohan Kulkarni 13,East,Assam,Guwahati,Retail Store,Office Supplies,Printing,HP 805 Ink Cartridge,2,1297.52,15,2205.78,1769.35,436.43,UPI,Delivered,6.0
NR20250102876,2025-01-31,CUST00067,Ishaan Kapoor 3,West,Maharashtra,Nashik,Corporate,Furniture,Office Chairs,Featherlite Astro Chair,20,10629.56,9,193457.99,143659.11,49798.88,Net Banking,Delivered,4.0
NR20250100917,2025-01-13,CUST00325,Manish Tiwari 11,East,Jharkhand,Ranchi,Online,Furniture,Desks,IKEA Linnmon Desk,3,8432.52,15,21502.93,15832.19,5670.74,UPI,Delivered,7.0
NR20250804242,2025-08-17,CUST00626,Simran Kaur 21,North,Rajasthan,Jaipur,Retail Store,Accessories,Bags,American Tourister Laptop Bag,1,2547.37,7,2369.05,1761.95,607.1,Credit Card,Delivered,3.0
NR20250203834,2025-02-21,CUST00085,Manish Tiwari 3,East,Odisha,Bhubaneswar,Online,Office Supplies,Printing,HP 805 Ink Cartridge,2,1265.63,5,2404.7,1969.97,434.73,UPI,Delivered,7.0
NR20251102773,2025-11-12,CUST00114,Priya Nanda 4,West,Gujarat,Vadodara,Online,Electronics,Smartphones,Samsung Galaxy M35,3,21603.28,14,55736.46,48510.7,7225.76,Net Banking,Delivered,3.0
NR20251201625,2025-12-01,CUST00927,Aman Arora 31,West,Maharashtra,Pune,Online,Furniture,Storage,Wooden Filing Cabinet,3,7637.45,7,21308.49,16747.29,4561.2,UPI,Delivered,6.0
NR20250903952,2025-09-11,CUST00307,Ishaan Kapoor 11,North,Punjab,Ludhiana,Online,Electronics,Laptops,HP 15s,3,52954.93,12,139801.02,119601.34,20199.68,UPI,Delivered,3.0
NR20250700822,2025-07-15,CUST00073,Rahul Gupta 3,North,Rajasthan,Jaipur,Online,Electronics,Smartphones,OnePlus Nord CE,3,23969.24,5,68312.33,59328.97,8983.36,Net Banking,Delivered,3.0
NR20250503403,2025-05-06,CUST00034,Ananya Iyer 2,South,Kerala,Kochi,Corporate,Accessories,Bags,American Tourister Laptop Bag,5,2524.67,5,11992.18,8891.27,3100.91,UPI,Delivered,3.0
NR20250601355,2025-06-27,CUST00360,Sneha Pillai 12,South,Tamil Nadu,Chennai,Online,Office Supplies,Writing,Classmate Notebook Pack,2,460.33,7,856.21,646.71,209.5,Credit Card,Pending,5.0
NR20251104562,2025-11-23,CUST00656,Simran Kaur 22,North,Punjab,Ludhiana,Retail Store,Accessories,Cables,Belkin USB-C Cable,1,1111.36,18,911.32,673.75,237.57,Credit Card,Delivered,5.0
NR20250500851,2025-05-22,CUST00912,Pooja Singh 31,South,Andhra Pradesh,Vijayawada,Online,Furniture,Office Chairs,Green Soul Monster Chair,2,14041.36,7,26116.93,19253.19,6863.74,UPI,Delivered,4.0
NR20251201001,2025-12-13,CUST00507,Aman Arora 17, East ,Jharkhand,Ranchi,Corporate,Electronics,Smartphones,OnePlus Nord CE,2,25638.3,13,44610.64,39497.11,5113.53,Net Banking,Delivered,5.0
NR20250803483,2025-08-29,CUST00779,Mohit Saxena 26,North,Uttar Pradesh,Noida,Retail Store,Electronics,Audio,boAt Airdopes 141,2,1416.49,5,2691.33,2026.29,665.04,Cash,Delivered,1.0
NR20250200019,2025-02-25,CUST00676,Sakshi Jain 23,East,West Bengal,Kolkata,Online,Accessories,Cables,Belkin USB-C Cable,1,1121.38,5,1065.31,763.58,301.73,UPI,Delivered,3.0
NR20250801638,2025-08-18,CUST01044,Priya Nanda 35,West,Gujarat,Vadodara,Retail Store,Furniture,Desks,IKEA Linnmon Desk,1,8609.12,5,8178.66,5874.42,2304.24,Cash,Delivered,1.0
NR20250301668,2025-03-12,CUST00286,Sakshi Jain 10,North,Uttar Pradesh,Noida,Corporate,Accessories,Cables,Belkin USB-C Cable,3,1106.05,5,3152.24,2235.47,916.77,UPI,Delivered,4.0
NR20250900494,2025-09-29,CUST01009,Tanvi Deshmukh 34,East,Jharkhand,Ranchi,Corporate,Furniture,Storage,Metal Office Cabinet,3,9070.99,7,25308.06,18687.67,6620.39,Debit Card,Delivered,7.0
NR20250701348,2025-07-16,CUST00102,Pooja Singh 4,West,Goa,Goa,Corporate,Accessories,Cables,Belkin USB-C Cable,15,1113.39,10,15030.77,10741.58,4289.19,Credit Card,Delivered,3.0
NR20251103019,2025-11-29,CUST00718,Isha Banerjee 24,East,Bihar,Patna,Online,Electronics,Smartphones,OnePlus Nord CE,3,25662.24,12,67748.31,60152.03,7596.28,UPI,Delivered,7.0
NR20250503840,2025-05-31,CUST01229,Mohit Saxena 41,South,Andhra Pradesh,Vijayawada,Online,Electronics,Smartphones,Samsung Galaxy M35,2,21911.5,7,40755.39,35561.66,5193.73,Credit Card,Delivered,1.0
NR20250103358,2025-01-08,CUST00065,Arjun Nair 3,East,West Bengal,Kolkata,Retail Store,Furniture,Office Chairs,Featherlite Astro Chair,1,10978.04,7,10209.58,6947.95,3261.63,Debit Card,Delivered,6.0
NR20250803842,2025-08-11,CUST00193,Rahul Gupta 7,North,Delhi,Delhi,Retail Store,Office Supplies,Stationery,Kangaro Stapler Set,10,274.3,7,2550.99,1927.57,623.42,UPI,Delivered,4.0
NR20250703590,2025-07-12,CUST01178,Kavya Reddy 40,East,Assam,Guwahati,Retail Store,Electronics,Tablets,Lenovo Tab M11,1,18533.15,12,16309.17,13351.44,2957.73,Credit Card,Delivered,6.0
NR20250500688,2025-05-26,CUST00804,Priya Nanda 27,North,Uttarakhand,Dehradun,Retail Store,Accessories,Cables,Belkin USB-C Cable,1,1079.23,10,971.31,683.98,287.33,Debit Card,Delivered,3.0
NR20250802414,2025-08-06,CUST00741,Vikram Sethi 25,South,Kerala,Kochi,Online,Furniture,Desks,Wooden Study Desk,1,6492.73,0,6492.73,4740.78,1751.95,UPI,Delivered,
NR20250701609,2025-07-08,CUST00128,Kavya Reddy 5,South,Tamil Nadu,Coimbatore,Corporate,Electronics,Audio,boAt Airdopes 141,15,1407.3,11,18787.46,13287.55,5499.91,Credit Card,Delivered,7.0
NR20250204150,2025-02-15,CUST00648,Siddharth Rao 22,Central,Madhya Pradesh,Jabalpur,Online,Accessories,Bags,American Tourister Laptop Bag,1,2632.71,5,2501.07,1972.59,528.48,UPI,Delivered,3.0
NR20250104151,2025-01-28,CUST00375,Rohan Kulkarni 13,West,Gujarat,Ahmedabad,Online,Electronics,Audio,boAt Airdopes 141,3,1390.94,5,3964.18,2961.31,1002.87,Credit Card,Delivered,1.0
NR20251101010,2025-11-14,CUST00101,Nikhil Patil 4,South,Tamil Nadu,Chennai,Retail Store,Accessories,Power Banks,Ambrane 20000mAh Power Bank,2,1634.81,9,2975.35,2297.62,677.73,UPI,Delivered,5.0
NR20250402409,2025-04-07,CUST00116,Simran Kaur 4,East,West Bengal,Kolkata,Online,Electronics,Smartphones,Samsung Galaxy M35,1,21714.28,14,18674.28,15251.84,3422.44,Net Banking,Delivered,5.0
NR20250701093,2025-07-31,CUST00363,Aditya Verma 13,South,Andhra Pradesh,Visakhapatnam,Online,Accessories,Cables,Portronics HDMI Cable,2,672.34,0,1344.68,911.12,433.56,Net Banking,Delivered,5.0
NR20251201328,2025-12-13,CUST00172,Yash Agarwal 6,East,Jharkhand,Ranchi,Retail Store,Office Supplies,Writing,Cello Ball Pen Pack,5,182.05,7,846.53,612.69,233.84,Cash,Delivered,4.0
NR20251001678,2025-10-07,CUST00804,Priya Nanda 27,West,Gujarat,Ahmedabad,Online,Accessories,Cables,Portronics HDMI Cable,1,664.59,9,604.78,409.69,195.09,UPI,Delivered,3.0
NR20250402000,2025-04-23,CUST01241,Nikhil Patil 42,North,Chandigarh,Chandigarh,Online,Electronics,Smartphones,OnePlus Nord CE,3,24875.33,0,74625.99,64437.32,10188.67,Credit Card,Delivered,1.0
NR20251001311,2025-10-07,CUST00494,Riya Das 17,West,Maharashtra,Pune,Corporate,Electronics,Tablets,Lenovo Tab M11,15,17577.97,2,258396.16,218027.46,40368.7,Net Banking,Delivered,3.0
NR20250903152,2025-09-09,CUST00767,Shreya Menon 26,East,Jharkhand,Ranchi,Retail Store,Electronics,Tablets,Lenovo Tab M11,2,17748.11,20,28396.98,23468.85,4928.13,Debit Card, Delivered,5.0
NR20250603361,2025-06-30,CUST00969,Karan Malhotra 33,West,Gujarat,Vadodara,Corporate,Electronics,Monitors,LG 24MP60G,8,12866.47,16,86462.68,70953.39,15509.29,Net Banking,Delivered,5.0
NR20250801988,2025-08-08,CUST00326,Simran Kaur 11,North,Delhi,Delhi,Online,Office Supplies,Paper,JK Copier A4 Paper Ream,10,316.23,12,2782.82,2199.5,583.32,Credit Card,Delivered,6.0
NR20250403761,2025-04-24,CUST01084,Ananya Iyer 37,Central,Madhya Pradesh,Indore,Online,Electronics,Audio,boAt Airdopes 141,2,1439.91,7,2678.23,1871.54,806.69,Debit Card,Delivered,4.0
NR20250400345,2025-04-08,CUST00894,Priya Nanda 30,South,Karnataka,Mysuru,Online,Electronics,Monitors,LG 24MP60G,1,12144.01,0,12144.01,9760.84,2383.17,Credit Card,Delivered,
NR20250404246,2025-04-25,CUST00550,Meera Joshi 19,West,Gujarat,Ahmedabad,Corporate,Office Supplies,Paper,JK Copier A4 Paper Ream,8,315.16,12,2218.73,1710.9,507.83,Net Banking,Delivered,3.0
NR20250500987,2025-05-03,CUST01098,Siddharth Rao 37,South,Tamil Nadu,Coimbatore,Retail Store,Office Supplies,Paper,JK Copier A4 Paper Ream,3,331.33,12,874.71,664.4,210.31,UPI,Delivered,1.0
NR20251003968,2025-10-17,CUST00162,Pooja Singh 6,West,Gujarat,Ahmedabad,Corporate,Office Supplies,Paper,JK Copier A4 Paper Ream,3,325.79,7,908.95,711.53,197.42,Net Banking,Delivered,4.0
NR20250303921,2025-03-06,CUST00074,Riya Das 3,Central,Madhya Pradesh,Gwalior,Online,Accessories,Keyboards,Logitech K120 Keyboard,4,855.79,10,3080.84,2193.7,887.14,Net Banking,Returned,7.0
NR20250304375,2025-03-11,CUST00166,Sakshi Jain 6,South,Tamil Nadu,Coimbatore,Retail Store,Furniture,Office Chairs,Featherlite Astro Chair,1,10558.27,10,9502.44,6806.19,2696.25,UPI,Delivered,1.0
NR20250904644,2025-09-17,CUST01034,Riya Das 35,Central,Madhya Pradesh,Gwalior,Online,Office Supplies,Printing,HP 805 Ink Cartridge,3,1237.12,0,3711.36,3028.7,682.66,UPI,Delivered,2.0
NR20250704032,2025-07-10,CUST00896,Simran Kaur 30,South,Andhra Pradesh,Visakhapatnam,Online,Office Supplies,Printing,HP 805 Ink Cartridge,4,1228.0,0,4912.0,4059.12,852.88,Credit Card,Delivered,4.0
NR20250303128,2025-03-27,CUST00888,Siddharth Rao 30,South,Karnataka,Mysuru,Online,Accessories,Power Banks,Ambrane 20000mAh Power Bank,1,1736.46,7,1614.91,1265.89,349.02,Credit Card,Delivered,5.0
NR20251101143,2025-11-30,CUST00164,Riya Das 6,North,Punjab,Amritsar,Retail Store,Furniture,Storage,Wooden Filing Cabinet,1,7942.4,10,7148.16,5453.27,1694.89,Debit Card,Delivered,3.0
NR20251202359,2025-12-08,CUST00612,Pooja Singh 21,North,Rajasthan,Jaipur,Corporate,Electronics,Laptops,Acer Aspire 5,5,62060.09,16,260652.38,226277.98,34374.4,UPI,Delivered,4.0
NR20250201199,2025-02-21,CUST00226,Sakshi Jain 8,East,Odisha,Bhubaneswar,Corporate,Furniture,Office Chairs,Featherlite Astro Chair,2,10503.55,5,19956.74,14719.43,5237.31,Net Banking,Delivered,5.0
NR20250600086,2025-06-16,CUST00942,Pooja Singh 32,North,Chandigarh,Chandigarh,Corporate,Electronics,Smartphones,Samsung Galaxy M35,2,23254.9,7,43254.11,37775.86,5478.25,UPI,Delivered,1.0
NR20250301519,2025-03-01,CUST00287,Shreya Menon 10,West,Gujarat,Surat,Online,Electronics,Monitors,LG 24MP60G,1,12224.5,7,11368.78,9526.92,1841.86,UPI,Delivered,4.0
NR20250600517,2025-06-30,CUST00461,Nikhil Patil 16,South,Karnataka,Bengaluru,Online,Accessories,Webcams,Logitech C270 Webcam,3,2570.71,2,7557.89,5592.9,1964.99,Credit Card,Delivered,3.0
NR20250901382,2025-09-21,CUST01127,Shreya Menon 38,South,Karnataka,Bengaluru,Corporate,Accessories,Webcams,Logitech C270 Webcam,3,2551.28,10,6888.46,5069.57,1818.89,Net Banking,Delivered,3.0
NR20250302717,2025-03-05,CUST01083,Aditya Verma 37,North,Uttar Pradesh,Lucknow,Online,Electronics,Tablets,Lenovo Tab M11,2,17184.54,12,30244.79,24972.51,5272.28,Debit Card,Delivered,6.0
NR20250304834,2025-03-22,CUST00127,Ishaan Kapoor 5,West,Maharashtra,Mumbai,Online,Accessories,Cables,Belkin USB-C Cable,2,1114.61,10,2006.3,1387.45,618.85,UPI,Delivered,3.0
NR20251001015,2025-10-24,CUST00266,Simran Kaur 9,East,Bihar,Patna,Online,Accessories,Webcams,Logitech C270 Webcam,1,2480.29,12,2182.66,1683.73,498.93,Debit Card,Cancelled,0.0
NR20250300129,2025-03-23,CUST00661,Aarav Sharma 23,South,Telangana,Hyderabad,Online,Office Supplies,Files,Solo Executive File Pack,10,526.29,10,4736.61,3874.26,862.35,Debit Card,Returned,7.0
NR20250801365,2025-08-25,CUST00982,Yash Agarwal 33,South,Karnataka,Mysuru,Online,Office Supplies,Printing,Epson 003 Ink Bottle,2,655.67,15,1114.64,879.08,235.56,UPI,Delivered,3.0
NR20250104323,2025-01-23,CUST01080,Sneha Pillai 36,West,Maharashtra,Nashik,Online,Furniture,Storage,Metal Office Cabinet,1,9082.72,10,8174.45,6112.67,2061.78,UPI,Delivered,3.0
NR20250304097,2025-03-23,CUST01071,Vikram Sethi 36,Central,Madhya Pradesh,Gwalior,Online,Electronics,Smartphones,OnePlus Nord CE,2,23400.93,5,44461.77,38410.37,6051.4,Net Banking,Delivered,
NR20250604452,2025-06-24,CUST01122,Pooja Singh 38,West,Gujarat,Surat,Online,Office Supplies,Stationery,Faber-Castell Marker Set,8,359.7,2,2820.05,2180.07,639.98,UPI,Delivered,4.0
NR20250800892,2025-08-02,CUST00308,Kavya Reddy 11,Central,Chhattisgarh,Raipur,Online,Electronics,Tablets,Lenovo Tab M11,1,17693.04,2,17339.18,14135.41,3203.77,Net Banking,Returned,5.0
NR20250802794,2025-08-31,CUST00715,Manish Tiwari 24,West,Maharashtra,Nagpur,Retail Store,Electronics,Smartphones,Samsung Galaxy M35,1,22391.24,14,19256.47,16814.51,2441.96,UPI,Delivered,1.0
NR20251004542,2025-10-12,CUST00184,Ananya Iyer 7,West,Maharashtra,Nagpur,Online,Accessories,Cables, Portronics HDMI Cable,1,666.01,10,599.41,422.42,176.99,Net Banking,Delivered,1.0
NR20251201360,2025-12-09,CUST00845,Arjun Nair 29,East,Bihar,Patna,Retail Store,Electronics,Smartphones,OnePlus Nord CE,1,25372.42,14,21820.28,19476.09,2344.19,UPI,Delivered,5.0
NR20250300308,2025-03-16,CUST00126,Diya Shah 5,South,Tamil Nadu,Coimbatore,Retail Store,Furniture,Office Chairs,Green Soul Monster Chair,1,14161.71,0,14161.71,10071.65,4090.06,Debit Card,Delivered,4.0
NR20250701662,2025-07-13,CUST01218,Siddharth Rao 41,North,Chandigarh,Chandigarh,Retail Store,Accessories,Bags,Skybags Casual Backpack,1,1950.0,10,1755.0,1284.39,470.61,UPI,Returned,5.0
NR20251102432,2025-11-13,CUST00270,Sneha Pillai 9,North,Uttar Pradesh,Noida,Retail Store,Furniture,Storage,Wooden Filing Cabinet,2,7811.34,2,15310.23,12289.25,3020.98,Credit Card,Cancelled,0.0
NR20251004053,2025-10-30,CUST00344,Riya Das 12,Central,Madhya Pradesh,Jabalpur,Online,Electronics,Audio,boAt Airdopes 141,2,1393.61,4,2675.73,1910.11,765.62,Debit Card,Cancelled,0.0
NR20250101318,2025-01-27,CUST01043,Neha Chawla 35,East,Bihar,Patna,Online,Electronics,Smartphones,OnePlus Nord CE,1,25475.49,11,22673.19,19947.08,2726.11,Net Banking,Delivered,6.0
NR20251204366,2025-12-09,CUST00970,Meera Joshi 33,South,Telangana,Hyderabad,Online,Office Supplies,Printing,HP 805 Ink Cartridge,10,1271.07,7,11820.95,9248.38,2572.57,UPI,Delivered,3.0
NR20251202475,2025-12-13,CUST01179,Karan Malhotra 40,West,Maharashtra,Nashik,Online,Electronics,Audio,JBL Tune 770NC,2,7012.68,7,13043.58,9935.76,3107.82,Debit Card,Cancelled,0.0
NR20251202543,2025-12-04,CUST00560,Varun Bhatia 19,West,Maharashtra,Nashik,Online,Accessories,Bags,Skybags Casual Backpack,1,1933.19,7,1797.87,1318.39,479.48,UPI,Delivered,4.0
NR20250801247,2025-08-19,CUST00341,Nikhil Patil 12,West,Maharashtra,Nashik,Corporate,Electronics,Audio,boAt Airdopes 141,8,1399.82,16,9406.79,6900.85,2505.94,Net Banking,Delivered,3.0
NR20251103762,2025-11-14,CUST01195,Manish Tiwari 40,North,Chandigarh,Chandigarh,Retail Store,Furniture,Desks,Wooden Study Desk,1,6302.37,12,5546.09,3990.52,1555.57,Credit Card,Delivered,2.0
NR20250501209,2025-05-07,CUST01243,Rahul Gupta 42,South,Andhra Pradesh,Vijayawada,Corporate,Electronics,Monitors,LG 24MP60G,10,12410.18,14,106727.55,89033.93,17693.62,Credit Card,Delivered,5.0
NR20251200217,2025-12-21,CUST00319,Tanvi Deshmukh 11,South,Karnataka,Mysuru,Retail Store,Office Supplies,Printing,HP 805 Ink Cartridge,4,1222.19,10,4399.88,3637.48,762.4,UPI,Delivered,4.0
NR20250404355,2025-04-13,CUST00663,Aditya Verma 23,East,West Bengal,Siliguri,Retail Store,Electronics,Smartphones,OnePlus Nord CE,1,26164.55,5,24856.32,21820.36,3035.96,UPI,Delivered,7.0
NR20250303162,2025-03-01,CUST00184,Ananya Iyer 7,North,Punjab,Ludhiana,Retail Store,Electronics,Audio,boAt Airdopes 141,2,1411.62,9,2569.15,1866.71,702.44,UPI,Delivered,2.0
NR20250701240,2025-07-06,CUST00618,Siddharth Rao 21,South,Andhra Pradesh,Visakhapatnam,Online,Accessories,Mice,Logitech M331 Mouse,2,1442.47,7,2682.99,2016.25,666.74,UPI,Returned,10.0
NR20250302290,2025-03-31,CUST00431,Nikhil Patil 15,North,Rajasthan,Jaipur,Retail Store,Electronics,Smartphones,Samsung Galaxy M35,1,21962.18,19,17789.37,15623.62,2165.75,UPI,Delivered,4.0
NR20251002741,2025-10-18,CUST01080,Sneha Pillai 36,West,Maharashtra,Mumbai,Online,Accessories,Webcams,Logitech C270 Webcam,1,2496.6,5,2371.77,1699.01,672.76,Credit Card,Delivered,2.0
NR20250200276,2025-02-12,CUST00343,Rahul Gupta 12,West,Goa,Goa,Online,Electronics,Tablets,Lenovo Tab M11,1,17494.57,6,16444.9,13561.54,2883.36,UPI,Delivered,6.0
NR20250200490,2025-02-03,CUST01104,Priya Nanda 37,West,Gujarat,Surat,Online,Office Supplies,Printing,HP 805 Ink Cartridge,2,1255.08,5,2384.65,1999.65,385.0,Net Banking,Delivered,5.0
NR20250201036,2025-02-18,CUST00313,Rahul Gupta 11,North,Punjab,Amritsar,Retail Store,Electronics,Audio,boAt Airdopes 141,1,1409.78,17,1170.12,872.39,297.73,Credit Card,Delivered,2.0
NR20250301230,2025-03-03,CUST00333,Aditya Verma 12,West,Maharashtra,Nagpur,Corporate,Furniture,Office Chairs,Green Soul Monster Chair,8,14344.29,12,100983.8,72116.14,28867.66,UPI,Delivered,6.0
NR20250804650,2025-08-10,CUST00766,Sakshi Jain 26,West,Gujarat,Vadodara,Online,Electronics,Audio,JBL Tune 770NC,2,7209.53,5,13698.11,10014.0,3684.11,UPI,Delivered,4.0
NR20251001009,2025-10-30,CUST00751,Aarav Sharma 26,Central,Chhattisgarh,Bilaspur,Corporate,Electronics,Monitors,LG 24MP60G,8,12625.82,2,98986.43,81683.08,17303.35,UPI,Delivered,4.0
NR20250804774,2025-08-03,CUST00698,Kavya Reddy 24,East,West Bengal,Siliguri,Corporate,Furniture,Storage,Metal Office Cabinet,8,9414.16,9,68535.08,53658.06,14877.02,Credit Card,Delivered,7.0
NR20250504585,2025-05-22,CUST00318,Siddharth Rao 11,East,Jharkhand,Ranchi,Retail Store,Accessories,Cables,Portronics HDMI Cable,1,661.63,2,648.4,455.99,192.41,UPI,Delivered,5.0
NR20250104353,2025-01-19,CUST01189,Tanvi Deshmukh 40,East,West Bengal,Kolkata,Retail Store,Furniture,Office Chairs,Featherlite Astro Chair,1,10929.61,5,10383.13,7264.44,3118.69,UPI,Delivered,5.0
NR20250802533,2025-08-30,CUST00187,Ishaan Kapoor 7,Central,Chhattisgarh,Bilaspur,Online,Electronics,Audio,boAt Airdopes 141,3,1431.16,17,3563.59,2578.34,985.25,Credit Card,Delivered,5.0
NR20250504229,2025-05-16,CUST00577,Ishaan Kapoor 20,West,Goa,Goa,Online,Office Supplies,Files,Solo Executive File Pack,3,528.58,10,1427.17,1101.89,325.28,Credit Card,Delivered,1.0
NR20251201059,2025-12-07,CUST01091,Nikhil Patil 37,South,Kerala,Kochi,Online,Electronics,Smartphones,OnePlus Nord CE,1,25195.55,4,24187.73,20879.43,3308.3,UPI,Delivered,5.0
NR20250702167,2025-07-26,CUST00798,Siddharth Rao 27,North,Chandigarh,Chandigarh,Retail Store,Furniture,Tables,Conference Table 6-Seater,1,30530.4,10,27477.36,21354.77,6122.59,Credit Card,Delivered,1.0
NR20250904158,2025-09-26,CUST00057,Aman Arora 2,West,Maharashtra,Nashik,Corporate,Accessories,Bags,Skybags Casual Backpack,3,1853.12,17,4614.27,3413.46,1200.81,Net Banking,Delivered,3.0
NR20250803479,2025-08-20,CUST00588,Siddharth Rao 20,East,West Bengal,Siliguri,Retail Store,Electronics,Smartphones,Samsung Galaxy M35,1,21702.23,5,20617.12,17915.17,2701.95,UPI,Delivered,6.0
NR20250400282,2025-04-11,CUST00608,Kavya Reddy 21,West,Gujarat,Ahmedabad,Corporate,Office Supplies,Printing,Epson 003 Ink Bottle,8,671.28,12,4725.81,3772.1,953.71,Net Banking,Delivered,3.0
NR20250904614,2025-09-18,CUST01142,Aditi Mehta 39,South,Kerala,Kochi,Corporate,Electronics,Monitors,LG 24MP60G,20,12563.82,14,216097.7,177488.19,38609.51,Debit Card,Delivered,4.0
NR20251001317,2025-10-04,CUST00380,Varun Bhatia 13,East,Assam,Guwahati,Retail Store,Furniture,Desks,IKEA Linnmon Desk,3,8337.05,5,23760.59,18254.19,5506.4,Debit Card,Delivered,5.0
NR20250404636,2025-04-12,CUST00579,Karan Malhotra 20,North,Delhi,Delhi,Online,Accessories,Cables,Portronics HDMI Cable,2,633.68,15,1077.26,739.0,338.26,Debit Card,Delivered,3.0
NR20251200969,2025-12-27,CUST00744,Priya Nanda 25,Central,Chhattisgarh,Raipur,Retail Store,Accessories,Webcams,Logitech C270 Webcam,4,2497.91,5,9492.06,7122.45,2369.61,Cash,Delivered,3.0
NR20250603227,2025-06-08,CUST00939,Karan Malhotra 32,Central,Madhya Pradesh,Gwalior,Online,Furniture,Storage,Wooden Filing Cabinet,2,7862.16,2,15409.83,11686.8,3723.03,UPI,Delivered,4.0
NR20250704039,2025-07-22,CUST00484,Ananya Iyer 17,Central,Madhya Pradesh,Bhopal,Retail Store,Accessories,Mice,Logitech M331 Mouse,1,1512.88,12,1331.33,956.6,374.73,UPI,Returned,8.0
NR20250104628,2025-01-12,CUST00449,Mohit Saxena 15,Central,Madhya Pradesh,Indore,Online,Accessories,Cables,Portronics HDMI Cable,1,645.11,12,567.7,398.88,168.82,UPI,Delivered,6.0
NR20251204523,2025-12-09,CUST00368,Kavya Reddy 13,Central,Madhya Pradesh,Bhopal,Retail Store,Electronics,Laptops,HP 15s,2,51892.16,0,103784.32,88950.12,14834.2,Debit Card,Delivered,5.0
NR20251000620,2025-10-15,CUST00019,Tanvi Deshmukh 1,West,Gujarat,Surat,Online,Furniture,Desks,Wooden Study Desk,1,6730.74,15,5721.13,4387.96,1333.17,Net Banking,Delivered,4.0
NR20251103337,2025-11-11,CUST01079,Mohit Saxena 36,North,Uttar Pradesh,Noida,Corporate,Office Supplies,Printing,HP 805 Ink Cartridge,10,1213.88,17,10075.2,8174.81,1900.39,Net Banking,Returned,7.0
NR20251101743,2025-11-09,CUST00637,Ishaan Kapoor 22,East,Jharkhand,Ranchi,Online,Office Supplies,Writing,Classmate Notebook Pack,2,455.63,14,783.68,564.62,219.06,Net Banking,Delivered,5.0
NR20250201391,2025-02-01,CUST00729,Karan Malhotra 25,North,Rajasthan,Jaipur,Corporate,Electronics,Cameras,Canon EOS 1500D,10,46706.55,11,415688.29,356966.34,58721.95,Credit Card,Delivered,2.0
NR20250804544,2025-08-01,CUST01188,Siddharth Rao 40,West,Gujarat,Surat,Online,Electronics,Audio,JBL Tune 770NC,1,7231.33,7,6725.14,5176.97,1548.17,Debit Card,Delivered,5.0
NR20251201848,2025-12-15,CUST00246,Diya Shah 9,West,Gujarat,Surat,Retail Store,Furniture,Storage,Wooden Filing Cabinet,2,8050.53,12,14168.93,10857.19,3311.74,UPI,Delivered,2.0
NR20251101580,2025-11-07,CUST00847,Ishaan Kapoor 29,West,Maharashtra,Nashik,Retail Store,Office Supplies,Stationery,Kangaro Stapler Set,5,276.16,10,1242.72,953.69,289.03,Credit Card,Delivered,1.0
NR20250801656,2025-08-25,CUST00301,Aarav Sharma 11,North,Delhi,Delhi,Online,Accessories,Keyboards,Logitech K120 Keyboard,1,861.55,10,775.39,571.66,203.73,Credit Card,Delivered,5.0
NR20250202353,2025-02-05,CUST00503,Neha Chawla 17,West,Gujarat,Vadodara,Online,Accessories,Mice,Logitech M331 Mouse,2,1429.35,5,2715.76,1967.37,748.39,UPI,Delivered,6.0
NR20251002213,2025-10-23,CUST01246,Sakshi Jain 42,West,Gujarat,Vadodara,Online,Electronics,Laptops,HP 15s,1,54864.05,10,49377.65,41550.35,7827.3,Net Banking,Delivered,1.0
NR20251102021,2025-11-25,CUST00102,Pooja Singh 4,North,Punjab,Amritsar,Corporate,Electronics,Audio,boAt Airdopes 141,8,1410.68,11,10044.04,7521.2,2522.84,UPI,Delivered,6.0
NR20251104122,2025-11-15,CUST00613,Rahul Gupta 21,West,Maharashtra,Nagpur,Corporate,Electronics,Smartphones,OnePlus Nord CE,3,24849.25,15,63365.59,54830.63,8534.96,Credit Card,Delivered,2.0
NR20250901957,2025-09-02,CUST00604,Ananya Iyer 21,East,Assam,Guwahati,Corporate,Electronics,Monitors,LG 24MP60G,20,12090.66,10,217631.88,176404.26,41227.62,Net Banking,Delivered,11.0
NR20250101308,2025-01-27,CUST01220,Varun Bhatia 41,North,Chandigarh,Chandigarh,Retail Store,Electronics,Smartphones,OnePlus Nord CE,5,24466.96,12,107654.62,97759.84,9894.78,Cash,Delivered,4.0
NR20251102004,2025-11-05,CUST01106,Simran Kaur 37,West,Gujarat,Ahmedabad,Corporate,Office Supplies,Paper,JK Copier A4 Paper Ream,5,325.77,12,1433.39,1126.01,307.38,Net Banking,Delivered,4.0
NR20251204520,2025-12-17,CUST01199,Mohit Saxena 40,South,Karnataka,Mysuru,Online,Accessories,Bags,Skybags Casual Backpack,1,1935.05,12,1702.84,1217.66,485.18,Debit Card,Delivered,3.0
NR20250900576,2025-09-14,CUST00843,Aditya Verma 29,South,Andhra Pradesh,Vijayawada,Online,Electronics,Smartphones,OnePlus Nord CE,2,24900.73,7,46315.36,40798.41,5516.95,Credit Card,Delivered,5.0
NR20250702361,2025-07-12,CUST00878,Kavya Reddy 30,East,West Bengal,Kolkata,Online,Furniture,Office Chairs,Featherlite Astro Chair,1,10760.2,10,9684.18,6471.45,3212.73,Debit Card,Delivered,4.0
NR20250304263,2025-03-07,CUST00134,Riya Das 5,East,Jharkhand,Ranchi,Online,Office Supplies,Stationery,Faber-Castell Marker Set,3,358.43,12,946.26,748.12,198.14,Debit Card,Returned,8.0
NR20250604501,2025-06-25,CUST01077,,North,Punjab,Amritsar,Online,Office Supplies,Writing,Classmate Notebook Pack,3,457.55,10,1235.39,915.79,319.6,Credit Card,Delivered,4.0
NR20250801707,2025-08-10,CUST01179,Karan Malhotra 40,South,Andhra Pradesh,Vijayawada,Retail Store,Furniture,Desks,Wooden Study Desk,2,6592.98,12,11603.64,8913.93,2689.71,UPI,Delivered,5.0
NR20250704728,2025-07-08,CUST01137,Aman Arora 38,West,Gujarat,Ahmedabad,Corporate,Electronics,Tablets,Lenovo Tab M11,10,18167.47,0,181674.7,156391.82,25282.88,Net Banking,Delivered,3.0
NR20251103900,2025-11-21,CUST00457,Ishaan Kapoor 16,West,Gujarat,Surat,Online,Electronics,Cameras,Canon EOS 1500D,2,46973.16,0,93946.32,79358.4,14587.92,UPI,Delivered,3.0
NR20251001281,2025-10-13,CUST00818,Kavya Reddy 28,Central,Madhya Pradesh,Jabalpur,Online,Furniture,Office Chairs,Featherlite Astro Chair,3,10484.03,10,28306.88,20023.1,8283.78,UPI,Delivered,4.0
NR20250900862,2025-09-28,CUST01140,Sneha Pillai 38,Central,Madhya Pradesh,Jabalpur,Online,Office Supplies,Writing,Classmate Notebook Pack,3,452.35,7,1262.06,949.85,312.21,Credit Card,Delivered,5.0
NR20250904205,2025-09-23,CUST00955,Manish Tiwari 32,North,Delhi,Delhi,Online,Electronics,Monitors,LG 24MP60G,3,12620.16,0,37860.48,31351.08,6509.4,Credit Card,Delivered,3.0
NR20250401802,2025-04-07,CUST00421,Aarav Sharma 15,Central,Madhya Pradesh,Gwalior,Online,Office Supplies,Paper,JK Copier A4 Paper Ream,8,303.11,7,2255.14,1772.03,483.11,Credit Card,Delivered,2.0
NR20251101629,2025-11-12,CUST00004,Ananya Iyer 1,North,Rajasthan,Jaipur,Retail Store,Electronics,Laptops,HP 15s,5,54519.17,14,234432.43,207905.9,26526.53,UPI,Delivered,1.0
NR20251201994,2025-12-29,CUST00594,Priya Nanda 20,West,Gujarat,Vadodara,Corporate,Furniture,Office Chairs,Green Soul Monster Chair,20,14213.36,5,270053.84,192650.2,77403.64,Net Banking,Delivered,8.0
NR20251202640,2025-12-04,CUST00767,Shreya Menon 26, North ,Rajasthan,Jaipur,Online,Furniture,Storage,Wooden Filing Cabinet,1,7743.22,12,6814.03,5127.32,1686.71,Credit Card,Delivered,4.0
NR20250200270,2025-02-17,CUST00723,Aditya Verma 25,South,Andhra Pradesh,Visakhapatnam,Online,Accessories,Bags,American Tourister Laptop Bag,1,2700.67,15,2295.57,1691.84,603.73,Net Banking,Delivered,3.0
NR20251000630,2025-10-10,CUST00438,,East,Odisha,Bhubaneswar,Online,Office Supplies,Stationery,Kangaro Stapler Set,3,290.7,7,811.05,616.9,194.15,Debit Card,Delivered,5.0
NR20250303082,2025-03-13,CUST00326,Simran Kaur 11,North,Delhi,Delhi,Retail Store,Accessories,Mice,Logitech M331 Mouse,5,1374.54,7,6391.61,4834.71,1556.9,Credit Card,Delivered,3.0
NR20250802335,2025-08-25,CUST00141,Vikram Sethi 5,South,Tamil Nadu,Chennai,Retail Store,Accessories,Power Banks,Ambrane 20000mAh Power Bank,2,1686.89,5,3205.09,2374.16,830.93,Debit Card,Delivered,3.0
NR20251002967,2025-10-25,CUST00652,Yash Agarwal 22,South,Telangana,Hyderabad,Retail Store,Electronics,Smartphones,OnePlus Nord CE,1,25553.32,12,22486.92,19004.29,3482.63,UPI,Delivered,2.0
NR20250800301,2025-08-13,CUST01095,Rohan Kulkarni 37,West,Maharashtra,Nashik,Online,Office Supplies,Paper,JK Copier A4 Paper Ream,5,314.65,15,1337.26,1001.71,335.55,Net Banking,Returned,3.0
NR20250100460,2025-01-26,CUST00016,Sakshi Jain 1,South,Tamil Nadu,Coimbatore,Corporate,Office Supplies,Printing,Epson 003 Ink Bottle,3,665.76,10,1797.55,1417.54,380.01,Credit Card,Delivered,5.0
NR20250601448,2025-06-19,CUST00579,Karan Malhotra 20,East,West Bengal,Siliguri,Online,Office Supplies,Files,Solo Executive File Pack,8,524.41,7,3901.61,3066.1,835.51,UPI,Delivered,9.0
NR20250101473,2025-01-23,CUST00674,Riya Das 23,South,Tamil Nadu,Chennai,Corporate,Office Supplies,Writing,Classmate Notebook Pack,15,445.2,15,5676.3,4190.87,1485.43,UPI,Delivered,3.0
NR20250802047,2025-08-10,CUST00146,Simran Kaur 5,Central,Chhattisgarh,Bilaspur,Online,Office Supplies,Printing,HP 805 Ink Cartridge,3,1237.88,10,3342.28,2833.14,509.14,UPI,Delivered,4.0
NR20250604289,2025-06-23,CUST01111,Aarav Sharma 38,East,Assam,Guwahati,Online,Electronics,Monitors,LG 24MP60G,1,12699.3,12,11175.38,9288.81,1886.57,UPI,Delivered,4.0
NR20250404177,2025-04-07,CUST00354,,West,Maharashtra,Mumbai,Online,Accessories,Cables,Belkin USB-C Cable,1,1088.51,10,979.66,697.49,282.17,UPI,Delivered,3.0
NR20250702114,2025-07-23,CUST00361,Aarav Sharma 13,North,Chandigarh,Chandigarh,Online,Office Supplies,Stationery,Kangaro Stapler Set,4,272.22,7,1012.66,746.13,266.53,Net Banking,Returned,4.0
NR20251000028,2025-10-12,CUST00149,Mohit Saxena 5,Central,Chhattisgarh,Raipur,Corporate,Office Supplies,Paper,JK Copier A4 Paper Ream,10,316.34,4,3036.86,2406.8,630.06,Credit Card,Delivered,4.0
NR20250404005,2025-04-17,CUST00745,Manish Tiwari 25,South,Kerala,Kochi,Corporate,Electronics,Laptops,Acer Aspire 5,20,61958.34,7,1152425.12,939905.94,212519.18,Net Banking,Delivered,5.0
NR20250104587,2025-01-19,CUST00505,Manish Tiwari 17,East,West Bengal,Kolkata,Retail Store,Electronics,Laptops,HP 15s,1,57520.65,5,54644.62,46010.14,8634.48,Debit Card,Delivered,3.0
NR20250600838,2025-06-17,CUST00158,Kavya Reddy 6,Central,Madhya Pradesh,Indore,Online,Accessories,Webcams,Logitech C270 Webcam,1,2459.21,12,2164.1,1613.41,550.69,UPI,Delivered,5.0
NR20250803941,2025-08-27,CUST01094,Riya Das 37,North,Uttar Pradesh,Lucknow,Retail Store,Office Supplies,Printing,HP 805 Ink Cartridge,1,1230.18,2,1205.58,960.65,244.93,Debit Card,Delivered,5.0
NR20251203471,2025-12-10,CUST00974,Riya Das 33,South,Karnataka,Mysuru,Retail Store,Office Supplies,Stationery,Kangaro Stapler Set,2,283.46,14,487.55,368.28,119.27,UPI,Returned,5.0
NR20251202009,2025-12-13,CUST00889,Tanvi Deshmukh 30,South,Karnataka,Bengaluru,Retail Store,Office Supplies,Writing,Classmate Notebook Pack,3,454.35,17,1131.33,856.44,274.89,UPI,Delivered,2.0
NR20250604977,2025-06-09,CUST00694,Ananya Iyer 24,East,Bihar,Patna,Retail Store,Furniture,Desks,Wooden Study Desk,1,6415.45,10,5773.9,4354.94,1418.96,Credit Card,Delivered,4.0
NR20251100504,2025-11-17,CUST00673,Rahul Gupta 23,West,Maharashtra,Nashik,Online,Furniture,Tables,Conference Table 6-Seater,2,29240.39,14,50293.47,38443.06,11850.41,UPI,Delivered,2.0
NR20250103309,2025-01-19,CUST00847,Ishaan Kapoor 29,South,Karnataka,Bengaluru,Retail Store,Electronics,Smartphones,Samsung Galaxy M35,2,22435.35,7,41729.75,36436.65,5293.1,Debit Card,Delivered,1.0
NR20251104367,2025-11-17,CUST00334,Ananya Iyer 12,Central,Madhya Pradesh,Bhopal,Retail Store,Furniture,Desks,Wooden Study Desk,2,6732.51,10,12118.52,9134.27,2984.25,Debit Card,Delivered,2.0
NR20250100381,2025-01-31,CUST00458,Kavya Reddy 16,South,Andhra Pradesh,Visakhapatnam,Corporate,Accessories,Power Banks,Ambrane 20000mAh Power Bank,3,1705.85,10,4605.79,3522.27,1083.52,Net Banking,Delivered,3.0
NR20250801852,2025-08-29,CUST00851,Nikhil Patil 29,North,Uttar Pradesh,Noida,Retail Store,Office Supplies,Writing,Cello Ball Pen Pack,8,180.15,5,1369.14,983.23,385.91,UPI,Delivered,2.0
NR20251101526,2025-11-23,CUST00860,Varun Bhatia 29,North,Punjab,Amritsar,Online,Furniture,Office Chairs,Featherlite Astro Chair,2,10858.23,10,19544.81,14131.41,5413.4,Debit Card,Delivered,2.0
NR20250702366,2025-07-22,CUST00666,Diya Shah 23,South,Kerala,Kochi,Online,Electronics,Audio,JBL Tune 770NC,1,7869.45,9,7161.2,5515.93,1645.27,UPI,Returned,5.0
NR20250904508,2025-09-24,CUST00782,Aditi Mehta 27,South,Telangana,Hyderabad,Online,Accessories,Webcams,Logitech C270 Webcam,2,2485.69,0,4971.38,3614.4,1356.98,UPI,Delivered,1.0
NR20251103053,2025-11-03,CUST00399,Karan Malhotra 14,East,Jharkhand,Ranchi,Corporate,Furniture,Storage,Metal Office Cabinet,2,8909.58,4,17106.39,13745.3,3361.09,Net Banking,Delivered,6.0
NR20251202885,2025-12-02,CUST01231,Aarav Sharma 42,Central,Chhattisgarh,Bilaspur,Retail Store,Furniture,Storage,Metal Office Cabinet,1,9311.56,12,8194.17,6219.29,1974.88,Credit Card,Delivered,8.0
NR20251202341,2025-12-05,CUST00185,Arjun Nair 7,South,Karnataka,Mysuru,Online,Office Supplies,Paper,JK Copier A4 Paper Ream,3,327.74,5,934.06,739.68,194.38,Net Banking,Delivered,3.0
NR20250600375,2025-06-14,CUST00408,Siddharth Rao 14,South,Telangana,Hyderabad,Retail Store,Electronics,Audio,JBL Tune 770NC,1,7222.2,4,6933.31,5022.79,1910.52,UPI,Delivered,4.0
NR20251103363,2025-11-29,CUST00483,Aditya Verma 17,East,Odisha,Bhubaneswar,Corporate,Electronics,Laptops,HP 15s,15,53763.92,9,733877.51,625290.53,108586.98,Credit Card,Delivered,5.0
NR20251202382,2025-12-09,CUST00928,Isha Banerjee 31,North,Delhi,Delhi,Retail Store,Office Supplies,Stationery,Faber-Castell Marker Set,3,347.65,5,990.8,756.05,234.75,UPI,Delivered,6.0
NR20250204372,2025-02-09,CUST00737,Shreya Menon 25,Central,Madhya Pradesh,Jabalpur,Retail Store,Electronics,Audio,boAt Airdopes 141,1,1346.45,9,1225.27,935.44,289.83,UPI,Cancelled,0.0
NR20250600940,2025-06-05,CUST01235,Arjun Nair 42,Central,Madhya Pradesh,Gwalior,Online,Accessories,Bags,Skybags Casual Backpack,4,1935.41,5,7354.56,5269.67,2084.89,UPI,Delivered,2.0
NR20250103967,2025-01-10,CUST00206,Simran Kaur 7,West,Maharashtra,Nashik,Corporate,Electronics,Audio,JBL Tune 770NC,2,7186.9,12,12648.94,9723.53,2925.41,Net Banking,Delivered,4.0
NR20251004225,2025-10-22,CUST00362,Aditi Mehta 13,West,Maharashtra,Nashik,Online,Furniture,Storage,Wooden Filing Cabinet,1,7639.7,10,6875.73,5139.22,1736.51,UPI,Delivered,2.0
NR20250102800,2025-01-09,CUST00674,Riya Das 23,West,Gujarat,Ahmedabad,Retail Store,Office Supplies,Stationery,Faber-Castell Marker Set,3,348.24,7,971.59,775.77,195.82,Credit Card,Delivered,4.0
NR20250302148,2025-03-02,CUST00567,Aman Arora 19,North,Punjab,Ludhiana,Retail Store,Electronics,Audio,boAt Airdopes 141,3,1415.82,2,4162.51,2962.36,1200.15,Debit Card,Delivered,3.0
NR20250503932,2025-05-25,CUST00775,Manish Tiwari 26,West,Gujarat,Ahmedabad,Online,Accessories,Cables,Portronics HDMI Cable,3,661.6,10,1786.32,1187.3,599.02,UPI,Returned,5.0
NR20250704605,2025-07-15,CUST00318,Siddharth Rao 11,Central,Chhattisgarh,Raipur,Retail Store,Electronics,Smartphones,OnePlus Nord CE,1,24968.79,7,23220.97,20450.59,2770.38,UPI,Delivered,5.0
NR20251004783,2025-10-04,CUST00443,Neha Chawla 15,East,Bihar,Patna,Retail Store,Furniture,Storage, Wooden Filing Cabinet,3,8079.63,15,20603.06,15858.49,4744.57,Credit Card,Delivered,7.0
NR20250402069,2025-04-12,CUST01118,Kavya Reddy 38,West,Maharashtra,Mumbai,Online,Office Supplies,Writing,Classmate Notebook Pack,2,438.57,7,815.74,625.77,189.97,UPI,Delivered,5.0
NR20251000530,2025-10-15,CUST00887,Shreya Menon 30,North,Delhi,Delhi,Online,Electronics,Cameras,Canon EOS 1500D,3,46603.62,16,117441.12,100553.09,16888.03,Credit Card,Delivered,5.0
NR20250703843,2025-07-11,CUST01067,Shreya Menon 36,South,Tamil Nadu,Chennai,Retail Store,Office Supplies,Stationery,Kangaro Stapler Set,2,281.36,10,506.45,365.84,140.61,Credit Card,Delivered,1.0
NR20250800637,2025-08-27,CUST00497,Shreya Menon 17,East,Odisha,Bhubaneswar,Retail Store,Electronics,Laptops,HP 15s,1,53756.87,10,48381.18,40806.97,7574.21,Credit Card,Delivered,2.0
NR20250201270,2025-02-11,CUST00324,Priya Nanda 11,East,Bihar,Patna,Online,Office Supplies,Writing,Classmate Notebook Pack,3,468.49,7,1307.09,971.26,335.83,Net Banking,Delivered,4.0
NR20250700186,2025-07-13,CUST01119,Karan Malhotra 38,West,Gujarat,Surat,Online,Office Supplies,Printing,HP 805 Ink Cartridge,4,1231.16,7,4579.92,3908.61,671.31,Credit Card,Delivered,3.0
NR20250903933,2025-09-02,CUST00403,Rahul Gupta 14,South,Kerala,Kochi,Retail Store,Furniture,Storage,Wooden Filing Cabinet,1,7804.15,2,7648.07,5797.94,1850.13,Debit Card,Delivered,5.0
NR20250704003,2025-07-12,CUST00648,Siddharth Rao 22,Central,Madhya Pradesh,Jabalpur,Online,Office Supplies,Printing,HP 805 Ink Cartridge,3,1257.1,12,3318.74,2706.15,612.59,UPI,Delivered,1.0
NR20250603561,2025-06-20,CUST00546,Diya Shah 19,South,Andhra Pradesh,Visakhapatnam,Online,Electronics,Cameras,Canon EOS 1500D,1,46633.14,2,45700.48,40213.64,5486.84,UPI,Delivered,5.0
NR20250301798,2025-03-13,CUST00853,Rahul Gupta 29,East,West Bengal,Siliguri,Corporate,Furniture,Office Chairs,Green Soul Monster Chair,15,14461.26,12,190888.63,138572.88,52315.75,Credit Card,Delivered,5.0
NR20250202980,2025-02-28,CUST00558,Siddharth Rao 19,East,West Bengal,Kolkata,Retail Store,Electronics,Smartphones,Samsung Galaxy M35,1,21933.6,14,18862.9,16257.31,2605.59,Debit Card,Delivered,6.0
NR20250901442,2025-09-03,CUST00857,Shreya Menon 29,South,Telangana,Hyderabad,Retail Store,Office Supplies,Writing,Classmate Notebook Pack,3,449.34,12,1186.26,879.28,306.98,Credit Card,Delivered,2.0
NR20251103533,2025-11-15,CUST01218,Siddharth Rao 41,East,Odisha,Bhubaneswar,Retail Store,Electronics,Audio,JBL Tune 770NC,1,7165.75,22,5589.28,4168.94,1420.34,Credit Card,Delivered,2.0
NR20250804944,2025-08-18,CUST00991,Aarav Sharma 34,North,Chandigarh,Chandigarh,Corporate,Accessories,Power Banks,Ambrane 20000mAh Power Bank,10,1711.12,2,16768.98,13084.46,3684.52,Credit Card,Delivered,6.0
NR20250401536,2025-04-01,CUST00233,Neha Chawla 8,West,Maharashtra,Mumbai,Retail Store,Electronics,Tablets,Lenovo Tab M11,2,17927.55,5,34062.34,27913.09,6149.25,UPI,Delivered,2.0
NR20250303873,2025-03-27,CUST00883,Rahul Gupta 30,North,Uttarakhand,Dehradun,Online,Furniture,Office Chairs,Featherlite Astro Chair,1,10230.7,12,9003.02,6437.81,2565.21,UPI,Delivered,5.0
NR20251103189,2025-11-28,CUST00322,Yash Agarwal 11,West,Gujarat,Ahmedabad,Corporate,Office Supplies,Files,Solo Executive File Pack,15,524.55,12,6924.06,5567.13,1356.93,Credit Card,Delivered,5.0
NR20250401274,2025-04-11,CUST00650,Varun Bhatia 22,West,Maharashtra,Nashik,Online,Accessories,Bags,American Tourister Laptop Bag,2,2590.72,10,4663.3,3404.3,1259.0,Credit Card,Returned,7.0
NR20250702468,2025-07-08,CUST00737,Shreya Menon 25,North,Delhi,Delhi,Online,Accessories,Keyboards,Logitech K120 Keyboard,2,836.5,7,1555.89,1138.82,417.07,Debit Card,Returned,5.0
NR20250800608,2025-08-27,CUST00518,Kavya Reddy 18,West,Gujarat,Surat,Retail Store,Accessories,Bags,Skybags Casual Backpack,1,1909.83,5,1814.34,1352.59,461.75,UPI,Delivered,5.0
NR20250103493,2025-01-01,CUST00260,Varun Bhatia 9,East,Bihar,Patna,Retail Store,Furniture,Desks,IKEA Linnmon Desk,1,8583.91,10,7725.52,5950.58,1774.94,Cash,Delivered,4.0
NR20250301713,2025-03-05,CUST00422,Aditi Mehta 15,Central,Chhattisgarh,Raipur,Retail Store,Electronics,Cameras,Canon EOS 1500D,1,45383.64,2,44475.97,38044.73,6431.24,UPI,Delivered,3.0
NR20250302200,2025-03-21,CUST00877,Ishaan Kapoor 30,South,Telangana,Hyderabad,Corporate,Electronics,Laptops,HP 15s,10,52581.27,11,467973.3,398125.01,69848.29,Debit Card,Delivered,4.0
NR20250500956,2025-05-22,CUST00291,Vikram Sethi 10,Central,Chhattisgarh,Raipur,Online,Office Supplies,Printing,Epson 003 Ink Bottle,8,685.18,7,5097.74,3921.24,1176.5,Net Banking,Delivered,2.0
NR20251002580,2025-10-22,CUST00090,Sneha Pillai 3,East,Bihar,Patna,Corporate,Accessories,Bags,American Tourister Laptop Bag,8,2477.91,12,17444.49,12710.32,4734.17,Credit Card,Delivered,6.0
NR20250204016,2025-02-20,CUST00114,Priya Nanda 4,West,Gujarat,Vadodara,Online,Electronics,Audio,boAt Airdopes 141,1,1381.57,0,1381.57,1045.67,335.9,UPI,Returned,6.0
NR20250204959,2025-02-23,CUST00393,Aditya Verma 14,West,Goa,Goa,Online,Accessories,Bags,Skybags Casual Backpack,1,1905.5,2,1867.39,1432.19,435.2,UPI,Delivered,4.0
NR20250803486,2025-08-28,CUST00959,Mohit Saxena 32,North,Uttarakhand,Dehradun,Retail Store,Office Supplies,Stationery,Faber-Castell Marker Set,1,356.54,10,320.89,235.82,85.07,Debit Card,Returned,8.0
NR20251004167,2025-10-11,CUST00601,Aarav Sharma 21,East,Jharkhand,Ranchi,Retail Store,Electronics,Monitors,LG 24MP60G,1,11703.27,7,10884.04,9164.29,1719.75,Debit Card,Pending,5.0
NR20250100404,2025-01-20,CUST00144,Priya Nanda 5,West,Maharashtra,Nashik,Retail Store,Office Supplies,Writing,Cello Ball Pen Pack,2,188.53,7,350.67,258.01,92.66,Credit Card,Delivered,1.0
NR20250102072,2025-01-31,CUST01014,Priya Nanda 34,North,Delhi,Delhi,Corporate,Furniture,Office Chairs,Green Soul Monster Chair,10,14402.07,15,122417.6,87674.84,34742.76,Credit Card,Delivered,6.0
NR20250904824,2025-09-23,CUST00197,Shreya Menon 7,West,Gujarat,Vadodara,Retail Store,Electronics,Cameras,Canon EOS 1500D,1,43662.13,5,41479.02,35158.98,6320.04,Debit Card,Delivered,4.0
NR20250601978,2025-06-12,CUST00928,Isha Banerjee 31,North,Punjab,Ludhiana,Retail Store,Electronics,Smartphones,Samsung Galaxy M35,2,21930.03,12,38596.85,32891.73,5705.12,Credit Card,Delivered,6.0
NR20250900159,2025-09-07,CUST00236,Simran Kaur 8,South,Karnataka,Bengaluru,Online,Office Supplies,Writing,Classmate Notebook Pack,1,449.56,12,395.61,303.13,92.48,Debit Card,Delivered,5.0
NR20250601749,2025-06-07,CUST00850,Meera Joshi 29,East,West Bengal,Kolkata,Retail Store,Electronics,Audio,boAt Airdopes 141,2,1381.36,7,2569.33,1869.47,699.86,UPI,Delivered,5.0
NR20250902910,2025-09-01,CUST01245,Rohan Kulkarni 42,North,Uttar Pradesh,Lucknow,Retail Store,Accessories,Mice,Logitech M331 Mouse,1,1463.01,7,1360.6,998.31,362.29,UPI,Delivered,2.0
NR20250504964,2025-05-27,CUST00920,Varun Bhatia 31,North,Rajasthan,Jaipur,Online,Electronics,Smartphones,OnePlus Nord CE,3,23639.57,14,60990.09,54163.55,6826.54,Credit Card,Delivered,3.0
NR20250900903,2025-09-28,CUST00409,Tanvi Deshmukh 14,East,Jharkhand,Ranchi,Online,Office Supplies,Printing,Epson 003 Ink Bottle,3,650.94,7,1816.12,1461.81,354.31,UPI,Delivered,8.0
NR20251200353,2025-12-15,CUST00610,Meera Joshi 21,South,Kerala,Kochi,Online,Furniture,Storage,Wooden Filing Cabinet,1,7670.65,7,7133.7,5555.63,1578.07,UPI,Delivered,4.0
NR20250901231,2025-09-20,CUST01038,Siddharth Rao 35,Central,Madhya Pradesh,Jabalpur,Online,Electronics,Audio,boAt Airdopes 141,2,1410.05,9,2566.29,1913.43,652.86,UPI,Pending,7.0
NR20251104863,2025-11-28,CUST01090,Meera Joshi 37,South,Karnataka,Bengaluru,Online,Office Supplies,Stationery,Faber-Castell Marker Set,4,363.27,4,1394.96,1061.66,333.3,UPI,Delivered,4.0
NR20250802141,2025-08-24,CUST00820,Meera Joshi 28,South,Kerala,Kochi,Online,Furniture,Office Chairs,Featherlite Astro Chair,2,10566.58,15,17963.19,12693.05,5270.14,Net Banking,Delivered,6.0
NR20250700445,2025-07-05,CUST00399,Karan Malhotra 14,West,Maharashtra,Pune,Corporate,Electronics,Monitors,LG 24MP60G,3,12575.36,16,31689.91,26311.69,5378.22,Debit Card,Delivered,6.0
NR20251103352,2025-11-27,CUST01054,Ananya Iyer 36,West,Gujarat,Ahmedabad,Online,Accessories,Bags,Skybags Casual Backpack,1,1892.55,12,1665.44,1284.01,381.43,Net Banking,Delivered,4.0
NR20250500755,2025-05-17,CUST00365,Arjun Nair 13,North,Punjab,Ludhiana,Online,Accessories,Cables,Portronics HDMI Cable,2,670.38,5,1273.72,875.14,398.58,UPI,Delivered,6.0
NR20251101738,2025-11-07,CUST01131,Vikram Sethi 38,West,Goa,Goa,Retail Store,Electronics,Laptops,Acer Aspire 5,1,62590.76,14,53828.05,45885.04,7943.01,Credit Card,Delivered,6.0
NR20251202972,2025-12-31,CUST00567,Aman Arora 19,West,Gujarat,Surat,Online,Office Supplies,Stationery,Kangaro Stapler Set,5,273.27,20,1093.08,789.41,303.67,Net Banking,Delivered,3.0
NR20250303162,2025-03-01,CUST00184,Ananya Iyer 7,North,Punjab,Ludhiana,Retail Store,Electronics,Audio,boAt Airdopes 141,2,1411.62,9,2569.15,1866.71,702.44,UPI,Delivered,2.0
NR20250202921,2025-02-18,CUST00037,Ishaan Kapoor 2,Central,Madhya Pradesh,Indore,Online,Office Supplies,Stationery,Faber-Castell Marker Set,2,356.7,12,627.79,470.06,157.73,Net Banking,Delivered,4.0
NR20250400312,2025-04-20,CUST00957,Aman Arora 32,Central,Madhya Pradesh,Gwalior,Online,Office Supplies,Stationery,Faber-Castell Marker Set,2,377.5,5,717.25,538.98,178.27,Credit Card,Delivered,6.0
NR20250800549,2025-08-06,CUST00023,Neha Chawla 1,Central,Madhya Pradesh,Bhopal,Online,Furniture,Storage,Metal Office Cabinet,4,9038.82,15,30731.99,23996.41,6735.58,UPI,Delivered,6.0
NR20250200662,2025-02-01,CUST00576,Diya Shah 20,East,West Bengal,Kolkata,Online,Accessories,Bags,Skybags Casual Backpack,2,1908.82,15,3244.99,2434.66,810.33,UPI,Returned,4.0
NR20250204830,2025-02-24,CUST00839,Mohit Saxena 28,South,Andhra Pradesh,Vijayawada,Retail Store,Electronics,Tablets,Lenovo Tab M11,3,18147.7,9,49543.22,41328.26,8214.96,Cash,Delivered,1.0
NR20250901990,2025-09-27,CUST00943,Rahul Gupta 32,South,Kerala,Kochi,Corporate,Accessories,Keyboards,Logitech K120 Keyboard,8,853.51,9,6213.55,4462.47,1751.08,Net Banking,Delivered,2.0
NR20250500307,2025-05-19,CUST00205,Manish Tiwari 7,West,Maharashtra,Nagpur,Online,Electronics,Audio,JBL Tune 770NC,1,7206.82,14,6197.87,4682.94,1514.93,UPI,Delivered,3.0
NR20250202336,2025-02-07,CUST00060,Sneha Pillai 2,North,Rajasthan,Jaipur,Retail Store,Electronics,Smartphones,OnePlus Nord CE,2,25006.84,7,46512.72,41332.12,5180.6,UPI,Delivered,6.0
NR20250300695,2025-03-16,CUST00213,,Central,Chhattisgarh,Bilaspur,Retail Store,Office Supplies,Writing,Cello Ball Pen Pack,5,182.59,5,867.3,612.97,254.33,UPI,Pending,2.0
NR20250502357,2025-05-21,CUST00430,Meera Joshi 15,South,Tamil Nadu,Chennai,Online,Office Supplies,Paper,JK Copier A4 Paper Ream,8,321.04,5,2439.9,1858.62,581.28,Net Banking,Delivered,4.0
NR20250301928,2025-03-14,CUST00580,Meera Joshi 20,South,Telangana,Hyderabad,Corporate,Accessories,Cables,Portronics HDMI Cable,1,674.01,9,613.35,408.25,205.1,Credit Card,Delivered,4.0
NR20250700685,2025-07-16,CUST01158,Siddharth Rao 39,North,Uttar Pradesh,Lucknow,Online,Furniture,Office Chairs,Featherlite Astro Chair,2,10351.25,12,18218.2,12678.99,5539.21,UPI,Delivered,1.0
NR20250100750,2025-01-22,CUST00909,Karan Malhotra 31,West,Maharashtra,Mumbai,Online,Furniture,Tables,Conference Table 6-Seater,1,29253.06,7,27205.35,21403.09,5802.26,Credit Card,Delivered,1.0
NR20250903806,2025-09-01,CUST00160,Meera Joshi 6,South,Karnataka,Mysuru,Retail Store,Accessories,Bags,American Tourister Laptop Bag,1,2464.35,0,2464.35,1920.38,543.97,UPI,Delivered,2.0
NR20250804622,2025-08-07,CUST00179,Mohit Saxena 6,South,Tamil Nadu,Chennai,Retail Store,Office Supplies,Printing,HP 805 Ink Cartridge,4,1231.61,10,4433.8,3595.07,838.73,UPI,Delivered,4.0
NR20250501267,2025-05-01,CUST01106,Simran Kaur 37,North,Delhi,Delhi,Retail Store,Accessories,Cables,Portronics HDMI Cable,1,646.36,7,601.11,411.07,190.04,UPI,Delivered,6.0
NR20250903622,2025-09-06,CUST00551,Nikhil Patil 19,East,Odisha,Bhubaneswar,Online,Office Supplies,Writing,Cello Ball Pen Pack,10,182.1,5,1729.95,1180.53,549.42,Debit Card,Delivered,4.0
NR20250604509,2025-06-17,CUST00878,Kavya Reddy 30,East,Assam,Guwahati,Retail Store,Electronics,Audio,boAt Airdopes 141,2,1414.08,7,2630.19,1827.44,802.75,Debit Card,Delivered,6.0
NR20250704487,2025-07-15,CUST00107,Shreya Menon 4,North,Uttarakhand,Dehradun,Corporate,Electronics,Smartphones,OnePlus Nord CE,10,25244.25,7,234771.52,208336.72,26434.8,Credit Card,Delivered,4.0
NR20250502135,2025-05-14,CUST00133,Rahul Gupta 5,North,Punjab,Ludhiana,Retail Store,Furniture,Storage,Wooden Filing Cabinet,1,8121.3,5,7715.23,6142.93,1572.3,Credit Card,Delivered,5.0
NR20250603084,2025-06-02,CUST01045,,West,Maharashtra,Pune,Online,Electronics,Cameras,Canon EOS 1500D,3,47316.83,12,124916.43,103154.43,21762.0,Credit Card,Delivered,6.0
NR20250203062,2025-02-28,CUST00880,Meera Joshi 30,West,Gujarat,Surat,Retail Store,Accessories,Keyboards,Logitech K120 Keyboard,3,848.18,12,2239.2,1543.2,696.0,Cash,Delivered,3.0
NR20250703026,2025-07-23,CUST00276,Diya Shah 10,South,Tamil Nadu,Coimbatore,Corporate,Office Supplies,Printing,Epson 003 Ink Bottle,2,669.95,7,1246.11,989.74,256.37,UPI,Delivered,2.0
NR20250400971,2025-04-14,CUST00001,Aarav Sharma 1,Central,Chhattisgarh,Bilaspur,Corporate,Office Supplies,Writing,Classmate Notebook Pack,15,460.4,20,5524.8,4247.01,1277.79,Net Banking,Pending,3.0
NR20250400014,2025-04-03,CUST00302,Aditi Mehta 11,Central,Chhattisgarh,Bilaspur,Online,Accessories,Bags,Skybags Casual Backpack,1,1969.42,12,1733.09,1238.64,494.45,Credit Card,Delivered,7.0
NR20250900874,2025-09-19,CUST00075,Rohan Kulkarni 3,South,Kerala,Kochi,Retail Store,Furniture,Storage,Wooden Filing Cabinet,2,8227.44,12,14480.29,10731.38,3748.91,Cash,Delivered,6.0
NR20250200809,2025-02-12,CUST00155,Arjun Nair 6,West,Goa,Goa,Online,Electronics,Smartphones,OnePlus Nord CE,2,24693.42,14,42472.68,38163.09,4309.59,Debit Card,Delivered,3.0
NR20250203199,2025-02-21,CUST00316,Sakshi Jain 11,South,Karnataka,Bengaluru,Retail Store,Electronics,Monitors,LG 24MP60G,1,12747.23,9,11599.98,9704.43,1895.55,Cash,Delivered,2.0
NR20251200515,2025-12-24,CUST00262,Yash Agarwal 9,East,Bihar,Patna,Online,Office Supplies,Stationery,Kangaro Stapler Set,1,275.26,12,242.23,171.98,70.25,UPI,Delivered,7.0
NR20250404537,2025-04-11,CUST00770,Varun Bhatia 26,Central,Madhya Pradesh,Gwalior,Retail Store,Furniture,Storage,Wooden Filing Cabinet,1,7848.19,7,7298.82,5405.69,1893.13,Debit Card,Delivered,3.0
NR20251000410,2025-10-10,CUST00959,Mohit Saxena 32,West,Maharashtra,Mumbai,Retail Store,Electronics,Audio,boAt Airdopes 141,1,1404.64,16,1179.9,858.15,321.75,Cash,Delivered,4.0
NR20251103514,2025-11-25,CUST01044,Priya Nanda 35,West,Gujarat,Ahmedabad,Retail Store,Office Supplies,Writing,Classmate Notebook Pack,10,449.46,5,4269.87,3109.87,1160.0,Credit Card,Delivered,4.0
NR20250404405,2025-04-26,CUST00437,Shreya Menon 15,West,Gujarat,Vadodara,Corporate,Office Supplies,Paper,JK Copier A4 Paper Ream,10,329.79,10,2968.11,2293.46,674.65,Net Banking,Delivered,6.0
NR20251100208,2025-11-06,CUST00176,Simran Kaur 6,South,Tamil Nadu,Coimbatore,Online,Office Supplies,Paper,JK Copier A4 Paper Ream,2,327.3,10,589.14,467.14,122.0,Credit Card,Delivered,2.0
NR20250504196,2025-05-07,CUST00547,Ishaan Kapoor 19,West,Maharashtra,Nagpur,Corporate,Electronics,Smartphones,Samsung Galaxy M35,15,21041.4,2,309308.58,276468.73,32839.85,Net Banking,Delivered,5.0
NR20250200459,2025-02-09,CUST00729,Karan Malhotra 25,West,Maharashtra,Mumbai,Online,Furniture,Office Chairs,Featherlite Astro Chair,5,10497.85,7,48815.0,33373.0,15442.0,UPI,Delivered,4.0
NR20250204417,2025-02-01,CUST00323,Neha Chawla 11,West,Goa,Goa,Retail Store,Accessories,Cables,Belkin USB-C Cable,3,1078.49,5,3073.7,2201.92,871.78,Credit Card,Delivered,6.0
NR20250902431,2025-09-24,CUST00868,Isha Banerjee 29,South,Andhra Pradesh,Vijayawada,Online,Electronics,Audio,boAt Airdopes 141,2,1378.18,12,2425.6,1764.74,660.86,UPI,Delivered,2.0
NR20251004733,2025-10-19,CUST00590,Varun Bhatia 20,West,Maharashtra,Pune,Online,Office Supplies,Files,Solo Executive File Pack,5,536.48,5,2548.28,2025.17,523.11,UPI,Delivered,2.0
NR20251100111,2025-11-30,CUST00970,Meera Joshi 33,Central,Madhya Pradesh,Indore,Online,Office Supplies,Stationery,Faber-Castell Marker Set,2,354.29,15,602.29,449.83,152.46,Debit Card,Delivered,5.0
NR20251203859,2025-12-28,CUST01148,Kavya Reddy 39,East,Jharkhand,Ranchi,Corporate,Furniture,Office Chairs,Featherlite Astro Chair,20,10050.29,12,176885.1,119674.96,57210.14,Net Banking,Delivered,6.0
NR20250101108,2025-01-31,CUST00748,Isha Banerjee 25,West,Maharashtra,Pune,Online,Electronics,Laptops,HP 15s,2,53239.71,2,104349.83,90277.73,14072.1,Credit Card,Returned,5.0
NR20250301884,2025-03-23,CUST00645,Rohan Kulkarni 22,North,Chandigarh,Chandigarh,Online,Electronics,Smartphones,Samsung Galaxy M35,5,22073.51,7,102641.82,85887.93,16753.89,Credit Card,Delivered,2.0
NR20250801714,2025-08-19,CUST00618,Siddharth Rao 21,South,Karnataka,Mysuru,Online,Office Supplies,Stationery,Faber-Castell Marker Set,3,363.5,5,1035.97,788.48,247.49,Net Banking,Delivered,5.0
NR20250504078,2025-05-24,CUST00695,Arjun Nair 24,Central,Madhya Pradesh,Indore,Retail Store,Electronics,Tablets,Lenovo Tab M11,1,18488.82,0,18488.82,15287.08,3201.74,UPI,Cancelled,0.0
NR20251103505,2025-11-29,CUST00214,Ananya Iyer 8,West,Goa,Goa,Online,Furniture,Desks,IKEA Linnmon Desk,1,8686.28,15,7383.34,5468.43,1914.91,Debit Card,Delivered,
NR20251100553,2025-11-02,CUST00179,Mohit Saxena 6,West,Maharashtra,Mumbai,Retail Store,Furniture,Office Chairs,Green Soul Monster Chair,1,13976.38,2,13696.85,9695.64,4001.21,Credit Card,Delivered,3.0
NR20250301440,2025-03-26,CUST01058,Kavya Reddy 36,East,Odisha,Bhubaneswar,Corporate,Office Supplies,Files,Solo Executive File Pack,10,519.56,7,4831.91,3686.46,1145.45,Net Banking,Delivered,7.0
NR20251002271,2025-10-03,CUST00802,Yash Agarwal 27,West,Maharashtra,Nashik,Online,Electronics,Audio,JBL Tune 770NC,4,7091.32,14,24394.14,18420.76,5973.38,Debit Card,Delivered,1.0
NR20250403145,2025-04-29,CUST00701,Nikhil Patil 24,North,Uttar Pradesh,Noida,Retail Store,Office Supplies,Printing,Epson 003 Ink Bottle,4,654.11,5,2485.62,1963.93,521.69,UPI,Delivered,4.0
NR20250502822,2025-05-05,CUST00167,Shreya Menon 6,West,Maharashtra,Pune,Corporate,Office Supplies,Stationery,Kangaro Stapler Set,20,280.61,10,5050.98,3857.87,1193.11,Net Banking,Delivered,4.0
NR20251004850,2025-10-26,CUST00148,Isha Banerjee 5,North,Uttar Pradesh,Noida,Online,Furniture,Office Chairs,Green Soul Monster Chair,3,14353.19,10,38753.61,28711.03,10042.58,UPI,Delivered,2.0
NR20251001926,2025-10-29,CUST00811,Aarav Sharma 28,North,Uttar Pradesh,Lucknow,Corporate,Office Supplies,Writing,Cello Ball Pen Pack,2,177.23,19,287.11,207.79,79.32,Debit Card,Cancelled,0.0
NR20250900635,2025-09-18,CUST00782,Aditi Mehta 27,East,Jharkhand,Ranchi,Online,Electronics,Monitors,LG 24MP60G,4,12056.84,10,43404.62,34330.99,9073.63,UPI,Delivered,2.0
NR20250504874,2025-05-07,CUST00261,Vikram Sethi 9,South,Andhra Pradesh,Vijayawada,Corporate,Office Supplies,Stationery,Kangaro Stapler Set,20,281.55,2,5518.38,4086.57,1431.81,Net Banking,Delivered,5.0
NR20250100317,2025-01-15,CUST01096,Sakshi Jain 37,North,Punjab,Ludhiana,Retail Store,Electronics,Audio,JBL Tune 770NC,2,6958.04,2,13637.76,9758.56,3879.2,UPI,Delivered,3.0
NR20250404278,2025-04-11,CUST01053,Aditya Verma 36,North,Uttar Pradesh,Noida,Online,Furniture,Office Chairs,Featherlite Astro Chair,5,10174.46,5,48328.68,33424.41,14904.27,Credit Card,Delivered,6.0
NR20251004767,2025-10-18,CUST00800,Varun Bhatia 27,Central,Madhya Pradesh,Bhopal,Corporate,Office Supplies,Paper,JK Copier A4 Paper Ream,5,325.4,12,1431.76,1119.32,312.44,Debit Card,Delivered,5.0
NR20250501329,2025-05-17,CUST00291,Vikram Sethi 10,West,Goa,Goa,Online,Accessories,Cables,Portronics HDMI Cable,1,640.91,15,544.77,371.8,172.97,UPI,Returned,5.0
NR20250500428,2025-05-29,CUST00349,Tanvi Deshmukh 12,South,Telangana,Hyderabad,Online,Furniture,Office Chairs,Featherlite Astro Chair,1,10272.25,10,9245.02,6393.24,2851.78,Credit Card,Delivered,5.0
NR20250303480,2025-03-19,CUST00474,Priya Nanda 16,West,Maharashtra,Nagpur,Corporate,Accessories,Cables,Belkin USB-C Cable,3,1114.87,10,3010.15,2254.32,755.83,Credit Card,Pending,7.0
NR20250700106,2025-07-06,CUST00342,Pooja Singh 12,North,Uttar Pradesh,Lucknow,Online,Electronics,Tablets,Lenovo Tab M11,2,17840.87,9,32470.38,27622.6,4847.78,Debit Card,Delivered,2.0
NR20250403042,2025-04-18,CUST00193,Rahul Gupta 7,West,Maharashtra,Nagpur,Retail Store,Electronics,Laptops,HP 15s,1,54570.86,7,50750.9,42913.02,7837.88,UPI,Delivered,3.0
NR20250200143,2025-02-28,CUST01182,Pooja Singh 40,North,Punjab,Ludhiana,Online,Furniture,Office Chairs,Featherlite Astro Chair,1,10625.11,7,9881.35,7156.27,2725.08,Net Banking,Delivered,4.0
NR20250202170,2025-02-08,CUST00823,Rahul Gupta 28,West,Maharashtra,Nashik,Corporate,Electronics,Laptops,Acer Aspire 5,8,63229.46,11,450193.76,372342.29,77851.47,Net Banking,Delivered,1.0
NR20251004746,2025-10-04,CUST00830,Varun Bhatia 28,East,Jharkhand,Ranchi,Online,Electronics,Audio,JBL Tune 770NC,1,7186.3,14,6180.22,4721.33,1458.89,UPI,Delivered,4.0
NR20250300090,2025-03-12,CUST00487,Ishaan Kapoor 17,West,Goa,Goa,Online,Office Supplies,Stationery,Faber-Castell Marker Set,2,352.48,15,599.22,448.39,150.83,Net Banking,Delivered,6.0
NR20251102919,2025-11-12,CUST01154,Riya Das 39,North,Uttar Pradesh,Noida,Retail Store,Office Supplies,Paper,JK Copier A4 Paper Ream,2,332.44,17,551.85,422.14,129.71,Debit Card,Delivered,3.0
NR20250903238,2025-09-26,CUST01115,Arjun Nair 38,Central,Madhya Pradesh,Gwalior,Online,Electronics,Tablets,Lenovo Tab M11,3,17550.46,17,43700.65,36109.78,7590.87,UPI, Delivered,6.0
NR20251202242,2025-12-21,CUST00538,Isha Banerjee 18,West,Maharashtra,Mumbai,Retail Store,Accessories,Keyboards,Logitech K120 Keyboard,1,844.02,23,649.9,462.17,187.73,UPI,Delivered,3.0
NR20251203175,2025-12-08,CUST01050,Sneha Pillai 35,Central,Chhattisgarh,Bilaspur,Retail Store,Electronics,Tablets,Lenovo Tab M11,1,17302.78,5,16437.64,13795.27,2642.37,Debit Card,Cancelled,0.0
NR20250604325,2025-06-22,CUST01075,Manish Tiwari 36,South,Karnataka,Mysuru,Online,Electronics,Tablets,Lenovo Tab M11,1,18054.07,14,15526.5,13356.85,2169.65,Net Banking,Delivered,4.0
NR20250502164,2025-05-05,CUST00842,Aditi Mehta 29,East,Assam,Guwahati,Retail Store,Office Supplies,Stationery,Faber-Castell Marker Set,1,358.49,10,322.64,251.57,71.07,UPI,Delivered,5.0
NR20251202637,2025-12-09,CUST00169,Tanvi Deshmukh 6,South,Karnataka,Mysuru,Online,Furniture,Desks,IKEA Linnmon Desk,2,8478.12,14,14582.37,10852.06,3730.31,UPI,Delivered,3.0
NR20251001950,2025-10-17,CUST00052,Yash Agarwal 2,West,Maharashtra,Nagpur,Retail Store,Office Supplies,Writing,Cello Ball Pen Pack,8,181.44,10,1306.37,968.29,338.08,Debit Card,Delivered,5.0
NR20250401769,2025-04-27,CUST00089,Mohit Saxena 3,South,Andhra Pradesh,Vijayawada,Online,Accessories,Cables,Portronics HDMI Cable,1,650.12,10,585.11,389.06,196.05,Credit Card,Delivered,1.0
NR20250602847,2025-06-25,CUST00411,Vikram Sethi 14,North,Delhi,Delhi,Retail Store,Accessories,Bags,Skybags Casual Backpack,1,1937.45,7,1801.83,1332.61,469.22,Debit Card,Delivered,7.0
NR20251102273,2025-11-23,CUST00617,Shreya Menon 21,West,Maharashtra,Nagpur,Online,Accessories,Webcams,Logitech C270 Webcam,1,2486.66,7,2312.59,1782.82,529.77,Debit Card,Delivered,3.0
NR20250800002,2025-08-14,CUST01035,Rohan Kulkarni 35,North,Uttarakhand,Dehradun,Retail Store,Office Supplies,Writing,Cello Ball Pen Pack,10,179.3,12,1577.84,1146.05,431.79,Debit Card,Delivered,4.0
NR20250103385,2025-01-28,CUST00004,Ananya Iyer 1,Central,Chhattisgarh,Bilaspur,Online,Electronics,Tablets,Lenovo Tab M11,2,18027.21,2,35333.33,29264.22,6069.11,Net Banking,Delivered,5.0
NR20251104067,2025-11-19,CUST00095,Arjun Nair 4,West,Maharashtra,Nashik,Online,Electronics,Laptops,HP 15s,1,53769.72,12,47317.35,40042.54,7274.81,Debit Card,Delivered,2.0
NR20250501952,2025-05-04,CUST00990,Sneha Pillai 33,West,Gujarat,Surat,Retail Store,Electronics,Audio,JBL Tune 770NC,2,6613.99,11,11772.9,9106.48,2666.42,Cash,Delivered,4.0
NR20251200936,2025-12-13,CUST01210,Meera Joshi 41,North,Rajasthan,Jaipur,Online,Electronics,Monitors,LG 24MP60G,3,12418.53,8,34275.14,27482.52,6792.62,Credit Card,Delivered,3.0
NR20250204359,2025-02-16,CUST00067,Ishaan Kapoor 3,West,Maharashtra,Nagpur,Online,Accessories,Mice,Logitech M331 Mouse,3,1507.97,5,4297.71,3075.89,1221.82,Credit Card,Delivered,5.0
NR20251102721,2025-11-07,CUST01115,Arjun Nair 38,East,West Bengal,Siliguri,Retail Store,Electronics,Laptops,HP 15s,1,53126.68,7,49407.81,42193.4,7214.41,Cash,Delivered,3.0
NR20251104038,2025-11-28,CUST00110,Varun Bhatia 4,West,Gujarat,Vadodara,Online,Electronics,Laptops,Acer Aspire 5,1,63315.23,15,53817.95,44160.82,9657.13,Credit Card,Delivered,4.0
NR20251001110,2025-10-22,CUST00311,Nikhil Patil 11,South,Telangana,Hyderabad,Retail Store,Electronics,Monitors,LG 24MP60G,1,12516.67,16,10514.0,8846.75,1667.25,Cash,Delivered,6.0
NR20250803699,2025-08-01,CUST00570,Sneha Pillai 19,North,Uttarakhand,Dehradun,Retail Store,Electronics,Laptops,HP 15s,2,51925.35,5,98658.16,81354.03,17304.13,Cash,Delivered,4.0
NR20250500592,2025-05-23,CUST00024,Priya Nanda 1,South,Andhra Pradesh,Visakhapatnam,Online,Accessories,Webcams,Logitech C270 Webcam,2,2534.0,10,4561.2,3401.36,1159.84,UPI,Delivered,5.0
NR20251101696,2025-11-20,CUST00421,Aarav Sharma 15,North,Punjab,Amritsar,Corporate,Accessories,Webcams,Logitech C270 Webcam,8,2499.13,14,17194.01,12597.12,4596.89,Debit Card,Delivered,1.0
NR20250101756,2025-01-11,CUST00178,Isha Banerjee 6,West,Maharashtra,Mumbai,Retail Store,Office Supplies,Stationery,Faber-Castell Marker Set,5,379.93,10,1709.69,1323.45,386.24,Credit Card,Delivered,5.0
NR20251002937,2025-10-10,CUST01064,Riya Das 36,North,Uttar Pradesh,Noida,Online,Office Supplies,Writing,Cello Ball Pen Pack ,5,174.95,7,813.52,607.88,205.64,UPI,Delivered,5.0
NR20250904265,2025-09-10,CUST00956,Simran Kaur 32,Central,Chhattisgarh,Bilaspur,Online,Office Supplies,Printing,Epson 003 Ink Bottle,5,665.06,15,2826.5,2192.83,633.67,Debit Card,Delivered,4.0
NR20250203517,2025-02-09,CUST00819,Karan Malhotra 28,North,Uttarakhand,Dehradun,Online,Accessories,Mice,Logitech M331 Mouse,1,1439.28,7,1338.53,974.15,364.38,UPI,Delivered,3.0
NR20251001577,2025-10-02,CUST00504,Priya Nanda 17,South,Karnataka,Mysuru,Online,Office Supplies,Writing,Cello Ball Pen Pack,10,187.03,10,1683.27,1216.4,466.87,Net Banking,Delivered,2.0
NR20250804074,2025-08-10,CUST00060,Sneha Pillai 2,South,Tamil Nadu,Coimbatore,Retail Store,Electronics,Smartphones,Samsung Galaxy M35,1,21719.08,10,19547.17,16916.65,2630.52,UPI,Delivered,3.0
NR20250600214,2025-06-28,CUST00009,Karan Malhotra 1,North,Uttar Pradesh,Lucknow,Retail Store,Furniture,Office Chairs,Featherlite Astro Chair,4,10680.52,10,38449.87,28370.66,10079.21,Debit Card,Delivered,3.0
NR20250600779,2025-06-02,CUST00652,Yash Agarwal 22,West,Maharashtra,Nagpur,Online,Office Supplies,Paper,JK Copier A4 Paper Ream,4,318.55,12,1121.3,883.62,237.68,Credit Card,Delivered,6.0
NR20251001416,2025-10-25,CUST00893,Neha Chawla 30,East,Bihar,Patna,Online,Electronics,Audio,JBL Tune 770NC,2,7457.98,17,12380.25,9703.78,2676.47,Debit Card,Delivered,4.0
NR20250603872,2025-06-20,CUST00948,Siddharth Rao 32,Central,Madhya Pradesh,Indore,Online,Electronics,Monitors,LG 24MP60G,1,12204.41,2,11960.32,9954.93,2005.39,Net Banking,Delivered,4.0
NR20250202044,2025-02-24,CUST01205,Arjun Nair 41,East,Odisha,Bhubaneswar,Online,Accessories,Cables,Belkin USB-C Cable,1,1107.96,7,1030.4,710.01,320.39,Net Banking,Returned,8.0
NR20250802849,2025-08-26,CUST01049,Mohit Saxena 35,East,West Bengal,Siliguri,Online,Electronics,Laptops,HP 15s,2,54758.72,10,98565.7,84843.13,13722.57,Debit Card,Delivered,5.0
NR20250404602,2025-04-14,CUST01161,Vikram Sethi 39,North,Delhi,Delhi,Retail Store,Electronics,Laptops,Acer Aspire 5,1,62643.03,2,61390.17,53716.55,7673.62,Cash,Delivered,3.0
NR20250403614,2025-04-09,CUST00314,Riya Das 11,East,West Bengal,Kolkata,Online,Accessories,Mice,Logitech M331 Mouse,2,1424.03,10,2563.25,1932.31,630.94,Debit Card,Delivered,3.0
NR20251003927,2025-10-11,CUST00230,Varun Bhatia 8,South,Tamil Nadu,Chennai,Corporate,Accessories,Bags,American Tourister Laptop Bag,10,2524.25,19,20446.43,14859.51,5586.92,Net Banking,Delivered,6.0
NR20250601568,2025-06-25,CUST01065,Rohan Kulkarni 36,South,Tamil Nadu,Coimbatore,Online,Electronics,Audio,JBL Tune 770NC,1,7119.46,5,6763.49,4995.32,1768.17,Credit Card,Delivered,5.0
NR20250800166,2025-08-18,CUST00430,Meera Joshi 15,West,Maharashtra,Pune,Corporate,Electronics,Laptops,Acer Aspire 5,1,61238.11,17,50827.63,41735.03,9092.6,Credit Card,Delivered,6.0
NR20251104782,2025-11-22,CUST00850,Meera Joshi 29,West,Gujarat,Ahmedabad,Online,Office Supplies,Files,Solo Executive File Pack,8,546.6,5,4154.16,3152.28,1001.88,UPI,Delivered,2.0
NR20250503695,2025-05-21,CUST00852,Pooja Singh 29,Central,Madhya Pradesh,Indore,Corporate,Electronics,Smartphones,OnePlus Nord CE,5,25797.33,17,107058.92,94409.75,12649.17,Net Banking,Delivered,4.0
NR20250304996,2025-03-23,CUST00360,Sneha Pillai 12,South,Andhra Pradesh,Visakhapatnam,Online,Furniture,Desks,IKEA Linnmon Desk,1,8280.08,10,7452.07,5504.1,1947.97,Net Banking,Delivered,2.0
NR20251101344,2025-11-26,CUST01191,Vikram Sethi 40,Central,Madhya Pradesh,Jabalpur,Retail Store,Electronics,Audio,boAt Airdopes 141,2,1396.98,22,2179.29,1558.18,621.11,Debit Card,Delivered,5.0
NR20250302014,2025-03-28,CUST01102,Yash Agarwal 37,Central,Madhya Pradesh,Jabalpur,Online,Furniture,Desks,IKEA Linnmon Desk,1,8445.31,12,7431.87,5601.53,1830.34,Credit Card,Delivered,5.0
NR20250800274,2025-08-08,CUST01040,Varun Bhatia 35,North,Uttar Pradesh,Noida,Retail Store,Electronics,Smartphones,OnePlus Nord CE,2,26712.19,2,52355.89,45516.12,6839.77,Cash,Delivered,1.0
NR20251000072,2025-10-19,CUST00382,Yash Agarwal 13,Central,Madhya Pradesh,Jabalpur,Online,Office Supplies,Writing,Cello Ball Pen Pack,3,182.85,2,537.58,380.57,157.01,UPI,Delivered,6.0
NR20251004006,2025-10-02,CUST00782,Aditi Mehta 27,Central,Chhattisgarh,Raipur,Online,Office Supplies,Paper,JK Copier A4 Paper Ream,2,314.65,0,629.3,482.07,147.23,UPI,Delivered,7.0
NR20250201088,2025-02-25,CUST01004,Riya Das 34,South,Tamil Nadu,Chennai,Retail Store,Accessories,Webcams,Logitech C270 Webcam,4,2504.29,10,9015.44,7110.62,1904.82,Cash,Delivered,4.0
NR20250500395,2025-05-18,CUST00467,Shreya Menon 16,West,Gujarat,Vadodara,Online,Office Supplies,Printing,HP 805 Ink Cartridge,1,1267.52,5,1204.14,991.14,213.0,UPI,Cancelled,0.0
NR20251100584,2025-11-06,CUST00858,Siddharth Rao 29,West,Goa,Goa,Retail Store,Office Supplies,Writing,Cello Ball Pen Pack,1,174.2,20,139.36,103.1,36.26,Cash,Delivered,4.0
NR20250101368,2025-01-11,CUST00090,Sneha Pillai 3,North,Rajasthan,Jaipur,Retail Store,Office Supplies,Paper,JK Copier A4 Paper Ream,2,310.81,5,590.54,462.38,128.16,Debit Card,Delivered,5.0
NR20250300169,2025-03-29,CUST00122,Aditi Mehta 5,West,Maharashtra,Nagpur,Corporate,Office Supplies,Paper,JK Copier A4 Paper Ream,10,320.34,15,2722.89,2057.89,665.0,Net Banking,Delivered,3.0
NR20250904709,2025-09-05,CUST01068,Siddharth Rao 36,Central,Madhya Pradesh,Gwalior,Online,Electronics,Monitors,LG 24MP60G,1,12314.89,7,11452.85,9412.03,2040.82,UPI,Delivered,6.0
NR20251202549,2025-12-30,CUST00366,Diya Shah 13,South,Karnataka,Mysuru,Online,Office Supplies,Stationery,Faber-Castell Marker Set,1,361.25,10,325.12,240.88,84.24,UPI,Delivered,3.0
NR20250401014,2025-04-14,CUST00807,Aman Arora 27,North,Uttarakhand,Dehradun,Online,Office Supplies,Printing,HP 805 Ink Cartridge,2,1283.18,7,2386.71,2018.57,368.14,Credit Card,Delivered,8.0
NR20250904967,2025-09-11,CUST01057,Ishaan Kapoor 36,East,Assam,Guwahati,Online,Electronics,Cameras,Canon EOS 1500D,1,47200.11,17,39176.09,34105.68,5070.41,Credit Card,Delivered,7.0
NR20250403004,2025-04-25,CUST00116,Simran Kaur 4,North,Punjab,Ludhiana,Online,Office Supplies,Printing,HP 805 Ink Cartridge,1,1230.42,15,1045.86,857.91,187.95,Debit Card,Delivered,3.0
NR20250904857,2025-09-11,CUST00081,Vikram Sethi 3,Central,Madhya Pradesh,Indore,Online,Office Supplies,Printing,Epson 003 Ink Bottle,3,657.96,7,1835.71,1475.98,359.73,UPI,Delivered,3.0
NR20250601702,2025-06-24,CUST00213,Aditya Verma 8,North,Uttarakhand,Dehradun,Retail Store,Electronics,Smartphones,Samsung Galaxy M35,5,22924.88,12,100869.47,88493.4,12376.07,UPI,Delivered,3.0
NR20250503862,2025-05-11,CUST00279,Karan Malhotra 10,West,Gujarat,Surat,Retail Store,Furniture,Tables,Conference Table 6-Seater,1,27303.92,12,24027.45,18930.06,5097.39,UPI,Delivered,3.0
NR20250201764,2025-02-01,CUST00713,Neha Chawla 24,Central,Madhya Pradesh,Bhopal,Retail Store,Accessories,Webcams,Logitech C270 Webcam,1,2500.19,7,2325.18,1684.0,641.18,Debit Card,Delivered,4.0
NR20251101876,2025-11-18,CUST01080,Sneha Pillai 36,South,Karnataka,Bengaluru,Retail Store,Electronics,Audio,JBL Tune 770NC,2,7382.06,9,13435.35,9779.7,3655.65,Debit Card,Delivered,1.0
NR20250401260,2025-04-30,CUST00201,Vikram Sethi 7,West,Maharashtra,Nashik,Online,Accessories,Cables,Portronics HDMI Cable,2,654.04,7,1216.51,841.95,374.56,Debit Card,Delivered,3.0
NR20250803345,2025-08-04,CUST00674,Riya Das 23,West,Goa,Goa,Online,Furniture,Tables,Conference Table 6-Seater,5,28129.59,5,133615.55,103422.01,30193.54,UPI,Delivered,1.0
NR20250504595,2025-05-10,CUST00504,Priya Nanda 17,Central,Madhya Pradesh,Gwalior,Corporate,Electronics,Cameras,Canon EOS 1500D,15,46214.81,7,644696.6,567192.61,77503.99,Net Banking,Delivered,6.0
NR20250702254,2025-07-06,CUST00955,Manish Tiwari 32,West,Goa,Goa,Online,Electronics,Audio,JBL Tune 770NC,1,7199.17,0,7199.17,5458.9,1740.27,Debit Card,Delivered,4.0
NR20250302782,2025-03-27,CUST00801,Vikram Sethi 27,West,Gujarat,Ahmedabad,Corporate,Office Supplies,Printing,HP 805 Ink Cartridge,15,1258.0,14,16228.2,13881.94,2346.26,Credit Card,Delivered,1.0
NR20250903705,2025-09-14,CUST01234,Ananya Iyer 42,West,Maharashtra,Mumbai,Retail Store,Office Supplies,Stationery,Faber-Castell Marker Set,4,352.83,10,1270.19,925.41,344.78,Debit Card,Delivered,3.0
NR20250100527,2025-01-23,CUST00550,Meera Joshi 19,South,Karnataka,Bengaluru,Online,Accessories,Bags,Skybags Casual Backpack,2,1863.7,7,3466.48,2553.71,912.77,UPI,Pending,3.0
NR20251003540,2025-10-07,CUST00211,Aarav Sharma 8,West,Gujarat,Vadodara,Online,Office Supplies,Files,Solo Executive File Pack,4,512.61,18,1681.36,1261.41,419.95,UPI,Cancelled,0.0
NR20250102947,2025-01-09,CUST00233,Neha Chawla 8,East,Jharkhand,Ranchi,Online,Electronics,Audio,boAt Airdopes 141,4,1430.59,7,5321.79,3864.46,1457.33,UPI,Delivered,4.0
NR20250300378,2025-03-03,CUST00049,Tanvi Deshmukh 2,West,Maharashtra,Pune,Retail Store,Office Supplies,Files,Solo Executive File Pack,2,529.03,5,1005.16,795.87,209.29,Debit Card,Delivered,3.0
NR20250901560,2025-09-15,CUST00119,Mohit Saxena 4,South,Andhra Pradesh,Visakhapatnam,Corporate,Office Supplies,Printing,HP 805 Ink Cartridge,8,1251.4,10,9010.08,7287.62,1722.46,Net Banking,Delivered,3.0
NR20250403935,2025-04-20,CUST01029,Karan Malhotra 35,South,Karnataka,Bengaluru,Retail Store,Furniture,Storage,Wooden Filing Cabinet,1,7846.38,10,7061.74,5519.06,1542.68,Debit Card,Delivered,2.0
NR20250801964,2025-08-14,CUST00712,Yash Agarwal 24,Central,Madhya Pradesh,Bhopal,Retail Store,Furniture,Storage,Metal Office Cabinet,1,9268.77,7,8619.96,6584.47,2035.49,Cash,Delivered,4.0
NR20251104801,2025-11-05,CUST00074,Riya Das 3,South,Kerala,Kochi,Retail Store,Electronics,Smartphones,OnePlus Nord CE,2,25864.92,7,48108.75,42263.98,5844.77,Credit Card,Delivered,6.0
NR20250400349,2025-04-22,CUST00609,Karan Malhotra 21,East,Jharkhand,Ranchi,Retail Store,Furniture,Tables,Conference Table 6-Seater,3,28550.3,10,77085.81,59873.11,17212.7,UPI,Delivered,6.0
NR20250202435,2025-02-22,CUST00040,Meera Joshi 2,North,Uttar Pradesh,Noida,Retail Store,Electronics,Audio,JBL Tune 770NC,2,7140.87,0,14281.74,10914.83,3366.91,UPI,Delivered,5.0
NR20250102247,2025-01-04,CUST01004,Riya Das 34, West ,Maharashtra,Pune,Online,Furniture,Storage,Metal Office Cabinet,2,8912.82,5,16934.36,12546.98,4387.38,Debit Card,Delivered,5.0
NR20250804226,2025-08-12,CUST00771,Vikram Sethi 26,East,West Bengal,Kolkata,Corporate,Electronics,Smartphones,OnePlus Nord CE,15,24715.22,11,329948.19,293687.55,36260.64,Credit Card,Delivered,3.0
NR20250701710,2025-07-05,CUST00300,Sneha Pillai 10,South,Andhra Pradesh,Visakhapatnam,Online,Accessories,Keyboards,Logitech K120 Keyboard ,1,861.41,12,758.04,563.15,194.89,Credit Card,Delivered,4.0
NR20250501051,2025-05-30,CUST00044,Riya Das 2,Central,Madhya Pradesh,Jabalpur,Corporate,Accessories,Bags,Skybags Casual Backpack,10,1888.97,7,17567.42,13018.52,4548.9,Credit Card,Delivered,4.0
NR20250800591,2025-08-22,CUST01183,Rahul Gupta 40,South,Tamil Nadu,Chennai,Corporate,Electronics,Monitors,LG 24MP60G,8,12095.54,13,84184.96,69951.73,14233.23,Net Banking,Delivered,5.0
NR20250600520,2025-06-15,CUST00629,Mohit Saxena 21,Central,Madhya Pradesh,Jabalpur,Corporate,Office Supplies,Stationery,Kangaro Stapler Set,5,276.11,5,1311.52,980.88,330.64,Debit Card,Delivered,2.0
NR20250703381,2025-07-17,CUST00049,Tanvi Deshmukh 2,South,Kerala,Kochi,Online,Furniture,Tables,Conference Table 6-Seater,2,29523.81,12,51961.91,39699.47,12262.44,Credit Card,Delivered,4.0
NR20251104558,2025-11-03,CUST01109,Mohit Saxena 37,Central,Madhya Pradesh,Jabalpur,Corporate,Accessories,Cables,Portronics HDMI Cable,10,657.97,14,5658.54,3852.44,1806.1,Net Banking,Delivered,6.0
NR20251104183,2025-11-28,CUST00122,Aditi Mehta 5,Central,Madhya Pradesh,Indore,Retail Store,Electronics,Tablets,Lenovo Tab M11,2,17590.57,12,30959.4,26112.74,4846.66,Cash,Delivered,6.0
NR20250602478,2025-06-13,CUST00713,Neha Chawla 24,Central,Chhattisgarh,Raipur,Online,Office Supplies,Stationery,Faber-Castell Marker Set,8,368.3,12,2592.83,2082.81,510.02,Credit Card,Returned,6.0
NR20251001084,2025-10-16,CUST00522,Pooja Singh 18,West,Gujarat,Ahmedabad,Retail Store,Electronics,Audio,boAt Airdopes 141,2,1407.41,10,2533.34,1857.2,676.14,UPI,Delivered,2.0
NR20251203966,2025-12-26,CUST00422,Aditi Mehta 15,South,Andhra Pradesh,Vijayawada,Online,Accessories,Webcams,Logitech C270 Webcam,1,2530.73,2,2480.12,1907.46,572.66,UPI,Delivered,2.0
NR20251104847,2025-11-18,CUST00975,Rohan Kulkarni 33,West,Gujarat,Ahmedabad,Online,Furniture,Storage,Metal Office Cabinet,1,9304.75,7,8653.42,6752.23,1901.19,Credit Card,Returned,4.0
NR20250504574,2025-05-30,CUST00122,Aditi Mehta 5,South,Karnataka,Bengaluru,Online,Office Supplies,Printing,HP 805 Ink Cartridge,8,1253.28,10,9023.62,7167.2,1856.42,UPI,Delivered,5.0
NR20250301295,2025-03-16,CUST01174,Ananya Iyer 40,North,Chandigarh,Chandigarh ,Retail Store,Accessories,Webcams,Logitech C270 Webcam,1,2422.9,10,2180.61,1687.93,492.68,Cash,Delivered,3.0
NR20251201810,2025-12-06,CUST00807,Aman Arora 27,North,Delhi,Delhi,Online,Furniture,Office Chairs,Featherlite Astro Chair,3,10312.6,20,24750.24,17681.78,7068.46,Credit Card,Delivered,7.0
NR20251000792,2025-10-18,CUST00637,Ishaan Kapoor 22,West,Maharashtra,Nashik,Retail Store,Accessories,Mice,Logitech M331 Mouse,1,1445.35,2,1416.44,1004.29,412.15,UPI,Delivered,3.0
NR20251100793,2025-11-19,CUST00732,Pooja Singh 25,North,Chandigarh,Chandigarh,Retail Store,Accessories,Keyboards,Logitech K120 Keyboard,1,818.48,7,761.19,539.42,221.77,UPI,Delivered,3.0
NR20250604174,2025-06-24,CUST00754,Ananya Iyer 26,South,Andhra Pradesh,Visakhapatnam,Online,Accessories,Bags,Skybags Casual Backpack,4,2017.28,12,7100.83,5268.54,1832.29,Debit Card,Delivered,4.0
NR20250401856,2025-04-12,CUST00295,Manish Tiwari 10,East,West Bengal,Siliguri,Retail Store,Furniture,Storage,Wooden Filing Cabinet,2,7806.35,12,13739.18,10683.95,3055.23,Debit Card,Delivered,6.0
NR20250104826,2025-01-28,CUST00872,Aditi Mehta 30,West,Gujarat,Surat,Retail Store,Accessories,Webcams,Logitech C270 Webcam,1,2433.71,0,2433.71,1826.52,607.19,Credit Card,Delivered,7.0
NR20251101981,2025-11-25,CUST00837,Aman Arora 28,North,Punjab,Amritsar,Online,Furniture,Desks,Wooden Study Desk,1,6363.48,14,5472.59,4006.8,1465.79,Net Banking,Delivered,4.0
NR20251203234,2025-12-19,CUST00552,Pooja Singh 19,Central,Madhya Pradesh,Indore,Retail Store,Furniture,Storage,Metal Office Cabinet,1,9114.62,7,8476.6,6212.23,2264.37,Debit Card,Delivered,5.0
NR20250204027,2025-02-28,CUST00930,Sneha Pillai 31,West,Gujarat,Ahmedabad,Corporate,Accessories,Webcams,Logitech C270 Webcam,5,2635.28,7,12254.05,9011.23,3242.82,Net Banking,Delivered,6.0
NR20251004275,2025-10-10,CUST00226,Sakshi Jain 8,West,Gujarat,Ahmedabad,Online,Office Supplies,Writing,Classmate Notebook Pack,3,436.46,15,1112.97,859.32,253.65,Net Banking,Delivered,5.0
NR20250303329,2025-03-28,CUST00774,Priya Nanda 26,Central,Madhya Pradesh,Indore,Corporate,Office Supplies,Paper,JK Copier A4 Paper Ream,3,301.95,12,797.15,607.79,189.36,Credit Card,Delivered,6.0
NR20250201531,2025-02-01,CUST00294,Priya Nanda 10,South,Andhra Pradesh,Vijayawada,Retail Store,Accessories,Power Banks,Ambrane 20000mAh Power Bank,1,1669.47,5,1586.0,1243.08,342.92,Cash,Delivered,4.0
NR20250501411,2025-05-09,CUST00545,Arjun Nair 19,East,Bihar, Patna,Retail Store,Electronics,Tablets,Lenovo Tab M11,4,18232.15,18,59801.45,49236.61,10564.84,UPI,Delivered,3.0
NR20250904357,2025-09-29,CUST00936,Diya Shah 32,West,Maharashtra,Nashik,Online,Office Supplies,Writing,Cello Ball Pen Pack,3,174.33,10,470.69,351.12,119.57,Net Banking,Delivered,5.0
NR20250604715,2025-06-19,CUST00100,Meera Joshi 4,Central,Chhattisgarh,Raipur,Retail Store,Office Supplies,Printing,HP 805 Ink Cartridge,2,1278.15,7,2377.36,1970.71,406.65,Credit Card,Delivered,5.0
NR20250600084,2025-06-08,CUST00012,Pooja Singh 1,West,Maharashtra,Nagpur,Retail Store,Furniture,Office Chairs,Green Soul Monster Chair,1,14021.32,10,12619.19,9393.77,3225.42,Cash,Delivered,3.0
NR20250400869,2025-04-05,CUST00353,Neha Chawla 12,East,Jharkhand,Ranchi,Retail Store,Furniture,Desks,IKEA Linnmon Desk,1,8340.18,7,7756.37,5678.72,2077.65,UPI,Cancelled,0.0
NR20250702351,2025-07-08,CUST00440,Varun Bhatia 15,East,West Bengal,Kolkata,Retail Store,Office Supplies,Writing,Classmate Notebook Pack,3,441.56,15,1125.98,841.97,284.01,Cash,Delivered,2.0
NR20250800021,2025-08-30,CUST00300,Sneha Pillai 10,North,Uttar Pradesh,Lucknow,Online,Furniture,Office Chairs,Featherlite Astro Chair,3,10568.97,15,26950.87,19981.44,6969.43,Debit Card,Delivered,4.0
NR20251103530,2025-11-20,CUST00899,Mohit Saxena 30,South,Tamil Nadu,Chennai,Retail Store,Furniture,Desks,IKEA Linnmon Desk,1,8561.13,2,8389.91,6149.17,2240.74,UPI,Delivered,3.0
NR20250702796,2025-07-09,CUST01047,Aman Arora 35,North,Delhi,Delhi,Retail Store,Electronics,Monitors,LG 24MP60G,2,12796.08,9,23288.87,18811.12,4477.75,Cash,Delivered,3.0
NR20251203454,2025-12-23,CUST00560,Varun Bhatia 19,South,Andhra Pradesh,Visakhapatnam,Retail Store,Electronics,Monitors,LG 24MP60G,1,11933.58,10,10740.22,8836.75,1903.47,Debit Card,Cancelled,0.0
NR20250104949,2025-01-24,CUST00212,Aditi Mehta 8,South,Tamil Nadu,Coimbatore,Online,Furniture,Storage,Wooden Filing Cabinet,1,7790.24,18,6388.0,4949.74,1438.26,Debit Card,Delivered,4.0
NR20250901563,2025-09-28,CUST00784,Ananya Iyer 27,West,Maharashtra,Pune,Online,Office Supplies,Writing,Cello Ball Pen Pack,4,184.98,15,628.93,451.37,177.56,UPI,Delivered,3.0
NR20250603094,2025-06-27,CUST01064,Riya Das 36,North,Uttar Pradesh,Noida,Retail Store,Office Supplies,Writing,Classmate Notebook Pack,8,453.9,7,3377.02,2546.04,830.98,Cash,Delivered,4.0
NR20251103156,2025-11-20,CUST00452,Aditi Mehta 16,West,Gujarat,Ahmedabad,Online,Electronics,Audio,boAt Airdopes 141,1,1440.62,12,1267.75,914.03,353.72,Debit Card,Delivered,3.0
NR20251000974,2025-10-28,CUST00835,Manish Tiwari 28,East,Assam,Guwahati,Online,Furniture,Storage,Wooden Filing Cabinet,2,7795.31,9,14187.46,11170.2,3017.26,UPI,Delivered,4.0
NR20251001711,2025-10-21,CUST01240,Meera Joshi 42,East,West Bengal,Kolkata,Online,Furniture,Office Chairs,Featherlite Astro Chair,3,10392.16,7,28994.13,20792.03,8202.1,UPI,Delivered,5.0
NR20250903202,2025-09-10,CUST01060,Meera Joshi 36,West,Gujarat,Surat,Online,Electronics,Cameras,Canon EOS 1500D,1,45989.81,7,42770.52,34569.15,8201.37,UPI,Delivered,6.0
NR20251004099,2025-10-08,CUST00001,Aarav Sharma 1,North,Rajasthan,Jaipur,Corporate,Electronics,Laptops,Acer Aspire 5,8,63736.11,14,438504.44,377944.2,60560.24,Net Banking,Delivered,3.0
NR20251104993,2025-11-25,CUST00785,Arjun Nair 27,West,Maharashtra,Nashik,Corporate,Office Supplies,Stationery,Kangaro Stapler Set,10,279.69,15,2377.37,1782.27,595.1,Credit Card,Delivered,5.0
NR20250501099,2025-05-30,CUST00152,Aditi Mehta 6,West,Gujarat,Ahmedabad,Online,Accessories,Power Banks,Ambrane 20000mAh Power Bank,2,1656.75,10,2982.15,2362.18,619.97,Net Banking,Delivered,4.0
NR20251004221,2025-10-03,CUST00956,Simran Kaur 32,South,Karnataka,Bengaluru,Retail Store,Office Supplies,Files,Solo Executive File Pack,8,522.79,15,3554.97,2705.6,849.37,Debit Card,Delivered,4.0
NR20250202845,2025-02-13,CUST00367,Ishaan Kapoor 13,West,Gujarat,Surat,Retail Store,Electronics,Laptops,Acer Aspire 5,2,64464.77,12,113458.0,92716.63,20741.37,Debit Card,Delivered,4.0
NR20250500887,2025-05-04,CUST00169,Tanvi Deshmukh 6,East,Assam,Guwahati,Retail Store,Electronics,Audio,JBL Tune 770NC,1,7279.15,0,7279.15,5491.15,1788.0,Debit Card,Delivered,4.0
NR20250601502,2025-06-13,CUST00101,Nikhil Patil 4,West,Gujarat,Vadodara,Online,Electronics,Cameras,Canon EOS 1500D,1,45788.94,16,38462.71,32574.81,5887.9,Net Banking,Delivered,2.0
NR20250103791,2025-01-22,CUST00157,Ishaan Kapoor 6,South,Kerala,Kochi,Online,Office Supplies,Writing,Classmate Notebook Pack,4,449.39,18,1474.0,1093.59,380.41,Credit Card,Delivered,2.0
NR20251104645,2025-11-01,CUST00367,Ishaan Kapoor 13,North,Punjab,Amritsar,Corporate,Furniture,Office Chairs,Featherlite Astro Chair,15,10259.85,14,132352.07,93214.31,39137.76,Credit Card,Delivered,5.0
NR20250303677,2025-03-22,CUST00033,Aditya Verma 2,North,Uttar Pradesh,Noida,Online,Furniture,Tables,Conference Table 6-Seater,2,30049.65,10,54089.37,41483.94,12605.43,UPI,Delivered,3.0
NR20250804464,2025-08-11,CUST00800,Varun Bhatia 27,West,Gujarat,Ahmedabad,Corporate,Electronics,Cameras,Canon EOS 1500D,8,46496.05,7,345930.61,294742.58,51188.03,Net Banking, Delivered,6.0
NR20250300516,2025-03-03,CUST00621,Vikram Sethi 21,South,Karnataka,Mysuru,Retail Store,Electronics,Cameras,Canon EOS 1500D,1,47042.43,17,39045.22,33912.15,5133.07,UPI,Delivered,3.0
NR20251004687,2025-10-03,CUST00616,Sakshi Jain 21,West,Maharashtra,Pune,Online,Office Supplies,Files,Solo Executive File Pack,1,494.81,5,470.07,375.96,94.11,UPI,Delivered,3.0
NR20251100738,2025-11-26,CUST00641,Nikhil Patil 22,South,Tamil Nadu,Coimbatore,Retail Store,Accessories,Webcams,Logitech C270 Webcam,4,2504.3,5,9516.34,7319.67,2196.67,Credit Card,Delivered,1.0
NR20251101454,2025-11-10,CUST00364,Ananya Iyer 13,South,Tamil Nadu,Chennai,Retail Store,Accessories,Bags,Skybags Casual Backpack,2,1916.64,9,3488.28,2504.45,983.83,Cash,Delivered,1.0
NR20251204851,2025-12-18,CUST01206,Diya Shah 41,West,Maharashtra,Mumbai,Corporate,Electronics,Tablets,Lenovo Tab M11,8,17985.58,11,128057.33,106556.36,21500.97,Debit Card,Delivered,3.0
NR20251004768,2025-10-01,CUST00339,Karan Malhotra 12,Central,Madhya Pradesh,Bhopal,Online,Electronics,Laptops,Acer Aspire 5,1,62671.69,9,57031.24,48214.5,8816.74,Credit Card,Cancelled,0.0
NR20250102507,2025-01-13,CUST00171,Vikram Sethi 6,West,Gujarat,Ahmedabad,Online,Accessories,Cables,Portronics HDMI Cable,1,649.62,5,617.14,423.08,194.06,UPI,Delivered,5.0
NR20251002995,2025-10-11,CUST01117,Ishaan Kapoor 38,South,Karnataka,Mysuru,Retail Store,Electronics,Smartphones,Samsung Galaxy M35,5,22476.74,17,93278.47,81487.93,11790.54,Debit Card,Delivered,5.0
NR20250502127,2025-05-06,CUST01061,Nikhil Patil 36,North,Chandigarh,Chandigarh,Retail Store,Electronics,Laptops,HP 15s,1,54705.95,19,44311.82,37057.94,7253.88,UPI,Delivered,5.0
NR20250202927,2025-02-06,CUST00851,Nikhil Patil 29,North,Delhi,Delhi,Online,Electronics,Audio,boAt Airdopes 141,1,1425.09,2,1396.59,1005.17,391.42,Credit Card,Delivered,3.0
NR20250504814,2025-05-31,CUST00860,Varun Bhatia 29,West,Gujarat,Surat,Online,Electronics,Laptops,Acer Aspire 5,1,65469.65,5,62196.17,52770.22,9425.95,Net Banking,Delivered,3.0
NR20250800907,2025-08-18,CUST01177,Ishaan Kapoor 40,South,Andhra Pradesh,Visakhapatnam,Retail Store,Accessories,Cables,Belkin USB-C Cable,1,1106.73,12,973.92,697.65,276.27,UPI,Delivered,2.0
NR20250203760,2025-02-20,CUST00390,Sneha Pillai 13,Central,Madhya Pradesh,Gwalior,Corporate,Electronics,Audio,boAt Airdopes 141,20,1414.04,12,24887.1,18344.73,6542.37,UPI,Delivered,5.0
NR20250301031,2025-03-10,CUST00550,Meera Joshi 19,North,Uttar Pradesh,Noida,Online,Office Supplies,Writing,Cello Ball Pen Pack,4,176.73,12,622.09,439.28,182.81,Net Banking,Delivered,2.0
NR20251002508,2025-10-14,CUST00713,Neha Chawla 24,South,Telangana,Hyderabad,Corporate,Accessories,Keyboards,Logitech K120 Keyboard,20,834.23,17,13848.22,9862.43,3985.79,Net Banking,Delivered,5.0
NR20250102429,2025-01-31,CUST00127,Ishaan Kapoor 5,West,Maharashtra,Mumbai,Online,Accessories,Mice,Logitech M331 Mouse,1,1449.43,10,1304.49,936.36,368.13,Debit Card,Delivered,3.0
NR20250500948,2025-05-25,CUST00954,Priya Nanda 32,North,Rajasthan,Jaipur,Corporate,Furniture,Storage,Metal Office Cabinet,2,8784.12,15,14933.0,11480.57,3452.43,Debit Card,Delivered,5.0
NR20250203920,2025-02-24,CUST01052,Aditi Mehta 36,South,Tamil Nadu,Coimbatore,Retail Store,Furniture,Desks,Wooden Study Desk,1,6581.31,7,6120.62,4442.21,1678.41,UPI,Delivered,5.0
NR20250100763,2025-01-23,CUST00294,Priya Nanda 10,Central,Chhattisgarh,Bilaspur,Retail Store,Electronics,Audio,boAt Airdopes 141,2,1334.51,14,2295.36,1607.01,688.35,Credit Card,Delivered,7.0
NR20251100716,2025-11-23,CUST00593,Neha Chawla 20,South,Tamil Nadu,Coimbatore,Retail Store,Electronics,Laptops,Acer Aspire 5,1,60567.39,12,53299.3,45254.19,8045.11,Cash,Delivered,3.0
NR20250200285,2025-02-03,CUST01045,Manish Tiwari 35,West,Gujarat,Vadodara,Online,Electronics,Smartphones,OnePlus Nord CE,2,26399.27,14,45406.74,40217.86,5188.88,UPI,Delivered,
NR20251100687,2025-11-16,CUST01032,Pooja Singh 35,East,West Bengal,Siliguri,Retail Store,Office Supplies,Stationery,Kangaro Stapler Set,10,287.7,7,2675.61,1980.15,695.46,Debit Card,Delivered,7.0
NR20250500704,2025-05-28,CUST00363,Aditya Verma 13,East,West Bengal,Kolkata,Corporate,Electronics,Laptops,Acer Aspire 5,8,60485.94,12,425821.02,343599.4,82221.62,Net Banking,Delivered,8.0
NR20250703342,2025-07-16,CUST01156,Sakshi Jain 39,South,Karnataka,Mysuru,Retail Store,Electronics,Monitors,LG 24MP60G,1,12635.38,11,11245.49,9440.36,1805.13,Cash,Delivered,1.0
NR20250502354,2025-05-13,CUST00300,Sneha Pillai 10,South,Karnataka,Bengaluru,Online,Furniture,Tables,Conference Table 6-Seater,2,27578.29,5,52398.75,39799.07,12599.68,Credit Card,Delivered,3.0
NR20250402258,2025-04-29,CUST01104,Priya Nanda 37,North,Punjab,Amritsar,Corporate,Office Supplies,Paper,JK Copier A4 Paper Ream,2,322.26,5,612.29,475.6,136.69,Credit Card,Delivered,4.0
NR20250103661,2025-01-20,CUST00294,Priya Nanda 10,West,Maharashtra,Pune,Retail Store,Furniture,Storage,Metal Office Cabinet,1,9285.34,10,8356.81,6333.09,2023.72,Credit Card,Delivered,3.0
NR20250800474,2025-08-23,CUST00294,Priya Nanda 10,West,Maharashtra,Mumbai,Retail Store,Office Supplies,Printing,HP 805 Ink Cartridge,4,1246.95,18,4090.0,3373.29,716.71,Cash,Delivered,4.0
NR20251000022,2025-10-31,CUST00974,Riya Das 33,West,Gujarat,Vadodara,Online,Furniture,Desks,Wooden Study Desk,3,6082.92,9,16606.37,12200.24,4406.13,UPI,Delivered,1.0
NR20250202753,2025-02-04,CUST00645,Rohan Kulkarni 22,North,Punjab,Amritsar,Online,Office Supplies,Printing,Epson 003 Ink Bottle,10,632.57,2,6199.19,4778.82,1420.37,UPI,Delivered,4.0
NR20250800886,2025-08-18,CUST00699,Karan Malhotra 24,Central,Madhya Pradesh,Bhopal,Retail Store,Electronics,Smartphones,Samsung Galaxy M35,1,21634.26,14,18605.46,15959.24,2646.22,UPI,Delivered,6.0
NR20250102449,12-Jan-2025,CUST00337,Ishaan Kapoor 12,West,Maharashtra,Nashik,Online,Furniture,Office Chairs,Featherlite Astro Chair,1,10299.84,15,8754.86,6022.08,2732.78,UPI,Delivered,4.0
NR20251100918,2025-11-07,CUST01086,Diya Shah 37,Central,Madhya Pradesh,Indore,Retail Store,Office Supplies,Printing,Epson 003 Ink Bottle,4,640.51,10,2305.84,1837.62,468.22,UPI,Delivered,4.0
NR20250903870,2025-09-12,CUST01096,Sakshi Jain 37,West,Gujarat,Vadodara,Retail Store,Office Supplies,Writing,Classmate Notebook Pack,8,449.25,10,3234.6,2464.65,769.95,Cash,Delivered,4.0
NR20251204765,2025-12-11,CUST00300,Sneha Pillai 10,West,Goa,Goa,Corporate,Furniture,Office Chairs,Featherlite Astro Chair,15,10337.4,14,133352.46,96199.39,37153.07,Net Banking,Delivered,1.0
NR20250402240,2025-04-20,CUST00201,Vikram Sethi 7,East,Assam,Guwahati,Online,Accessories,Cables,Belkin USB-C Cable,1,1125.4,5,1069.13,740.18,328.95,Net Banking,Delivered,6.0
NR20251103959,2025-11-17,CUST00704,Riya Das 24,West,Gujarat,Vadodara,Online,Electronics,Audio,boAt Airdopes 141,2,1409.66,9,2565.58,1857.98,707.6,Net Banking,Delivered,4.0
NR20250603396,2025-06-23,CUST00532,Yash Agarwal 18,East,West Bengal,Siliguri,Online,Office Supplies,Printing,Epson 003 Ink Bottle,10,652.1,12,5738.48,4451.0,1287.48,Credit Card,Delivered,4.0
NR20250701266,2025-07-12,CUST00557,Shreya Menon 19,West,Maharashtra,Nashik,Retail Store,Electronics,Smartphones,OnePlus Nord CE,1,25145.02,7,23384.87,21139.52,2245.35,Cash,Delivered,5.0
NR20250700484,2025-07-27,CUST00947,Shreya Menon 32,East,Odisha,Bhubaneswar,Retail Store,Office Supplies,Writing,Cello Ball Pen Pack,2,177.85,10,320.13,231.2,88.93,Debit Card,Delivered,5.0
NR20250504400,2025-05-22,CUST00468,Siddharth Rao 16,East,West Bengal,Kolkata,Online,Accessories,Keyboards,Logitech K120 Keyboard,2,846.69,12,1490.17,1075.82,414.35,Credit Card,Delivered,3.0
NR20251002964,2025-10-06,CUST01005,Rohan Kulkarni 34,West,Maharashtra,Pune,Retail Store,Accessories,Webcams,Logitech C270 Webcam,1,2392.43,10,2153.19,1632.7,520.49,Cash,Delivered,2.0
NR20251201220,2025-12-08,CUST00881,Nikhil Patil 30,East,Jharkhand,Ranchi,Retail Store,Electronics,Cameras,Canon EOS 1500D,5,45405.18,9,206593.57,176381.39,30212.18,UPI,Delivered,4.0
NR20251200278,2025-12-15,CUST00529,Tanvi Deshmukh 18,Central,Madhya Pradesh,Jabalpur,Online,Electronics,Smartphones,Samsung Galaxy M35,1,21109.98,7,19632.28,17447.81,2184.47,UPI,Delivered,7.0
NR20250400989,2025-04-03,CUST01007,Shreya Menon 34,South,Telangana,Hyderabad,Retail Store,Furniture,Office Chairs,Featherlite Astro Chair,1,11000.15,0,11000.15,7702.71,3297.44,Credit Card,Returned,6.0
NR20250602085,2025-06-27,CUST00109,Tanvi Deshmukh 4,West,Gujarat,Surat,Online,Accessories,Cables,Portronics HDMI Cable,4,667.03,15,2267.9,1557.53,710.37,UPI,Delivered,4.0
NR20250101246,2025-01-25,CUST00724,Ananya Iyer 25,East,West Bengal,Kolkata,Corporate,Furniture,Storage,Metal Office Cabinet,8,9155.5,12,64454.72,49454.76,14999.96,Credit Card,Delivered,6.0
NR20250202383,2025-02-07,CUST00888,Siddharth Rao 30,North,Uttar Pradesh,Lucknow,Online,Office Supplies,Stationery,Kangaro Stapler Set,10,277.83,12,2444.9,1838.79,606.11,Net Banking,Delivered,5.0
NR20251200572,2025-12-08,CUST01118,Kavya Reddy 38,East,West Bengal,Siliguri,Online,Accessories,Cables,Portronics HDMI Cable,2,616.4,5,1171.16,869.17,301.99,UPI,Delivered,6.0
NR20250801436,2025-08-02,CUST00019,Tanvi Deshmukh 1,South,Karnataka,Mysuru,Retail Store,Electronics,Laptops,Acer Aspire 5,1,61495.39,9,55960.8,44819.85,11140.95,UPI,Returned,9.0
NR20251000994,2025-10-03,CUST00562,Yash Agarwal 19,West,Gujarat,Vadodara,Retail Store,Office Supplies,Stationery,Faber-Castell Marker Set,3,371.5,10,1003.05,769.79,233.26,Debit Card,Returned,6.0
NR20250803559,2025-08-02,CUST00699,Karan Malhotra 24,South,Karnataka,Mysuru,Online,Furniture,Storage,Metal Office Cabinet,2,9045.76,15,15377.79,12068.9,3308.89,Credit Card,Delivered,6.0
NR20250803554,2025-08-15,CUST00904,Ananya Iyer 31,North,Uttar Pradesh,Lucknow,Online,Accessories,Keyboards,Logitech K120 Keyboard,1,863.84,15,734.26,540.63,193.63,UPI,Delivered,5.0
NR20250600586,2025-06-23,CUST01172,Aditi Mehta 40,West,Gujarat,Surat,Online,Office Supplies,Writing,Cello Ball Pen Pack,3,181.79,12,479.93,344.23,135.7,UPI,Delivered,4.0
NR20251103527,2025-11-23,CUST00299,Mohit Saxena 10,South,Karnataka,Mysuru,Retail Store,Office Supplies,Paper,JK Copier A4 Paper Ream,4,317.12,5,1205.06,924.01,281.05,UPI,Delivered,3.0
NR20250503771,2025-05-14,CUST00270,Sneha Pillai 9,Central,Chhattisgarh,Bilaspur,Corporate,Office Supplies,Files,Solo Executive File Pack,3,494.11,10,1334.1,1042.97,291.13,Net Banking,Delivered,7.0
NR20251002515,2025-10-16,CUST00854,Riya Das 29,Central,Madhya Pradesh,Gwalior,Retail Store,Furniture,Storage,Wooden Filing Cabinet,2,8363.14,15,14217.34,11374.45,2842.89,Credit Card,Delivered,3.0
NR20250301350,2025-03-30,CUST00244,Ananya Iyer 9,South,Karnataka,Mysuru,Online,Furniture,Storage,Wooden Filing Cabinet,1,7801.72,0,7801.72,5953.96,1847.76,Net Banking,Returned,9.0
NR20250901008,2025-09-19,CUST00729,Karan Malhotra 25,West,Goa,Goa,Online,Electronics,Smartphones,Samsung Galaxy M35,1,22148.93,9,20155.53,16957.98,3197.55,Debit Card,Delivered,3.0
NR20250400675,2025-04-20,CUST00442,Yash Agarwal 15,West,Maharashtra,Mumbai,Online,Office Supplies,Files,Solo Executive File Pack,4,493.73,10,1777.43,1425.47,351.96,Net Banking,Delivered,3.0
NR20250302413,2025-03-24,CUST01025,Arjun Nair 35,West,Maharashtra,Mumbai,Online,Accessories,Power Banks,Ambrane 20000mAh Power Bank,2,1653.48,10,2976.26,2335.07,641.19,Debit Card,Delivered,3.0
NR20251202904,2025-12-16,CUST00864,Priya Nanda 29,East,West Bengal,Kolkata,Online,Accessories,Keyboards,Logitech K120 Keyboard,2,840.73,15,1429.24,1091.67,337.57,UPI,Delivered,3.0
NR20250700448,2025-07-05,CUST00951,Vikram Sethi 32,West,Gujarat,Ahmedabad,Online,Electronics,Tablets,Lenovo Tab M11,1,17748.36,12,15618.56,13315.18,2303.38,UPI,Delivered,5.0
NR20250603581,2025-06-29,CUST01084,Ananya Iyer 37,East,Odisha,Bhubaneswar,Retail Store,Electronics,Smartphones,Samsung Galaxy M35,3,21752.2,9,59383.51,51675.28,7708.23,UPI,Delivered,9.0
NR20250603871,06/08/2025,CUST00628,Isha Banerjee 21,South,Karnataka,Bengaluru,Retail Store,Office Supplies,Stationery,Kangaro Stapler Set,10,280.8,5,2667.6,1985.59,682.01,Cash,Delivered,4.0
NR20250603816,2025-06-08,CUST00362,Aditi Mehta 13,South,Tamil Nadu,Chennai,Online,Accessories,Cables,Portronics HDMI Cable,3,619.6,7,1728.68,1219.4,509.28,Credit Card,Delivered,5.0
NR20250700360,2025-07-31,CUST00260,Varun Bhatia 9,West,Gujarat,Vadodara,Online,Electronics,Audio,JBL Tune 770NC,1,7024.25,2,6883.77,5187.29,1696.48,UPI,Delivered,5.0
NR20250302065,2025-03-17,CUST00448,Isha Banerjee 15,South,Telangana,Hyderabad,Corporate,Electronics,Audio,JBL Tune 770NC,15,7060.83,10,95321.21,74755.36,20565.85,Net Banking,Delivered,3.0
NR20251004514,2025-10-27,CUST00778,Isha Banerjee 26,East,Odisha,Bhubaneswar,Retail Store,Furniture,Desks,IKEA Linnmon Desk,1,8433.76,10,7590.38,5699.08,1891.3,UPI,Pending,4.0
NR20251104836,2025-11-26,CUST00262,Yash Agarwal 9,South,Karnataka,Mysuru,Corporate,Office Supplies,Printing,HP 805 Ink Cartridge,8,1297.38,17,8614.6,6935.8,1678.8,Net Banking,Returned,5.0
NR20251201691,2025-12-29,CUST00252,Pooja Singh 9,Central,Madhya Pradesh,Gwalior,Corporate,Accessories,Cables,Belkin USB-C Cable,3,1118.73,19,2718.51,1994.37,724.14,Net Banking,Delivered,5.0
NR20250204389,2025-02-04,CUST00916,Sakshi Jain 31,North,Uttar Pradesh,Lucknow,Retail Store,Furniture,Office Chairs,Green Soul Monster Chair,3,13954.87,12,36840.86,27632.95,9207.91,UPI,Delivered,2.0
NR20250801549,2025-08-23,CUST00401,Nikhil Patil 14,South,Telangana,Hyderabad,Retail Store,Office Supplies,Stationery,Kangaro Stapler Set,3,280.46,12,740.41,561.76,178.65,Cash,Delivered,1.0
NR20250401248,2025-04-17,CUST00038,Kavya Reddy 2,North,Punjab,Amritsar,Online,Furniture,Storage,Metal Office Cabinet,1,9433.66,5,8961.98,7076.42,1885.56,UPI,Delivered,1.0
NR20250801986,2025-08-08,CUST00227,Shreya Menon 8,East,West Bengal,Kolkata,Online,Electronics,Audio,JBL Tune 770NC,2,7277.77,7,13536.65,9874.23,3662.42,UPI,Returned,7.0
NR20250100295,2025-01-18,CUST00390,Sneha Pillai 13,South,Tamil Nadu,Chennai,Corporate,Furniture,Storage,Metal Office Cabinet,15,9526.61,9,130038.23,94160.72,35877.51,Credit Card,Delivered,2.0
NR20250101548,2025-01-23,CUST00795,Rohan Kulkarni 27,East,Jharkhand,Ranchi,Online,Accessories,Cables,Belkin USB-C Cable,3,1083.78,2,3186.31,2329.36,856.95,Debit Card,Delivered,3.0
NR20251202013,2025-12-28,CUST00791,Nikhil Patil 27,North,Punjab,Ludhiana,Online,Electronics,Smartphones,Samsung Galaxy M35,4,22612.64,16,75978.47,66393.29,9585.18,Net Banking,Delivered,1.0
NR20250400589,2025-04-24,CUST00025,Manish Tiwari 1,West,Maharashtra,Mumbai,Online,Accessories,Keyboards,Logitech K120 Keyboard,2,842.06,15,1431.5,1012.01,419.49,UPI,Delivered,2.0
NR20250803330,2025-08-21,CUST00805,Manish Tiwari 27,West,Gujarat,Ahmedabad,Online,Accessories,Bags,American Tourister Laptop Bag,2,2670.6,10,4807.08,3694.02,1113.06,Credit Card,Delivered,3.0
NR20250502404,2025-05-14,CUST00973,Rahul Gupta 33,North,Chandigarh,Chandigarh,Retail Store,Office Supplies,Stationery,Kangaro Stapler Set,1,278.02,5,264.12,194.49,69.63,Debit Card,Delivered,1.0
NR20250302130,2025-03-12,CUST01131,Vikram Sethi 38,West,Maharashtra,Pune,Retail Store,Accessories,Cables,Portronics HDMI Cable,2,651.42,5,1237.7,861.83,375.87,Debit Card,Delivered,4.0
NR20250804451,2025-08-01,CUST00408,Siddharth Rao 14,North,Uttar Pradesh,Noida,Online,Furniture,Office Chairs,Featherlite Astro Chair,4,10408.18,5,39551.08,28947.49,10603.59,UPI,Delivered,5.0
NR20250203509,2025-02-23,CUST00637,Ishaan Kapoor 22,West,Gujarat,Vadodara,Online,Office Supplies,Writing,Cello Ball Pen Pack,3,180.4,7,503.32,369.45,133.87,Credit Card,Delivered,6.0
NR20251102411,2025-11-19,CUST00095,Arjun Nair 4,Central,Madhya Pradesh,Bhopal,Online,Furniture,Office Chairs,Featherlite Astro Chair,1,10582.3,0,10582.3,7603.71,2978.59,Debit Card,Delivered,3.0
NR20250802720,2025-08-31,CUST00295,Manish Tiwari 10,East,Jharkhand,Ranchi,Online,Electronics,Laptops,Acer Aspire 5,1,62470.05,12,54973.64,44791.52,10182.12,UPI,Delivered,3.0
NR20251004619,2025-10-04,CUST00254,Riya Das 9,East,Odisha,Bhubaneswar,Online,Office Supplies,Stationery,Kangaro Stapler Set,3,291.09,18,716.08,554.57,161.51,Net Banking,Delivered,4.0
NR20250500426,2025-05-12,CUST00398,Kavya Reddy 14,North,Chandigarh,Chandigarh,Online,Electronics,Tablets,Lenovo Tab M11,1,18255.74,12,16065.05,13281.66,2783.39,Net Banking,Delivered,1.0
NR20250802583,2025-08-26,CUST00929,Mohit Saxena 31,Central,Madhya Pradesh,Bhopal,Retail Store,Electronics,Audio,boAt Airdopes 141,2,1380.08,7,2566.95,1939.0,627.95,Cash,Delivered,3.0
NR20250901055,2025-09-07,CUST00393,Aditya Verma 14,West,Gujarat,Vadodara,Retail Store,Office Supplies,Writing,Classmate Notebook Pack,4,447.08,5,1698.9,1293.33,405.57,UPI,Delivered,3.0
NR20250804086,2025-08-25,CUST01248,Siddharth Rao 42,East,Jharkhand,Ranchi,Online,Accessories,Bags,Skybags Casual Backpack,4,1963.68,7,7304.89,5234.22,2070.67,Debit Card,Cancelled,0.0
NR20250604627,2025-06-22,CUST00218,Kavya Reddy 8,South,Telangana,Hyderabad,Online,Electronics,Tablets,Lenovo Tab M11,1,17677.81,7,16440.36,13492.4,2947.96,Net Banking,Delivered,1.0
NR20250100557,2025-01-19,CUST01121,Nikhil Patil 38,West,Maharashtra,Pune,Retail Store,Electronics,Tablets,Lenovo Tab M11,1,17914.31,15,15227.16,12071.35,3155.81,Cash,Delivered,4.0
NR20250404421,2025-04-25,CUST00345,Rohan Kulkarni 12,north,Delhi,Delhi,Retail Store,Furniture,Office Chairs,Featherlite Astro Chair,1,10837.62,5,10295.74,7409.92,2885.82,UPI,Delivered,3.0
NR20250704057,2025-07-13,CUST00414,Priya Nanda 14,West,Gujarat,Ahmedabad,Retail Store,Furniture,Tables,Conference Table 6-Seater,2,29234.23,7,54375.67,42308.97,12066.7,Debit Card,Delivered,4.0
NR20250804922,2025-08-31,CUST00019,Tanvi Deshmukh 1,West,Gujarat,Vadodara,Retail Store,Office Supplies,Files,Solo Executive File Pack,10,532.78,10,4795.02,3656.14,1138.88,UPI,Delivered,4.0
NR20250402470,2025-04-17,CUST00388,Isha Banerjee 13,North,Delhi,Delhi,Corporate,Office Supplies,Writing,Classmate Notebook Pack,5,445.86,5,2117.84,1564.89,552.95,Credit Card,Delivered,5.0
NR20250404778,2025-04-23,CUST00745,Manish Tiwari 25,South,Karnataka,Mysuru,Online,Office Supplies,Stationery,Kangaro Stapler Set,8,270.55,10,1947.96,1403.0,544.96,Credit Card,Delivered,3.0
NR20251000356,2025-10-30,CUST00219,Karan Malhotra 8,East,West Bengal,Kolkata,Retail Store,Electronics,Smartphones,OnePlus Nord CE,2,25267.8,0,50535.6,44085.02,6450.58,UPI,Returned,9.0
NR20250901194,2025-09-11,CUST01244,Riya Das 42,West,Maharashtra,Mumbai,Online,Office Supplies,Printing,HP 805 Ink Cartridge ,4,1291.79,5,4908.8,3947.07,961.73,UPI,Delivered,1.0
NR20250401717,04/06/2025,CUST00434,Riya Das 15,North,Uttarakhand,Dehradun,Corporate,Furniture,Office Chairs,Featherlite Astro Chair,5,10354.53,15,44006.75,31374.59,12632.16,UPI,Delivered,3.0
NR20250903417,2025-09-17,CUST01215,Rohan Kulkarni 41,North,Uttar Pradesh,Noida,Corporate,Electronics,Tablets,Lenovo Tab M11,15,17306.6,15,220659.15,185247.76,35411.39,Net Banking,Cancelled,0.0
NR20250802605,2025-08-19,CUST00996,Diya Shah 34,East,Bihar,Patna,Online,Office Supplies,Stationery,Kangaro Stapler Set,4,283.13,0,1132.52,825.27,307.25,Credit Card,Delivered,2.0
NR20250804397,2025-08-31,CUST00808,Isha Banerjee 27,East,Assam,Guwahati,Online,Electronics,Smartphones,OnePlus Nord CE,3,24970.79,14,64424.64,55874.53,8550.11,UPI,Delivered,10.0
NR20250202829,2025-02-26,CUST00502,Yash Agarwal 17,Central,Chhattisgarh,Raipur,Retail Store,Electronics,Audio,boAt Airdopes 141,3,1422.63,16,3585.03,2564.01,1021.02,Debit Card,Delivered,3.0
NR20251201705,2025-12-07,CUST00293,Neha Chawla 10,North,Uttarakhand,Dehradun,Online,Accessories,Mice,Logitech M331 Mouse,3,1478.61,5,4214.04,3193.21,1020.83,UPI,Delivered,5.0
NR20251102864,2025-11-22,CUST00073,Rahul Gupta 3,South,Karnataka,Mysuru,Corporate,Furniture,Storage,Wooden Filing Cabinet,15,7971.88,14,102837.25,79352.5,23484.75,Credit Card,Delivered,3.0
NR20250502619,2025-05-07,CUST00297,Aman Arora 10,West,Gujarat,Surat,Online,Furniture,Storage,Metal Office Cabinet,1,9085.84,7,8449.83,6550.11,1899.72,Debit Card,Delivered,2.0
NR20250702401,2025-07-25,CUST01049,Mohit Saxena 35,Central,Madhya Pradesh,Bhopal,Retail Store,Electronics,Laptops,HP 15s,2,52829.25,7,98262.4,82885.84,15376.56,UPI,Delivered,5.0
NR20250802140,2025-08-09,CUST00927,Aman Arora 31,East,Jharkhand,Ranchi,Online,Furniture,Storage,Metal Office Cabinet,2,9561.85,10,17211.33,12632.12,4579.21,UPI,Delivered,5.0
NR20250103240,2025-01-18,CUST00845,,West,Maharashtra,Nagpur,Corporate,Office Supplies,Printing,Epson 003 Ink Bottle,8,613.59,9,4466.94,3603.27,863.67,Credit Card,Delivered,3.0
NR20250702384,2025-07-30,CUST00007,Ishaan Kapoor 1,East,West Bengal,Siliguri,Online,Office Supplies,Writing,Classmate Notebook Pack,3,437.96,12,1156.21,838.74,317.47,Credit Card,Delivered,5.0
NR20250503219,2025-05-31,CUST00498,Siddharth Rao 17,North,Uttarakhand,Dehradun,Online,Electronics,Smartphones,Samsung Galaxy M35,3,22003.88,2,64691.41,56992.85,7698.56,UPI,Cancelled,0.0
NR20250903857,2025-09-18,CUST00398,Kavya Reddy 14,North,Punjab,Amritsar,Online,Accessories,Bags,American Tourister Laptop Bag,3,2671.64,7,7453.88,5723.81,1730.07,UPI,Pending,6.0
NR20250501286,2025-05-11,CUST01003,Rahul Gupta 34,South,Telangana,Hyderabad,Online,Electronics,Laptops,Acer Aspire 5,1,60335.01,2,59128.31,48899.39,10228.92,Credit Card,Delivered,3.0
NR20251103910,2025-11-26,CUST00756,Diya Shah 26,Central,Madhya Pradesh,Gwalior,Online,Office Supplies,Writing,Cello Ball Pen Pack,2,182.19,15,309.72,221.21,88.51,UPI,Delivered,5.0
NR20250703955,2025-07-24,CUST00843,Aditya Verma 29,East,Assam,Guwahati,Online,Office Supplies,Stationery,Faber-Castell Marker Set,3,363.75,12,960.3,726.01,234.29,Net Banking,Delivered,
NR20250204533,2025-02-25,CUST00195,Rohan Kulkarni 7,West,Gujarat,Surat,Retail Store,Office Supplies,Files,Solo Executive File Pack,4,512.1,7,1905.01,1541.35,363.66,Debit Card,Delivered,1.0
NR20250202088,2025-02-17,CUST00334,Ananya Iyer 12,South,Tamil Nadu,Chennai,Online,Office Supplies,Files,Solo Executive File Pack,2,535.12,0,1070.24,808.07,262.17,UPI,Delivered,6.0
NR20250101890,2025-01-10,CUST00087,Aman Arora 3,North,Uttar Pradesh,Noida,Corporate,Accessories,Power Banks,Ambrane 20000mAh Power Bank,3,1767.22,17,4400.38,3458.09,942.29,Debit Card,Delivered,2.0
NR20250403615,2025-04-09,CUST01000,Meera Joshi 34,North,Rajasthan,Jaipur,Retail Store,Accessories,Keyboards,Logitech K120 Keyboard,1,845.38,10,760.84,546.87,213.97,Debit Card,Delivered,6.0
NR20250701592,2025-07-14,CUST01234,Ananya Iyer 42,East,West Bengal,Kolkata,Retail Store,Electronics,Audio,boAt Airdopes 141,1,1432.37,12,1260.49,935.86,324.63,UPI,Delivered,3.0
NR20250201347,2025-02-21,CUST00331,Aarav Sharma 12,South,Andhra Pradesh,Visakhapatnam,Corporate,Office Supplies,Writing,Classmate Notebook Pack,5,453.54,7,2108.96,1550.04,558.92,Credit Card,Delivered,6.0
NR20250704495,2025-07-10,CUST00666,Diya Shah 23,North,Chandigarh,Chandigarh,Online,Furniture,Storage,Metal Office Cabinet,1,8946.58,10,8051.92,5962.75,2089.17,UPI,Delivered,2.0
NR20250702163,2025-07-22,CUST00467,Shreya Menon 16,South,Telangana,Hyderabad,Online,Electronics,Monitors,LG 24MP60G,2,12434.34,15,21138.38,16900.04,4238.34,Net Banking,Delivered,4.0
NR20250802397,2025-08-29,CUST00810,Sneha Pillai 27,South,Karnataka,Mysuru,Retail Store,Accessories,Cables,Portronics HDMI Cable,1,651.53,7,605.92,430.21,175.71,Debit Card,Delivered,4.0
NR20250203756,2025-02-15,CUST00515,Arjun Nair 18,West,Maharashtra,Mumbai,Corporate,Electronics,Cameras,Canon EOS 1500D,15,46564.23,7,649571.01,557122.44,92448.57,Credit Card,Delivered,4.0
NR20251002272,2025-10-23,CUST00588,Siddharth Rao 20,West,Goa,Goa,Online,Accessories,Cables,Belkin USB-C Cable,1,1098.48,7,1021.59,735.88,285.71,UPI, Delivered,2.0
NR20250804555,2025-08-03,CUST00387,Aman Arora 13,South,Karnataka,Bengaluru,Online,Accessories,Cables,Belkin USB-C Cable,1,1095.36,5,1040.59,726.87,313.72,UPI,Delivered,3.0
NR20250203112,2025-02-13,CUST00005,,West,Gujarat,Surat,Retail Store,Accessories,Webcams,Logitech C270 Webcam,1,2582.65,0,2582.65,1998.52,584.13,Credit Card,Delivered,4.0
NR20250201138,2025-02-07,CUST00972,Pooja Singh 33,North,Chandigarh,Chandigarh,Retail Store,Electronics,Audio,boAt Airdopes 141,3,1435.79,12,3790.49,2810.98,979.51,Cash,Delivered,3.0
NR20250104014,2025-01-17,CUST00843,Aditya Verma 29,South,Karnataka,Bengaluru,Corporate,Electronics,Smartphones,OnePlus Nord CE,20,25931.07,21,409710.91,360362.15,49348.76,UPI,Delivered,4.0
NR20251200973,2025-12-26,CUST00793,Rahul Gupta 27,Central,Chhattisgarh,Raipur,Corporate,Furniture,Storage,Wooden Filing Cabinet,20,7889.44,9,143587.81,107464.4,36123.41,Credit Card,Delivered,4.0
NR20250200796,2025-02-10,CUST00031,Aarav Sharma 2,North,Uttar Pradesh,Lucknow,Online,Accessories,Webcams,Logitech C270 Webcam,3,2404.12,10,6491.12,4661.67,1829.45,Credit Card,Delivered,3.0
NR20250203021,2025-02-23,CUST00770,Varun Bhatia 26,South,Kerala,Kochi,Corporate,Furniture,Office Chairs,Featherlite Astro Chair,8,10376.83,12,73052.88,51590.06,21462.82,Net Banking,Delivered,4.0
NR20250201712,2025-02-02,CUST00883,Rahul Gupta 30,West,Gujarat,Surat,Online,Electronics,Audio,boAt Airdopes 141,1,1406.57,10,1265.91,900.49,365.42,UPI,Delivered,1.0
NR20250403388,2025-04-27,CUST00813,Aditya Verma 28,East,Jharkhand,Ranchi,Retail Store,Furniture,Storage,Wooden Filing Cabinet,1,7795.28,10,7015.75,5373.83,1641.92,Debit Card,Delivered,1.0
NR20251100037,2025-11-13,CUST00418,Isha Banerjee 14,North,Rajasthan,Jaipur,Retail Store,Electronics,Smartphones,OnePlus Nord CE,4,26512.76,14,91203.89,82822.0,8381.89,UPI,Delivered,3.0
NR20250300454,2025-03-02,CUST00734,Riya Das 25,North,Punjab,Amritsar,Retail Store,Office Supplies,Files,Solo Executive File Pack,2,528.9,7,983.75,768.34,215.41,Debit Card,Delivered ,2.0
NR20251100914,2025-11-15,CUST00986,Simran Kaur 33,South,Kerala,Kochi,Corporate,Electronics,Laptops,Acer Aspire 5,3,63118.19,4,181780.39,156138.35,25642.04,Credit Card,Delivered,2.0
NR20250604148,2025-06-06,CUST00844,Ananya Iyer 29,South,Andhra Pradesh,Vijayawada,Retail Store,Furniture,Tables,Conference Table 6-Seater,1,27862.71,10,25076.44,18750.28,6326.16,UPI,Delivered,1.0
NR20250901200,2025-09-28,CUST00711,Vikram Sethi 24,North,Rajasthan,Jaipur,Online,Electronics,Tablets,Lenovo Tab M11,1,17934.6,12,15782.45,13058.03,2724.42,Credit Card,Delivered,4.0
NR20250901275,2025-09-01,CUST00126,Diya Shah 5,East,Bihar,Patna,Retail Store,Accessories,Keyboards,Logitech K120 Keyboard,1,838.59,5,796.66,570.43,226.23,Debit Card,Pending,7.0
NR20251002376,2025-10-11,CUST00578,Kavya Reddy 20,South,Telangana,Hyderabad,Corporate,Electronics,Laptops,Acer Aspire 5,20,60301.66,12,1061309.22,890295.47,171013.75,Net Banking,Delivered,6.0
NR20250700038,2025-07-01,CUST00208,Isha Banerjee 7,North,Punjab,Ludhiana,Corporate,Accessories,Keyboards,Logitech K120 Keyboard,15,878.39,4,12648.82,9207.91,3440.91,Credit Card,Delivered,5.0
NR20251100975,2025-11-28,CUST00690,Sneha Pillai 23,South,Karnataka,Bengaluru,Retail Store,Office Supplies,Stationery,Faber-Castell Marker Set,8,362.72,23,2234.36,1717.97,516.39,Cash,Delivered,4.0
NR20250503196,2025-05-14,CUST00046,Sakshi Jain 2,West,Gujarat,Surat ,Corporate,Furniture,Desks,Wooden Study Desk,15,6562.15,7,91541.99,66967.03,24574.96,Credit Card,Delivered,5.0
NR20251000984,2025-10-08,CUST00511,Aarav Sharma 18,South,Andhra Pradesh,Vijayawada,Retail Store,Office Supplies,Writing,Classmate Notebook Pack,4,446.78,12,1572.67,1174.26,398.41,UPI,Delivered,1.0
NR20250204023,2025-02-27,CUST00764,Riya Das 26,West,Goa,Goa,Corporate,Office Supplies,Stationery,Faber-Castell Marker Set,10,357.95,7,3328.93,2483.71,845.22,Net Banking,Delivered,4.0
NR20250504141,2025-05-22,CUST01075,Manish Tiwari 36,South,Telangana,Hyderabad,Online,Electronics,Laptops,HP 15s,2,55262.2,17,91735.25,79312.12,12423.13,Debit Card,Delivered,5.0
NR20250301419,2025-03-25,CUST00907,Ishaan Kapoor 31,East,Assam,Guwahati,Online,Electronics,Laptops,Acer Aspire 5,2,62221.86,12,109510.47,91221.74,18288.73,UPI,Returned,11.0
NR20250503333,2025-05-03,CUST00409,,East,West Bengal,Kolkata,Online,Accessories,Keyboards,Logitech K120 Keyboard,1,855.31,0,855.31,605.8,249.51,Net Banking,Delivered,6.0
NR20250501561,2025-05-12,CUST00441,Vikram Sethi 15,North,Uttar Pradesh,Noida,Retail Store,Office Supplies,Printing,HP 805 Ink Cartridge,8,1250.91,12,8806.41,7329.56,1476.85,Cash,Delivered,4.0
NR20251000040,2025-10-21,CUST00459,Karan Malhotra 16,North,Punjab,Ludhiana,Retail Store,Electronics,Audio,boAt Airdopes 141,1,1410.37,18,1156.5,859.93,296.57,Credit Card,Delivered,1.0
NR20250201487,2025-02-15,CUST00504,Priya Nanda 17,West,Gujarat,Ahmedabad,Retail Store,Accessories,Power Banks,Ambrane 20000mAh Power Bank,1,1703.88,5,1618.69,1268.31,350.38,UPI,Delivered,3.0
NR20250304476,2025-03-27,CUST00019,Tanvi Deshmukh 1,Central,Madhya Pradesh,Jabalpur,Retail Store,Furniture,Desks,IKEA Linnmon Desk,3,8747.82,7,24406.42,18419.83,5986.59,Cash,Cancelled,0.0
NR20251200170,2025-12-02,CUST01064,Riya Das 36,West,Gujarat,Vadodara,Online,Office Supplies,Files,Solo Executive File Pack,2,498.42,7,927.06,742.46,184.6,Credit Card,Delivered,3.0
NR20251101356,2025-11-10,CUST00270,Sneha Pillai 9,South,Kerala,Kochi,Retail Store,Furniture,Desks,IKEA Linnmon Desk,5,8738.87,10,39324.92,30345.31,8979.61,UPI,Returned,6.0
NR20250202786,2025-02-22,CUST00864,Priya Nanda 29,West,Goa,Goa,Corporate,Office Supplies,Paper,JK Copier A4 Paper Ream,10,313.93,2,3076.51,2332.2,744.31,Net Banking,Delivered,7.0
NR20250304054,2025-03-01,CUST01064,Riya Das 36,North,Rajasthan,Jaipur,Online,Office Supplies,Writing,Cello Ball Pen Pack,3,188.45,0,565.35,402.89,162.46,UPI,Delivered,5.0
NR20250104817,2025-01-20,CUST00982,Yash Agarwal 33,West,Gujarat,Ahmedabad,Online,Office Supplies,Stationery,Kangaro Stapler Set,3,295.33,15,753.09,582.66,170.43,Credit Card,Delivered,1.0
NR20250103613,2025-01-23,CUST00091,Aarav Sharma 4,North,Chandigarh,Chandigarh,Online,Electronics,Smartphones,OnePlus Nord CE,3,24649.63,2,72469.91,62522.32,9947.59,UPI,Delivered,5.0
NR20250500988,2025-05-27,CUST00255,Rohan Kulkarni 9,South,Andhra Pradesh,Vijayawada,Corporate,Electronics,Audio,JBL Tune 770NC,3,7313.03,14,18867.62,14358.83,4508.79,Net Banking,Delivered,3.0
NR20251202683,2025-12-14,CUST00181,Aarav Sharma 7,West,Maharashtra,Nagpur,Online,Accessories,Cables,Belkin USB-C Cable,2,1107.32,12,1948.88,1392.38,556.5,Net Banking,Delivered,2.0
NR20250404772,2025-04-18,CUST00451,Aarav Sharma 16,North,Uttar Pradesh,Noida,Retail Store,Furniture,Desks,Wooden Study Desk,1,6274.97,10,5647.47,4294.75,1352.72,UPI,Delivered,3.0
NR20251104411,2025-11-18,CUST00229,Tanvi Deshmukh 8,East,Odisha,Bhubaneswar,Online,Furniture,Storage,Wooden Filing Cabinet,1,7576.38,12,6667.21,5008.25,1658.96,UPI,Cancelled,0.0
NR20251201641,2025-12-13,CUST00084,Priya Nanda 3,South,Telangana,Hyderabad,Online,Accessories,Webcams,Logitech C270 Webcam,1,2518.08,9,2291.45,1743.04,548.41,Debit Card,Delivered,4.0
NR20250701291,2025-07-18,CUST00452,Aditi Mehta 16,West,Maharashtra,Nagpur,Retail Store,Electronics,Audio,boAt Airdopes 141,2,1409.49,17,2339.75,1697.78,641.97,UPI,Delivered,5.0
NR20250701381,2025-07-04,CUST00927,Aman Arora 31,West,Goa,Goa,Corporate,Electronics,Laptops,HP 15s,1,55087.82,14,47375.53,39120.82,8254.71,UPI,Delivered,5.0
NR20251001934,2025-10-29,CUST00951,Vikram Sethi 32,West,Gujarat,Ahmedabad,Online,Electronics,Laptops,HP 15s,1,55096.45,15,46831.98,40853.72,5978.26,UPI,Delivered,6.0
NR20251100580,2025-11-02,CUST00250,Meera Joshi 9,West,Maharashtra,Nashik,Retail Store,Office Supplies,Stationery,Kangaro Stapler Set,2,280.25,10,504.45,358.9,145.55,Cash,Delivered,4.0
NR20250904281,2025-09-07,CUST01044,Priya Nanda 35,West,Maharashtra,Mumbai,Online,Electronics,Laptops,Acer Aspire 5,1,62167.66,4,59680.95,50963.24,8717.71,Credit Card,Returned,8.0
NR20250203161,2025-02-03,CUST00535,Manish Tiwari 18,South,Tamil Nadu,Chennai,Online,Electronics,Cameras,Canon EOS 1500D,1,47025.42,12,41382.37,35297.2,6085.17,UPI,Delivered,5.0
NR20250102031,2025-01-20,CUST00806,Simran Kaur 27,North,Uttar Pradesh,Noida,Retail Store,Electronics,Tablets,Lenovo Tab M11,1,17594.13,10,15834.72,13073.46,2761.26,Credit Card,Delivered,5.0
NR20250900893,2025-09-08,CUST00910,Meera Joshi 31,North,Delhi,Delhi,Retail Store,Office Supplies,Printing,Epson 003 Ink Bottle,8,630.58,5,4792.41,3910.34,882.07,UPI,Delivered,4.0
NR20250204696,2025-02-11,CUST00268,Isha Banerjee 9,West,Gujarat,Ahmedabad,Corporate,Electronics,Laptops,Acer Aspire 5,15,59743.83,5,851349.58,706548.77,144800.81,Net Banking,Delivered,4.0
NR20250400781,2025-04-22,CUST01125,Rohan Kulkarni 38,North,Delhi,Delhi,Retail Store,Office Supplies,Paper,JK Copier A4 Paper Ream,2,322.51,5,612.77,461.03,151.74,UPI,Delivered,2.0
NR20250800160,2025-08-07,CUST01091,Nikhil Patil 37,South,Telangana,Hyderabad,Online,Office Supplies,Paper,JK Copier A4 Paper Ream,1,329.33,15,279.93,215.97,63.96,UPI,Delivered,1.0
NR20251000003,2025-10-12,CUST00122,Aditi Mehta 5,South,Andhra Pradesh,Visakhapatnam,Online,Furniture,Office Chairs,Green Soul Monster Chair,1,14195.44,7,13201.76,9460.66,3741.1,Debit Card,Delivered,2.0
NR20250802264,2025-08-23,CUST00408,Siddharth Rao 14,South,Telangana,Hyderabad,Online,Electronics,Smartphones,OnePlus Nord CE,3,26409.41,9,72097.69,63057.02,9040.67,UPI,Delivered,1.0
NR20250403217,2025-04-12,CUST01110,Sneha Pillai 37,East,Jharkhand,Ranchi,Online,Electronics,Tablets,Lenovo Tab M11,2,17803.23,2,34894.33,28577.89,6316.44,Net Banking,Delivered,4.0
NR20250502110,2025-05-03,CUST00328,Isha Banerjee 11,South,Tamil Nadu,Coimbatore,Retail Store,Electronics,Smartphones,OnePlus Nord CE,1,26136.43,7,24306.88,21641.73,2665.15,Cash,Delivered,3.0
NR20251100850,2025-11-16,CUST00654,Priya Nanda 22,East,Odisha,Bhubaneswar,Retail Store,Furniture,Desks,IKEA Linnmon Desk,1,8504.2,12,7483.7,5567.46,1916.24,UPI,Delivered,6.0
NR20250902738,2025-09-01,CUST01211,Nikhil Patil 41,West,Maharashtra,Mumbai,Online,Office Supplies,Files,Solo Executive File Pack,1,547.28,10,492.55,367.36,125.19,Debit Card,Delivered,1.0
NR20250502467,2025-05-11,CUST00162,Pooja Singh 6,East,Assam,Guwahati,Online,Accessories,Cables,Belkin USB-C Cable,1,1111.14,10,1000.03,709.67,290.36,Credit Card,Delivered,6.0
NR20250603809,2025-06-07,CUST00185,Arjun Nair 7,West,Gujarat,Vadodara,Online,Accessories,Keyboards,Logitech K120 Keyboard,1,824.74,12,725.77,532.51,193.26,Credit Card,Delivered,2.0
NR20251104243,2025-11-29,CUST01200,Sneha Pillai 40,West,Gujarat,Surat,Online,Electronics,Smartphones,Samsung Galaxy M35,2,23320.55,12,41044.17,35369.0,5675.17,Net Banking,Delivered,2.0
NR20250401597,2025-04-22,CUST00508,Isha Banerjee 17,West,Gujarat,Vadodara,Online,Furniture,Office Chairs,Featherlite Astro Chair,3,10816.06,5,30825.77,22149.56,8676.21,Credit Card,Delivered,4.0
NR20250501777,2025-05-14,CUST01061,Nikhil Patil 36,Central,Madhya Pradesh,Jabalpur,Online,Accessories,Cables,Portronics HDMI Cable,1,652.47,12,574.17,394.04,180.13,Debit Card,Delivered,2.0
NR20251101914,2025-11-13,CUST01031,Nikhil Patil 35,West,Maharashtra,Nagpur,Online,Accessories,Cables,Belkin USB-C Cable,1,1119.94,15,951.95,647.39,304.56,Net Banking,Delivered,3.0
NR20250901044,2025-09-29,CUST00643,Rahul Gupta 22,West,Goa,Goa,Corporate,Furniture,Desks,Wooden Study Desk,15,6789.57,17,84530.15,62463.09,22067.06,Net Banking,Delivered,5.0
NR20250704781,2025-07-15,CUST00316,Sakshi Jain 11,Central,Madhya Pradesh,Indore,Online,Electronics,Smartphones,OnePlus Nord CE,1,25764.92,5,24476.67,21287.26,3189.41,Debit Card,Delivered,4.0
NR20250201545,2025-02-06,CUST00756,Diya Shah 26,North,Punjab,Amritsar,Corporate,Electronics,Audio,boAt Airdopes 141,10,1436.78,14,12356.31,8909.6,3446.71,Credit Card,Delivered,5.0
NR20250702737,2025-07-30,CUST00366,Diya Shah 13,East,West Bengal,Siliguri,Retail Store,Accessories,Cables,Belkin USB-C Cable,1,1104.55,7,1027.23,714.18,313.05,UPI,Delivered,6.0
NR20251204412,2025-12-02,CUST00993,Aditya Verma 34,North,Uttarakhand,Dehradun,Corporate,Accessories,Cables,Portronics HDMI Cable,5,658.2,9,2994.81,2160.66,834.15,Net Banking,Delivered,4.0
NR20250704684,2025-07-05,CUST00900,Sneha Pillai 30,North,Punjab,Ludhiana,Online,Electronics,Audio,JBL Tune 770NC,4,7012.37,4,26927.5,20839.17,6088.33,UPI,Delivered,5.0
NR20250800054,2025-08-15,CUST00311,Nikhil Patil 11,East,Odisha,Bhubaneswar,Retail Store,Accessories,Bags,American Tourister Laptop Bag,3,2716.84,5,7742.99,5859.05,1883.94,Credit Card,Delivered,4.0
NR20250401797,2025-04-29,CUST00666,Diya Shah 23,South,Telangana,Hyderabad,Online,Office Supplies,Files,Solo Executive File Pack,4,510.42,15,1735.43,1340.83,394.6,Credit Card,Delivered,4.0
NR20251203589,2025-12-24,CUST00107,Shreya Menon 4,West,Maharashtra,Nashik,Retail Store,Furniture,Desks,Wooden Study Desk,1,6069.12,5,5765.66,4308.65,1457.01,UPI,Delivered,3.0
NR20250401912,2025-04-13,CUST01000,Meera Joshi 34,South,Telangana,Hyderabad,Retail Store,Accessories,Cables,Belkin USB-C Cable,4,1123.05,2,4402.36,3135.11,1267.25,Credit Card,Returned,2.0
NR20250802307,2025-08-11,CUST00547,Ishaan Kapoor 19,Central,Madhya Pradesh,Jabalpur,Corporate,Accessories,Keyboards,Logitech K120 Keyboard,1,855.72,7,795.82,581.98,213.84,Debit Card,Delivered,5.0
NR20250802554,2025-08-07,CUST00515,Arjun Nair 18,East,West Bengal,Siliguri,Online,Electronics,Smartphones,Samsung Galaxy M35,2,22130.07,10,39834.13,34757.86,5076.27,Credit Card,Delivered,8.0
NR20250902801,2025-09-30,CUST00824,Riya Das 28,Central,Madhya Pradesh,Jabalpur,Online,Office Supplies,Writing,Classmate Notebook Pack,8,445.52,10,3207.74,2437.96,769.78,Debit Card,Delivered,5.0
NR20250600937,2025-06-13,CUST00533,Neha Chawla 18,South,Tamil Nadu,Coimbatore,Online,Office Supplies,Stationery,Faber-Castell Marker Set,3,353.61,5,1007.79,766.09,241.7,Debit Card,Delivered,4.0
NR20250904547,2025-09-19,CUST00790,Meera Joshi 27,East,Jharkhand,Ranchi,Retail Store,Electronics,Audio,JBL Tune 770NC,5,7103.67,9,32321.7,24662.12,7659.58,UPI,Delivered,8.0
NR20250700825,2025-07-04,CUST00375,Rohan Kulkarni 13,East,West Bengal,Kolkata,Retail Store,Electronics,Laptops,HP 15s,1,54109.85,11,48157.77,39856.55,8301.22,UPI,Delivered,3.0
NR20250304802,2025-03-02,CUST00858,Siddharth Rao 29,West,Gujarat,Ahmedabad,Online,Office Supplies,Stationery,Faber-Castell Marker Set,2,370.12,7,688.42,502.99,185.43,UPI,Delivered,5.0
NR20250903179,2025-09-04,CUST00643,Rahul Gupta 22,North,Punjab,Amritsar,Corporate,Office Supplies,Writing,Cello Ball Pen Pack,2,180.28,14,310.08,227.45,82.63,UPI,Delivered,3.0
NR20250203402,2025-02-08,CUST00528,Siddharth Rao 18,North,Delhi,Delhi,Retail Store,Electronics,Laptops,Acer Aspire 5,1,63726.84,12,56079.62,46197.76,9881.86,Debit Card,Delivered,4.0
NR20250401390,2025-04-20,CUST00698,Kavya Reddy 24,Central,Chhattisgarh,Raipur,Corporate,Electronics,Smartphones,OnePlus Nord CE,5,25047.04,12,110206.98,97935.98,12271.0,Credit Card,Delivered,4.0
NR20250503565,2025-05-03,CUST00142,Yash Agarwal 5,West,Gujarat,Vadodara,Online,Electronics,Smartphones,Samsung Galaxy M35,3,22121.8,16,55746.94,48128.56,7618.38,UPI,Delivered,2.0
NR20251104946,2025-11-11,CUST00204,Priya Nanda 7,South,Karnataka,Mysuru,Online,Accessories,Mice,Logitech M331 Mouse,2,1475.17,7,2743.82,1953.18,790.64,Debit Card,Delivered,2.0
NR20250500885,2025-05-10,CUST01104,Priya Nanda 37,West,Maharashtra,Nagpur,Online,Electronics,Tablets,Lenovo Tab M11,3,17918.66,12,47305.26,40095.24,7210.02,UPI,Delivered,4.0
NR20250403919,2025-04-20,CUST00718,Isha Banerjee 24,North,Punjab,Amritsar,Retail Store,Electronics,Smartphones,Samsung Galaxy M35,3,22482.62,17,55981.72,49601.67,6380.05,Cash,Delivered,6.0
NR20251003647,2025-10-19,CUST00948,Siddharth Rao 32,West,Gujarat,Vadodara,Online,Electronics,Laptops,HP 15s,2,55404.09,19,89754.63,76037.7,13716.93,Net Banking,Delivered,2.0
NR20250801608,2025-08-30,CUST00899,Mohit Saxena 30,North,Punjab,Amritsar,Online,Accessories,Webcams,Logitech C270 Webcam,1,2523.79,10,2271.41,1688.99,582.42,UPI,Delivered,3.0
NR20251101595,2025-11-14,CUST00728,Kavya Reddy 25,South,Karnataka,Bengaluru,Corporate,Office Supplies,Paper,JK Copier A4 Paper Ream,10,309.23,7,2875.84,2181.56,694.28,Credit Card,Cancelled,0.0
NR20251200772,2025-12-11,CUST00903,Aditya Verma 31,Central,Madhya Pradesh,Gwalior,Corporate,Accessories,Cables,Portronics HDMI Cable,3,675.29,7,1884.06,1307.97,576.09,UPI,Delivered,3.0
NR20250402612,2025-04-28,CUST00593,Neha Chawla 20,South,Andhra Pradesh,Visakhapatnam,Online,Electronics,Cameras,Canon EOS 1500D,2,44184.57,6,83066.99,73579.07,9487.92,Debit Card,Delivered,1.0
NR20251003971,2025-10-15,CUST00264,Priya Nanda 9,South,Kerala,Kochi,Online,Office Supplies,Stationery,Kangaro Stapler Set,8,283.56,0,2268.48,1646.49,621.99,Net Banking,Pending,3.0
NR20250902274,2025-09-13,CUST01233,Aditya Verma 42,East,Odisha,Bhubaneswar,Online,Electronics,Smartphones,Samsung Galaxy M35,2,21973.85,16,36916.07,31464.65,5451.42,UPI, Delivered,7.0
NR20250501869,2025-05-08,CUST00234,Priya Nanda 8,South,Kerala,Kochi,Online,Electronics,Smartphones,Samsung Galaxy M35,1,22454.98,12,19760.38,16419.4,3340.98,UPI,Delivered,4.0
NR20251001086,2025-10-08,CUST00299,Mohit Saxena 10,East,West Bengal,Siliguri,Corporate,Office Supplies,Paper,JK Copier A4 Paper Ream,15,329.53,18,4053.22,3134.99,918.23,Credit Card,Delivered,6.0
NR20250700011,2025-07-26,CUST00149,Mohit Saxena 5,South,Telangana,Hyderabad,Retail Store,Furniture,Office Chairs,Featherlite Astro Chair,3,10541.23,2,30991.22,22581.5,8409.72,Debit Card,Delivered,2.0
NR20250204854,2025-02-13,CUST00854,Riya Das 29,West,Gujarat,Surat,Online,Electronics,Smartphones,Samsung Galaxy M35,1,22030.81,15,18726.19,16589.58,2136.61,UPI,Delivered,3.0
NR20250701326,2025-07-16,CUST00635,Arjun Nair 22,West,Gujarat,Vadodara,Retail Store,Office Supplies,Writing,Cello Ball Pen Pack,3,179.2,5,510.72,355.02,155.7,UPI,Delivered,3.0
NR20250103391,2025-01-15,CUST00814,Ananya Iyer 28,South,Karnataka,Mysuru,Retail Store,Electronics,Laptops,Acer Aspire 5,1,64232.71,17,53313.15,44982.7,8330.45,Debit Card,Delivered,3.0
NR20251101464,2025-11-13,CUST00671,Nikhil Patil 23,West,Maharashtra,Pune,Online,Accessories,Bags,Skybags Casual Backpack,3,1880.26,15,4794.66,3626.86,1167.8,Credit Card,Delivered,5.0
NR20250900807,2025-09-18,CUST00123,Aditya Verma 5,East,Jharkhand,Ranchi,Online,Electronics,Monitors,LG 24MP60G,1,12343.41,14,10615.33,8883.07,1732.26,Credit Card,Delivered,6.0
NR20251004743,2025-10-31,CUST00528,Siddharth Rao 18,North,Punjab,Amritsar,Online,Office Supplies,Stationery,Kangaro Stapler Set,4,272.97,2,1070.04,770.4,299.64,UPI,Delivered,9.0
NR20251104102,2025-11-15,CUST00325,Manish Tiwari 11,West,Maharashtra,Mumbai,Retail Store,Electronics,Laptops,Acer Aspire 5,2,62007.04,2,121533.8,102783.05,18750.75,Cash,Delivered,2.0
NR20250404987,2025-04-02,CUST00607,Ishaan Kapoor 21,West,Gujarat,Ahmedabad,Online,Furniture,Office Chairs,Featherlite Astro Chair,2,10040.69,5,19077.31,13695.22,5382.09,UPI,Cancelled,0.0
NR20250502109,2025-05-10,CUST00576,Diya Shah 20,Central,Madhya Pradesh,Gwalior,Online,Furniture,Storage,Wooden Filing Cabinet,3,7539.65,7,21035.62,15684.42,5351.2,Credit Card,Delivered,4.0
NR20250604297,2025-06-01,CUST00161,Nikhil Patil 6,West,Maharashtra,Pune,Corporate,Electronics,Audio,boAt Airdopes 141,1,1441.65,16,1210.99,868.48,342.51,Net Banking,Pending,3.0
NR20250200502,2025-02-06,CUST00132,Pooja Singh 5,West,Maharashtra,Nashik,Online,Electronics,Laptops,HP 15s,5,54705.14,5,259849.42,229318.02,30531.4,UPI,Delivered,3.0
NR20251102235,2025-11-14,CUST01090,Meera Joshi 37,South,Tamil Nadu,Coimbatore,Retail Store,Office Supplies,Stationery,Faber-Castell Marker Set,2,364.56,9,663.5,484.67,178.83,Credit Card,Delivered,4.0
NR20250303212,2025-03-06,CUST01198,Isha Banerjee 40,South,Kerala,Kochi,Online,Office Supplies,Paper,JK Copier A4 Paper Ream,3,305.54,12,806.63,623.7,182.93,Net Banking,Delivered,4.0
NR20250900964,2025-09-26,CUST01109,Mohit Saxena 37,East,Odisha,Bhubaneswar,Online,Furniture,Desks,Wooden Study Desk,5,6461.48,10,29076.66,21409.39,7667.27,Credit Card,Returned,7.0
NR20250203416,2025-02-08,CUST00734,Riya Das 25,Central,Chhattisgarh,Raipur,Online,Electronics,Audio,JBL Tune 770NC,1,7359.5,14,6329.17,4847.07,1482.1,Net Banking,Delivered,5.0
NR20250203866,2025-02-16,CUST00629,Mohit Saxena 21,North,Rajasthan,Jaipur,Online,Electronics,Audio,JBL Tune 770NC,1,7250.85,7,6743.29,5148.84,1594.45,Debit Card,Delivered,3.0
NR20251200399,2025-12-28,CUST00836,Simran Kaur 28,West,Goa,Goa,Corporate,Furniture,Storage,Metal Office Cabinet,10,9223.32,17,76553.56,59134.47,17419.09,Debit Card,Cancelled,0.0
NR20251002633,2025-10-09,CUST00378,Siddharth Rao 13,East,West Bengal,Siliguri,Corporate,Accessories,Keyboards,Logitech K120 Keyboard,10,838.1,12,7375.28,5508.55,1866.73,Debit Card,Delivered,5.0
NR20250104920,2025-01-20,CUST00436,Sakshi Jain 15,West,Gujarat,Surat,Corporate,Electronics,Monitors,LG 24MP60G,15,12614.69,14,162729.5,132169.69,30559.81,Net Banking,Delivered,5.0
NR20250502997,2025-05-18,CUST00760,Meera Joshi 26,South,Andhra Pradesh,Vijayawada,Online,Furniture,Storage,Wooden Filing Cabinet,4,7699.79,7,28643.22,22227.07,6416.15,UPI,Delivered,3.0
NR20250500705,2025-05-16,CUST00184,Ananya Iyer 7,West,Maharashtra,Pune,Retail Store,Furniture,Desks,Wooden Study Desk,1,6604.77,15,5614.05,4107.43,1506.62,Credit Card,Delivered,3.0
NR20250100432,2025-01-05,CUST01143,Aditya Verma 39,North,Uttarakhand,Dehradun,Retail Store,Furniture,Storage,Metal Office Cabinet,1,9281.36,7,8631.66,6448.31,2183.35,Debit Card,Delivered,2.0
NR20251000293,2025-10-08,CUST00320,Varun Bhatia 11,North,Chandigarh,Chandigarh,Online,Electronics,Audio,JBL Tune 770NC,1,7402.85,4,7106.74,5483.71,1623.03,UPI,Delivered,2.0
NR20250604936,2025-06-15,CUST00167,Shreya Menon 6,North,Rajasthan,Jaipur,Retail Store,Office Supplies,Stationery,Faber-Castell Marker Set,2,369.66,15,628.42,468.2,160.22,Credit Card,Delivered,5.0
NR20250200146,2025-02-27,CUST00140,Varun Bhatia 5,West,Maharashtra,Pune,Online,Office Supplies,Files,Solo Executive File Pack,4,512.16,10,1843.78,1486.17,357.61,Credit Card,Delivered,4.0
NR20250404206,2025-04-07,CUST00108,Siddharth Rao 4,South,Tamil Nadu,Chennai,Retail Store,Office Supplies,Writing,Classmate Notebook Pack,1,467.32,12,411.24,305.25,105.99,UPI,Delivered,3.0
NR20250602034,2025-06-19,CUST00421,Aarav Sharma 15,North,Punjab,Ludhiana,Retail Store,Office Supplies,Writing,Classmate Notebook Pack,4,454.74,12,1600.68,1174.98,425.7,Credit Card,Delivered,2.0
NR20251004267,2025-10-06,CUST00807,Aman Arora 27,West,Gujarat,Vadodara,Retail Store,Electronics,Audio,boAt Airdopes 141,1,1374.29,12,1209.38,893.79,315.59,Credit Card,Delivered,1.0
NR20250701166,2025-07-05,CUST00054,,South,Kerala,Kochi,Corporate,Electronics,Smartphones,Samsung Galaxy M35,5,21852.33,12,96150.25,84881.98,11268.27,Net Banking,Delivered,4.0
NR20250203501,2025-02-04,CUST01219,Tanvi Deshmukh 41,South,Telangana,Hyderabad,Online,Accessories,Power Banks,Ambrane 20000mAh Power Bank,1,1707.63,12,1502.71,1133.99,368.72,Net Banking,Delivered,1.0
NR20251102051,2025-11-24,CUST00517,Ishaan Kapoor 18,South,Andhra Pradesh,Visakhapatnam,Corporate,Office Supplies,Stationery,Kangaro Stapler Set,8,270.87,14,1863.59,1402.78,460.81,Debit Card,Delivered,7.0
NR20250202625,2025-02-11,CUST00004,Ananya Iyer 1,Central,Chhattisgarh,Bilaspur,Online,Electronics,Cameras,Canon EOS 1500D,1,45045.15,2,44144.25,36785.08,7359.17,Credit Card,Delivered,4.0
NR20251004441,2025-10-25,CUST00740,Varun Bhatia 25,South,Telangana,Hyderabad,Online,Office Supplies,Writing,Cello Ball Pen Pack,3,181.28,7,505.77,364.76,141.01,UPI,Delivered,5.0
NR20251100340,2025-11-04,CUST00779,Mohit Saxena 26,North,Uttarakhand,Dehradun,Retail Store,Furniture,Tables,Conference Table 6-Seater,1,28257.39,7,26279.37,20159.69,6119.68,Cash,Delivered,2.0
NR20251203997,2025-12-30,CUST00562,Yash Agarwal 19,East,West Bengal,Siliguri,Corporate,Furniture,Storage,Wooden Filing Cabinet,3,7890.69,7,22015.03,17360.42,4654.61,Net Banking,Delivered,4.0
NR20251103785,2025-11-12,CUST00393,Aditya Verma 14,North,Punjab,Ludhiana,Retail Store,Furniture,Desks,Wooden Study Desk,3,6291.21,7,17552.48,12777.75,4774.73,Debit Card,Cancelled,0.0
NR20251102974,2025-11-21,CUST00633,Aditya Verma 22,South,Andhra Pradesh,Vijayawada,Online,Office Supplies,Stationery,Faber-Castell Marker Set,5,366.67,20,1466.68,1151.38,315.3,UPI,Delivered,3.0
NR20250600266,2025-06-03,CUST00795,Rohan Kulkarni 27,West,Gujarat,Ahmedabad,Corporate,Office Supplies,Printing,Epson 003 Ink Bottle,8,642.07,12,4520.17,3609.51,910.66,Net Banking,Delivered,3.0
NR20251002425,2025-10-04,CUST00600,Sneha Pillai 20,South,Kerala,Kochi,Online,Office Supplies,Writing,Cello Ball Pen Pack,2,172.24,14,296.25,204.67,91.58,Credit Card,Delivered,2.0
NR20250801263,2025-08-22,CUST00562,Yash Agarwal 19,East,Odisha,Bhubaneswar,Retail Store,Furniture,Desks,Wooden Study Desk,1,6428.75,0,6428.75,4857.41,1571.34,UPI,Delivered,5.0
NR20250701772,2025-07-03,CUST00544,Ananya Iyer 19,West,Maharashtra,Nagpur,Corporate,Accessories,Cables,Belkin USB-C Cable,20,1080.99,5,20538.81,14285.0,6253.81,UPI,Delivered,3.0
NR20250703512,2025-07-28,CUST00667,Ishaan Kapoor 23,East,West Bengal,Siliguri,Online,Electronics,Laptops,HP 15s,3,53265.33,5,151806.19,127855.09,23951.1,Net Banking,Delivered,4.0
NR20250900272,2025-09-08,CUST00690,Sneha Pillai 23,South,Tamil Nadu,Coimbatore,Retail Store,Accessories,Power Banks,Ambrane 20000mAh Power Bank,2,1766.31,7,3285.34,2473.01,812.33,UPI,Delivered,3.0
NR20250900697,2025-09-11,CUST01011,Vikram Sethi 34,South,Karnataka,Mysuru,Retail Store,Office Supplies,Printing,HP 805 Ink Cartridge,10,1268.83,0,12688.3,10466.85,2221.45,UPI,Delivered,2.0
NR20250100748,2025-01-23,CUST01173,Aditya Verma 40,North,Delhi,Delhi ,Retail Store,Furniture,Tables,Conference Table 6-Seater,1,27787.35,5,26397.98,20243.43,6154.55,UPI,Cancelled,0.0
NR20251000245,2025-10-29,CUST00473,Neha Chawla 16,North,Uttar Pradesh,Noida,Retail Store,Office Supplies,Printing,Epson 003 Ink Bottle,8,682.21,9,4966.49,3956.91,1009.58,Credit Card,Delivered,3.0
NR20250900318,2025-09-25,CUST00047,Shreya Menon 2,West,Maharashtra,Pune,Retail Store,Office Supplies,Writing,Cello Ball Pen Pack,8,178.58,7,1328.64,976.16,352.48,UPI,Delivered,2.0
NR20250800477,2025-08-02,CUST00710,Varun Bhatia 24,West,Gujarat,Surat ,Online,Furniture,Office Chairs,Green Soul Monster Chair,1,14322.3,5,13606.18,9736.25,3869.93,Credit Card,Delivered,5.0
NR20250802033,2025-08-12,CUST01039,Tanvi Deshmukh 35,West,Goa,Goa,Corporate,Accessories,Power Banks,Ambrane 20000mAh Power Bank,3,1720.72,2,5058.92,3978.64,1080.28,Net Banking,Pending,6.0
NR20250100958,2025-01-24,CUST00463,Rahul Gupta 16,North,Uttar Pradesh,Lucknow,Retail Store,Electronics,Audio,JBL Tune 770NC,1,7050.57,10,6345.51,4755.67,1589.84,UPI,Delivered,2.0
NR20251103931,2025-11-28,CUST00769,Tanvi Deshmukh 26,West,Maharashtra,Pune,Retail Store,Electronics,Audio,JBL Tune 770NC,1,7082.31,12,6232.43,4489.55,1742.88,Debit Card,Delivered,1.0
NR20251200814,2025-12-27,CUST01046,Simran Kaur 35,North,Chandigarh,Chandigarh,Corporate,Accessories,Webcams,Logitech C270 Webcam,5,2431.28,17,10089.81,7615.82,2473.99,Credit Card,Delivered,5.0
NR20250304231,2025-03-19,CUST00889,Tanvi Deshmukh 30,central,Madhya Pradesh,Jabalpur,Online,Accessories,Webcams,Logitech C270 Webcam,1,2541.27,10,2287.14,1719.04,568.1,Debit Card,Delivered,5.0
NR20250701915,2025-07-01,CUST00710,,North,Punjab,Ludhiana,Online,Accessories,Power Banks,Ambrane 20000mAh Power Bank,1,1680.98,0,1680.98,1293.95,387.03,Debit Card,Delivered,6.0
NR20250504668,2025-05-03,CUST00031,Aarav Sharma 2,South,Andhra Pradesh,Visakhapatnam,Corporate,Furniture,Office Chairs,Featherlite Astro Chair,2,10036.95,7,18668.73,13721.36,4947.37,UPI,Delivered,4.0
NR20250403488,2025-04-06,CUST00182,Aditi Mehta 7,Central,Chhattisgarh,Raipur,Retail Store,Electronics,Audio,JBL Tune 770NC,2,7179.3,10,12922.74,9774.9,3147.84,Credit Card,Delivered,3.0
NR20251001298,2025-10-01,CUST01190,Varun Bhatia 40,South,Telangana,Hyderabad,Retail Store,Electronics,Audio,boAt Airdopes 141,2,1471.2,7,2736.43,2045.41,691.02,UPI,Delivered,2.0
NR20250204125,2025-02-25,CUST00554,Riya Das 19,East,Jharkhand,Ranchi,Online,Accessories,Webcams,Logitech C270 Webcam,2,2446.25,10,4403.25,3305.19,1098.06,UPI,Delivered,7.0
NR20251201805,2025-12-15,CUST00162,Pooja Singh 6,South,Karnataka,Mysuru,Online,Electronics,Tablets,Lenovo Tab M11,1,17516.43,14,15064.13,12191.56,2872.57,Credit Card,Delivered,4.0
NR20251200759,2025-12-15,CUST00767,Shreya Menon 26,Central,Madhya Pradesh,Jabalpur,Retail Store,Furniture,Office Chairs,Green Soul Monster Chair,1,14860.24,9,13522.82,9689.02,3833.8,Credit Card,Returned,7.0
NR20250700251,2025-07-31,CUST00719,Mohit Saxena 24,Central,Madhya Pradesh,Indore,Online,Electronics,Smartphones, Samsung Galaxy M35,1,22862.51,10,20576.26,18471.85,2104.41,UPI,Cancelled,0.0
NR20251202462,2025-12-01,CUST01013,Neha Chawla 34,West,Maharashtra,Nagpur,Retail Store,Electronics,Audio,JBL Tune 770NC,1,6953.44,15,5910.42,4472.35,1438.07,Debit Card,Delivered,2.0
NR20250800546,2025-08-29,CUST00937,Ishaan Kapoor 32,South,Kerala,Kochi,Retail Store,Electronics,Smartphones,Samsung Galaxy M35,3,22678.61,10,61232.25,53242.7,7989.55,UPI,Delivered,8.0
NR20250503242,2025-05-30,CUST00510,Sneha Pillai 17,South,Karnataka,Bengaluru,Online,Office Supplies,Writing,Cello Ball Pen Pack,3,174.67,5,497.81,358.54,139.27,UPI,Delivered,1.0
NR20251100739,2025-11-22,CUST00420,Sneha Pillai 14,North,Uttar Pradesh,Noida,Online,Office Supplies,Stationery,Faber-Castell Marker Set,3,370.74,4,1067.73,844.49,223.24,Credit Card,Delivered,1.0
NR20250300311,2025-03-11,CUST00207,Aman Arora 7,North,Uttar Pradesh,Noida,Retail Store,Accessories,Bags,Skybags Casual Backpack,3,1891.49,10,5107.02,3711.52,1395.5,Credit Card,Delivered,2.0
NR20250403894,2025-04-17,CUST00353,Neha Chawla 12,West,Gujarat,Surat,Retail Store,Office Supplies,Files,Solo Executive File Pack,5,530.8,10,2388.6,1868.26,520.34,UPI,Delivered,1.0
NR20250402942,2025-04-25,CUST01113,Aditya Verma 38,West,Maharashtra,Nashik,Retail Store,Electronics,Tablets,Lenovo Tab M11,2,17712.86,14,30466.12,24882.3,5583.82,UPI,Delivered,3.0
NR20250701132,2025-07-20,CUST00825,Rohan Kulkarni 28,South,Karnataka,Mysuru,Online,Office Supplies,Paper,JK Copier A4 Paper Ream,3,316.25,18,777.98,590.33,187.65,Net Banking,Delivered,4.0
NR20251101450,2025-11-02,CUST00565,Manish Tiwari 19,North,Uttarakhand,Dehradun,Online,Accessories,Cables,Portronics HDMI Cable,1,660.19,4,633.78,424.3,209.48,UPI,Delivered,3.0
NR20250904989,2025-09-13,CUST01114,Ananya Iyer 38,West,Maharashtra,Nagpur,Corporate,Accessories,Bags,American Tourister Laptop Bag,10,2597.15,12,22854.92,17309.64,5545.28,Net Banking,Delivered,3.0
NR20250200016,2025-02-21,CUST00497,Shreya Menon 17,Central,Madhya Pradesh,Bhopal,Online,Furniture,Storage,Metal Office Cabinet,4,9164.46,15,31159.16,23806.52,7352.64,UPI,Delivered,5.0
NR20250603233,2025-06-13,CUST01210,Meera Joshi 41,East,West Bengal,Siliguri,Retail Store,Electronics,Audio,JBL Tune 770NC,2,7366.08,14,12669.66,9133.16,3536.5,Cash,Delivered,6.0
NR20250702770,2025-07-04,CUST00266,Simran Kaur 9,East,West Bengal,Kolkata ,Online,Electronics,Laptops,HP 15s,4,54243.66,2,212635.15,178351.49,34283.66,UPI,Delivered,5.0
NR20250703469,2025-07-28,CUST00887,Shreya Menon 30,West,Gujarat,Surat,Online,Electronics,Smartphones,Samsung Galaxy M35,2,22482.38,7,41817.23,36718.86,5098.37,UPI,Returned,4.0
NR20251100921,2025-11-21,CUST00207,Aman Arora 7,South,Karnataka,Mysuru,Online,Electronics,Smartphones,Samsung Galaxy M35,1,21918.88,9,19946.18,17243.42,2702.76,UPI,Delivered,4.0
NR20250603030,2025-06-16,CUST00211,Aarav Sharma 8,South,Telangana,Hyderabad,Corporate,Furniture,Storage,Metal Office Cabinet,20,9018.27,2,176758.09,128697.11,48060.98,UPI,Delivered,6.0
NR20250701373,2025-07-24,CUST00106,Sakshi Jain 4,South,Telangana,Hyderabad,Corporate,Accessories,Keyboards,Logitech K120 Keyboard,20,892.7,14,15354.44,10579.27,4775.17,Credit Card,Delivered,4.0
NR20250903588,2025-09-28,CUST00709,Tanvi Deshmukh 24,West,Maharashtra,Pune,Online,Office Supplies,Writing,Classmate Notebook Pack,1,445.48,5,423.21,315.98,107.23,UPI,Delivered,4.0
NR20250702545,2025-07-26,CUST00495,Rohan Kulkarni 17,East,West Bengal,Siliguri,Corporate,Furniture,Desks,IKEA Linnmon Desk,15,8458.09,5,120527.78,88350.84,32176.94,Net Banking,Delivered,3.0
NR20250703599,2025-07-21,CUST00008,Kavya Reddy 1,South,Tamil Nadu,Chennai,Corporate,Office Supplies,Stationery,Faber-Castell Marker Set,10,363.91,2,3566.32,2674.86,891.46,Net Banking,Delivered,5.0
NR20250700039,2025-07-29,CUST00696,Diya Shah 24,North,Chandigarh,Chandigarh,Corporate,Electronics,Laptops,HP 15s,5,53272.66,12,234399.7,206355.28,28044.42,Net Banking,Delivered,5.0
NR20251000364,2025-10-19,CUST00522,Pooja Singh 18,North,Punjab,Ludhiana,Online,Furniture,Desks,Wooden Study Desk,1,6384.98,5,6065.73,4643.97,1421.76,UPI,Delivered,4.0
NR20251004160,2025-10-26,CUST00644,Riya Das 22,East,West Bengal,Kolkata,Retail Store,Accessories,Keyboards,Logitech K120 Keyboard,1,831.1,5,789.54,538.09,251.45,Cash,Delivered,3.0
NR20251200183,2025-12-11,CUST00874,Ananya Iyer 30,Central,Madhya Pradesh,Indore,Retail Store,Furniture,Desks,Wooden Study Desk,1,6576.27,5,6247.46,4457.43,1790.03,Credit Card,Delivered,4.0
NR20250103034,2025-01-31,CUST00310,Meera Joshi 11,West,Maharashtra,Nashik,Retail Store,Electronics,Laptops,HP 15s,4,53291.2,9,193979.97,166785.4,27194.57,Debit Card,Delivered,3.0
NR20250302984,2025-03-14,CUST00407,Shreya Menon 14,South,Tamil Nadu,Chennai,Retail Store,Furniture,Office Chairs,Featherlite Astro Chair,1,10325.91,5,9809.61,7222.72,2586.89,UPI,Delivered,3.0
NR20250801195,2025-08-13,CUST00731,Nikhil Patil 25,East,Jharkhand,Ranchi,Online,Electronics,Audio,boAt Airdopes 141,2,1395.45,7,2595.54,1887.47,708.07,UPI,Delivered,4.0
NR20250202853,2025-02-02,CUST01228,Isha Banerjee 41,South,Andhra Pradesh,Vijayawada,Online,Office Supplies,Files,Solo Executive File Pack,3,531.57,18,1307.66,1043.19,264.47,UPI,Delivered,6.0
NR20250503879,2025-05-21,CUST00648,Siddharth Rao 22,East,West Bengal,Siliguri,Online,Furniture,Office Chairs,Green Soul Monster Chair,1,14092.47,15,11978.6,9075.88,2902.72,Net Banking,Delivered,5.0
NR20250301122,2025-03-05,CUST00773,Neha Chawla 26,North,Rajasthan,Jaipur,Corporate,Office Supplies,Printing,HP 805 Ink Cartridge,10,1281.93,5,12178.34,10182.37,1995.97,Net Banking,Delivered,4.0
NR20250402236,2025-04-02,CUST00630,Sneha Pillai 21,East,West Bengal,Kolkata,Online,Electronics,Cameras,Canon EOS 1500D,1,46588.77,10,41929.89,35631.41,6298.48,Debit Card,Delivered,6.0
NR20250402668,2025-04-05,CUST01018,Isha Banerjee 34,South,Andhra Pradesh,Visakhapatnam,Online,Furniture,Storage,Metal Office Cabinet,1,9568.16,5,9089.75,6611.5,2478.25,Credit Card,Delivered,4.0
NR20251003812,2025-10-12,CUST00809,Mohit Saxena 27,South,Andhra Pradesh,Visakhapatnam,Online,Electronics,Smartphones,OnePlus Nord CE,2,24773.93,12,43602.12,37034.59,6567.53,UPI,Delivered,4.0
NR20250503224,2025-05-17,CUST00924,Priya Nanda 31,West,Maharashtra,Nashik,Online,Accessories,Power Banks,Ambrane 20000mAh Power Bank,1,1731.03,10,1557.93,1187.24,370.69,Credit Card,Delivered,2.0
NR20250701183,2025-07-16,CUST00302,Aditi Mehta 11,West,Maharashtra,Pune,Corporate,Office Supplies,Paper,JK Copier A4 Paper Ream,15,336.71,7,4697.1,3736.23,960.87,Net Banking,Returned,4.0
NR20251104244,11/21/2025,CUST00805,Manish Tiwari 27,South,Tamil Nadu,Chennai,Retail Store,Electronics,Smartphones,Samsung Galaxy M35,1,22700.67,14,19522.58,17021.68,2500.9,Credit Card,Delivered,1.0
NR20250604356,2025-06-21,CUST00859,Tanvi Deshmukh 29,West,Gujarat,Vadodara,Corporate,Furniture,Office Chairs,Green Soul Monster Chair,5,14796.1,5,70281.47,52200.58,18080.89,UPI,Delivered,4.0
NR20250800615,2025-08-19,CUST01221,Vikram Sethi 41,West,Maharashtra,Pune,Online,Electronics,Laptops,HP 15s,2,53383.87,9,97158.64,80014.46,17144.18,UPI,Delivered,2.0
NR20251204978,2025-12-25,CUST00369,Karan Malhotra 13,South,Tamil Nadu,Chennai,Online,Electronics,Audio,boAt Airdopes 141,2,1431.86,10,2577.35,1951.9,625.45,UPI,Delivered,3.0
NR20250101467,2025-01-08,CUST00098,Kavya Reddy 4,West,Maharashtra,Nashik,Online,Office Supplies,Stationery,Faber-Castell Marker Set,3,352.22,5,1003.83,768.82,235.01,Credit Card,Returned,8.0
NR20251200402,2025-12-27,CUST00826,Sakshi Jain 28,East,West Bengal,Siliguri,Corporate,Electronics,Audio,JBL Tune 770NC,15,7270.81,18,89430.96,68245.25,21185.71,Debit Card,Delivered,6.0
NR20250303043,2025-03-25,CUST00282,Pooja Singh 10,EAST,West Bengal,Siliguri,Retail Store,Electronics,Audio,boAt Airdopes 141,4,1379.61,0,5518.44,4077.92,1440.52,UPI,Delivered,7.0
NR20250300935,2025-03-22,CUST00185,Arjun Nair 7,West,Gujarat,Vadodara,Online,Office Supplies,Stationery,Kangaro Stapler Set,1,280.13,7,260.52,189.68,70.84,Debit Card,Delivered,3.0
NR20250502420,2025-05-14,CUST00846,Diya Shah 29,Central,Madhya Pradesh,Gwalior,Online,Accessories,Mice,Logitech M331 Mouse,2,1452.44,7,2701.54,2080.95,620.59,UPI,Delivered,6.0
NR20250404371,2025-04-13,CUST00310,Meera Joshi 11,East,West Bengal,Kolkata,Online,Office Supplies,Stationery,Faber-Castell Marker Set,3,378.03,5,1077.39,819.54,257.85,UPI,Delivered,2.0
NR20251004579,2025-10-09,CUST01175,Arjun Nair 40,West,Gujarat,Ahmedabad,Online,Furniture,Tables,Conference Table 6-Seater,1,28652.03,12,25213.79,20193.6,5020.19,Credit Card,Delivered,6.0
NR20250802642,2025-08-23,CUST00926,Simran Kaur 31,East,West Bengal,Kolkata,Online,Electronics,Monitors,LG 24MP60G,1,12512.15,14,10760.45,8618.07,2142.38,Credit Card,Delivered,6.0
NR20250704114,2025-07-04,CUST00725,Arjun Nair 25,Central,Madhya Pradesh,Gwalior,Corporate,Accessories,Bags,Skybags Casual Backpack,15,1966.44,5,28021.77,21376.39,6645.38,Net Banking,Delivered,11.0
NR20250100727,2025-01-13,CUST00821,Nikhil Patil 28,West,Maharashtra,Nagpur,Online,Office Supplies,Writing,Classmate Notebook Pack,1,423.59,10,381.23,286.47,94.76,Net Banking,Delivered,5.0
NR20250600827,2025-06-20,CUST00357,Aman Arora 12,West,Maharashtra,Nashik,Retail Store,Office Supplies,Writing,Classmate Notebook Pack,3,446.01,10,1204.23,891.89,312.34,UPI,Delivered,2.0
NR20250701522,2025-07-29,CUST01188,Siddharth Rao 40,South,Andhra Pradesh,Visakhapatnam,Retail Store,Office Supplies,Writing,Classmate Notebook Pack,2,452.04,0,904.08,655.35,248.73,UPI,Delivered,7.0
NR20251104813,2025-11-30,CUST00152,Aditi Mehta 6,Central,Madhya Pradesh,Bhopal,Online,Office Supplies,Stationery,Kangaro Stapler Set,3,274.76,10,741.85,546.08,195.77,UPI,Delivered,4.0
NR20250802931,2025-08-22,CUST01182,Pooja Singh 40,South,Andhra Pradesh,Visakhapatnam,Online,Electronics,Audio,boAt Airdopes 141,4,1378.22,11,4906.46,3529.19,1377.27,UPI,Cancelled,0.0
NR20251200137,2025-12-16,CUST00462,Pooja Singh 16,West,Maharashtra,Mumbai,Online,Electronics,Monitors,LG 24MP60G,4,12904.22,10,46455.19,39064.86,7390.33,Net Banking,Delivered,2.0
NR20251203591,2025-12-28,CUST00550,Meera Joshi 19,Central,Chhattisgarh,Bilaspur,Online,Office Supplies,Writing,Cello Ball Pen Pack,5,178.38,7,829.47,605.03,224.44,Debit Card,Delivered,4.0
NR20250600629,2025-06-13,CUST00727,Ishaan Kapoor 25,North,Uttar Pradesh,Lucknow,Corporate,Office Supplies,Stationery,Faber-Castell Marker Set,20,358.62,18,5881.37,4314.16,1567.21,Net Banking,Delivered,5.0
NR20250700335,2025-07-17,CUST00536,Simran Kaur 18,Central,Madhya Pradesh,Jabalpur,Online,Electronics,Tablets,Lenovo Tab M11,2,17779.57,10,32003.23,26144.85,5858.38,UPI,Delivered,5.0
NR20250500391,2025-05-03,CUST00769,Tanvi Deshmukh 26,West,Maharashtra,Pune,Online,Office Supplies,Stationery,Kangaro Stapler Set,5,275.8,5,1310.05,952.38,357.67,UPI,Delivered,3.0
NR20250204450,2025-02-20,CUST00303,Aditya Verma 11,North,Rajasthan,Jaipur,Corporate,Office Supplies,Writing,Cello Ball Pen Pack,20,178.34,12,3138.78,2176.02,962.76,UPI,Delivered,3.0
NR20250204945,2025-02-05,CUST00654,Priya Nanda 22,South,Andhra Pradesh,Visakhapatnam,Corporate,Office Supplies,Stationery,Faber-Castell Marker Set,10,355.1,10,3195.9,2503.35,692.55,Net Banking,Delivered,4.0
NR20251203947,2025-12-29,CUST00333,Aditya Verma 12,West,Maharashtra,Nashik,Online,Electronics,Smartphones,OnePlus Nord CE,2,24429.67,5,46416.37,41993.61,4422.76,Debit Card,Pending,7.0
NR20251101818,2025-11-10,CUST00795,Rohan Kulkarni 27,Central,Madhya Pradesh,Indore,Online,Office Supplies,Paper,JK Copier A4 Paper Ream,8,318.78,14,2193.21,1710.94,482.27,UPI,Delivered,6.0
NR20250800401,2025-08-13,CUST00933,Aditya Verma 32,South,Andhra Pradesh,Vijayawada,Retail Store,Accessories,Bags,Skybags Casual Backpack,1,1954.66,0,1954.66,1425.87,528.79,UPI,Delivered,1.0
NR20250100711,2025-01-10,CUST00047,Shreya Menon 2,South,Andhra Pradesh,Vijayawada,Corporate,Office Supplies,Files,Solo Executive File Pack,20,531.75,10,9571.5,7507.85,2063.65,Debit Card,Delivered,4.0
NR20251201040,2025-12-01,CUST00754,Ananya Iyer 26,North,Chandigarh,Chandigarh,Online,Office Supplies,Stationery,Faber-Castell Marker Set,4,351.31,10,1264.72,928.67,336.05,Credit Card,Delivered,4.0
NR20250200778,2025-02-11,CUST00121,Aarav Sharma 5,East,West Bengal,Kolkata,Online,Electronics,Audio,JBL Tune 770NC,2,7549.68,4,14495.39,10747.71,3747.68,Credit Card,Delivered,7.0
NR20250503360,2025-05-19,CUST00983,Neha Chawla 33,West,Goa,Goa,Retail Store,Furniture,Desks,Wooden Study Desk,2,6276.86,7,11674.96,8412.66,3262.3,UPI,Delivered,4.0
NR20250600047,2025-06-30,CUST00719,Mohit Saxena 24,North,Delhi,Delhi,Corporate,Office Supplies,Printing,Epson 003 Ink Bottle,8,643.65,7,4788.76,3639.35,1149.41,UPI,Delivered,5.0
NR20250101562,2025-01-13,CUST00169,Tanvi Deshmukh 6,West,Gujarat,Vadodara,Retail Store,Furniture,Desks,Wooden Study Desk,1,6454.87,10,5809.38,4316.62,1492.76,Debit Card,Delivered,3.0
NR20250604868,2025-06-21,CUST00846,Diya Shah 29,East,Odisha,Bhubaneswar,Online,Furniture,Office Chairs,Featherlite Astro Chair,1,10522.07,12,9259.42,6499.88,2759.54,UPI,Delivered,2.0
NR20251003643,2025-10-12,CUST00743,Neha Chawla 25,Central,Madhya Pradesh,Gwalior,Online,Electronics,Cameras,Canon EOS 1500D,1,47558.04,17,39473.17,33876.52,5596.65,Net Banking,Delivered,3.0
NR20250603727,2025-06-29,CUST00139,Tanvi Deshmukh 5,East,Jharkhand,Ranchi,Online,Electronics,Tablets,Lenovo Tab M11,2,17346.78,14,29836.46,25921.25,3915.21,UPI,Delivered,3.0
NR20250602587,2025-06-23,CUST00174,Priya Nanda 6,West,Gujarat,Vadodara,Retail Store,Furniture,Storage,Wooden Filing Cabinet,1,7613.37,5,7232.7,5655.22,1577.48,Credit Card,Delivered,2.0
NR20251201113,2025-12-23,CUST00925,Manish Tiwari 31,West,Gujarat,Surat,Retail Store,Furniture,Desks,Wooden Study Desk,1,6303.67,7,5862.41,4259.48,1602.93,UPI,Delivered,4.0
NR20250902514,2025-09-15,CUST00530,Varun Bhatia 18,North,Uttar Pradesh,Noida,Online,Furniture,Storage,Wooden Filing Cabinet,1,7660.7,18,6281.77,4736.97,1544.8,UPI,Delivered,3.0
NR20250103609,2025-01-25,CUST00437,Shreya Menon 15,East,Assam,Guwahati,Online,Office Supplies,Files,Solo Executive File Pack,8,520.56,12,3664.74,2767.01,897.73,Debit Card,Delivered,5.0
NR20251101224,2025-11-23,CUST01118,Kavya Reddy 38,North,Rajasthan,Jaipur,Online,Accessories,Keyboards,Logitech K120 Keyboard,1,863.63,7,803.18,558.73,244.45,UPI,Delivered,3.0
NR20251204926,2025-12-06,CUST00669,Karan Malhotra 23,North,Uttar Pradesh,Noida,Online,Office Supplies,Printing,HP 805 Ink Cartridge,2,1267.02,7,2356.66,1891.62,465.04,Debit Card,Delivered,6.0
NR20250403024,2025-04-10,CUST00634,Ananya Iyer 22,West,Maharashtra,Pune,Online,Office Supplies,Printing,HP 805 Ink Cartridge,8,1308.22,5,9942.47,8010.07,1932.4,Debit Card,Delivered,3.0
NR20251002422,2025-10-04,CUST01205,Arjun Nair 41,North,Delhi,Delhi,Online,Electronics,Audio,JBL Tune 770NC,2,7219.06,14,12416.78,9876.37,2540.41,Credit Card,Delivered,1.0
NR20250801509,2025-08-31,CUST00510,Sneha Pillai 17,North,Delhi,Delhi,Online,Electronics,Laptops,Acer Aspire 5,1,64613.96,7,60090.98,50877.98,9213.0,Credit Card,Delivered,4.0
NR20250501751,2025-05-30,CUST00790,Meera Joshi 27,North,Chandigarh,Chandigarh,Online,Electronics,Smartphones,Samsung Galaxy M35,4,21378.05,16,71830.25,60834.51,10995.74,Credit Card,Delivered,7.0
NR20250804906,2025-08-17,CUST00444,Priya Nanda 15,East,Odisha,Bhubaneswar,Online,Electronics,Smartphones,OnePlus Nord CE,1,24477.96,5,23254.06,21026.11,2227.95,Debit Card,Delivered,5.0
NR20250904155,2025-09-18,CUST00254,Riya Das 9,North,Punjab,Ludhiana,Retail Store,Electronics,Smartphones,OnePlus Nord CE,1,26003.42,7,24183.18,21660.97,2522.21,Cash,Delivered,3.0
NR20250701800,2025-07-21,CUST00315,Rohan Kulkarni 11,South,Karnataka,Mysuru,Online,Furniture,Office Chairs,Green Soul Monster Chair,2,14392.92,0,28785.84,20705.09,8080.75,UPI,Delivered,5.0
NR20250400339,2025-04-20,CUST00731,Nikhil Patil 25,West,Maharashtra,Pune,Retail Store,Office Supplies,Writing,Classmate Notebook Pack,5,452.02,7,2101.89,1565.02,536.87,UPI,Delivered,5.0
NR20250700216,2025-07-28,CUST00889,Tanvi Deshmukh 30,North,Delhi,Delhi,Online,Electronics,Laptops,HP 15s,4,52166.34,17,173192.25,147524.64,25667.61,UPI,Delivered,2.0
NR20250503664,2025-05-09,CUST00680,Varun Bhatia 23,East,Bihar,Patna,Retail Store,Office Supplies,Stationery,Kangaro Stapler Set,2,276.96,12,487.45,360.94,126.51,Debit Card,Delivered,5.0
NR20250201342,2025-02-12,CUST00674,Riya Das 23,South,Kerala,Kochi,Online,Office Supplies,Printing,HP 805 Ink Cartridge,1,1286.6,7,1196.54,974.24,222.3,Credit Card,Returned,7.0
NR20251000012,2025-10-09,CUST00135,Rohan Kulkarni 5,West,Gujarat,Ahmedabad,Corporate,Electronics,Laptops,Acer Aspire 5,8,65299.13,21,412690.5,343800.44,68890.06,Debit Card,Delivered,4.0
NR20251201521,2025-12-21,CUST00421,Aarav Sharma 15,South,Andhra Pradesh,Vijayawada,Retail Store,Furniture,Desks,IKEA Linnmon Desk,1,8029.62,5,7628.14,5600.91,2027.23,Cash,Delivered,1.0
NR20251003641,2025-10-23,CUST00064,Ananya Iyer 3,East,Bihar,Patna,Online,Furniture,Desks,Wooden Study Desk,1,6518.03,15,5540.33,4049.24,1491.09,Net Banking,Delivered ,5.0
NR20250204056,2025-02-28,CUST00363,Aditya Verma 13,West,Gujarat,Ahmedabad,Retail Store,Furniture,Office Chairs,Green Soul Monster Chair,3,14190.86,2,41721.13,28594.31,13126.82,UPI,Delivered,1.0
NR20250703889,2025-07-11,CUST00999,Karan Malhotra 34,North,Punjab,Amritsar,Corporate,Electronics,Laptops,Acer Aspire 5,20,61898.91,7,1151319.73,996284.16,155035.57,UPI,Delivered,4.0
NR20250903005,2025-09-17,CUST00244,Ananya Iyer 9,South,Telangana,Hyderabad,Retail Store,Office Supplies,Printing,Epson 003 Ink Bottle,2,682.31,10,1228.16,966.09,262.07,Cash,Delivered,5.0
NR20250802865,2025-08-19,CUST00456,Diya Shah 16,West,Gujarat,Vadodara,Online,Furniture,Tables,Conference Table 6-Seater,2,28265.81,7,52574.41,42068.17,10506.24,Credit Card,Delivered,2.0
NR20251103116,2025-11-01,CUST01098,Siddharth Rao 37,West,Gujarat,Ahmedabad,Online,Electronics,Laptops,HP 15s,2,51638.51,4,99145.94,81875.29,17270.65,Credit Card,Delivered,4.0
NR20250304909,2025-03-29,CUST00161,Nikhil Patil 6,South,Karnataka,Mysuru,Corporate,Electronics,Smartphones,OnePlus Nord CE,15,24814.53,7,346162.69,300512.69,45650.0,Debit Card,Delivered,4.0
NR20250902323,2025-09-15,CUST00494,Riya Das 17,North,Uttar Pradesh,Lucknow,Retail Store,Office Supplies,Files,Solo Executive File Pack,2,525.97,7,978.3,766.18,212.12,UPI,Cancelled,0.0
NR20251002572,2025-10-10,CUST01203,Aditya Verma 41,North,Uttar Pradesh,Lucknow,Corporate,Accessories,Bags,Skybags Casual Backpack,8,1892.87,7,14082.95,10113.58,3969.37,Credit Card,Delivered,6.0
NR20250202914,2025-02-04,CUST00877,Ishaan Kapoor 30,Central,Madhya Pradesh,Jabalpur,Retail Store,Electronics,Cameras,Canon EOS 1500D,1,44607.91,7,41485.36,35561.73,5923.63,Debit Card,Delivered,5.0
NR20251000102,2025-10-14,CUST01171,Aarav Sharma 40,North,Punjab,Ludhiana,Online,Electronics,Tablets,Lenovo Tab M11,1,17962.45,14,15447.71,12509.94,2937.77,Credit Card,Delivered,4.0
NR20250903550,2025-09-29,CUST00412,Yash Agarwal 14,North,Delhi,Delhi,Retail Store,Electronics,Laptops,HP 15s,4,52774.19,12,185765.15,154475.61,31289.54,UPI,Delivered,2.0
NR20251101459,2025-11-25,CUST01073,Neha Chawla 36,East,West Bengal,Siliguri,Retail Store,Office Supplies,Paper,JK Copier A4 Paper Ream,10,310.56,17,2577.65,2008.88,568.77,UPI,Delivered,6.0
NR20250800172,2025-08-06,CUST00413,Neha Chawla 14,West,Maharashtra,Pune,Retail Store,Office Supplies,Printing,Epson 003 Ink Bottle,3,660.01,12,1742.43,1434.89,307.54,UPI,Delivered,
NR20251000108,2025-10-12,CUST00623,Neha Chawla 21,Central,Chhattisgarh,Raipur,Retail Store,Accessories,Power Banks,Ambrane 20000mAh Power Bank,2,1690.05,17,2805.48,2105.74,699.74,Credit Card,Delivered,4.0
NR20251104257,2025-11-15,CUST00693,Aditya Verma 24,North,Chandigarh,Chandigarh,Online,Office Supplies,Writing,Cello Ball Pen Pack,2,176.8,14,304.1,221.43,82.67,Debit Card,Delivered,5.0
NR20250703570,2025-07-02,CUST00725,Arjun Nair 25,North,Uttar Pradesh,Noida,Corporate,Office Supplies,Printing,HP 805 Ink Cartridge,15,1266.14,15,16143.29,13496.49,2646.8,Net Banking,Delivered,8.0
NR20250704396,2025-07-17,CUST00085,Manish Tiwari 3,Central,Chhattisgarh,Bilaspur,Corporate,Office Supplies,Writing,Classmate Notebook Pack,10,454.41,5,4316.9,3275.89,1041.01,Net Banking,Delivered,9.0
NR20251204076,2025-12-16,CUST00893,Neha Chawla 30,West,Maharashtra,Nagpur,Corporate,Electronics,Smartphones,OnePlus Nord CE,20,25394.93,9,462187.73,416127.69,46060.04,UPI,Delivered,5.0
NR20251004358,2025-10-02,CUST00639,Karan Malhotra 22,South,Kerala,Kochi,Retail Store,Furniture,Storage,Metal Office Cabinet,2,9530.3,12,16773.33,12946.75,3826.58,Credit Card,Delivered,3.0
NR20251200025,2025-12-06,CUST00595,Manish Tiwari 20,East,Jharkhand,Ranchi,Retail Store,Office Supplies,Files,Solo Executive File Pack,2,504.18,4,968.03,766.43,201.6,Credit Card,Delivered,5.0
NR20251103978,2025-11-22,CUST01031,Nikhil Patil 35,North,Punjab,Ludhiana,Online,Electronics,Smartphones,Samsung Galaxy M35,1,22664.81,14,19491.74,16724.68,2767.06,Net Banking,Returned,8.0
NR20250804182,2025-08-15,CUST01160,Varun Bhatia 39,South,Karnataka,Mysuru,Retail Store,Electronics,Audio,JBL Tune 770NC,1,7025.64,20,5620.51,4250.28,1370.23,Cash,Delivered,4.0
NR20250700939,2025-07-19,CUST00328,Isha Banerjee 11,SOUTH,Andhra Pradesh,Visakhapatnam,Online,Office Supplies,Paper,JK Copier A4 Paper Ream,4,313.15,12,1102.29,857.77,244.52,Credit Card,Delivered,4.0
NR20250500061,2025-05-01,CUST01110,Sneha Pillai 37,West,Goa,Goa,Online,Electronics,Audio,JBL Tune 770NC,2,7072.69,14,12165.03,9352.66,2812.37,UPI,Delivered,4.0
NR20250901241,2025-09-19,CUST00682,Yash Agarwal 23,West,Gujarat,Surat,Retail Store,Electronics,Laptops,Acer Aspire 5,1,61185.93,12,53843.62,44740.08,9103.54,Debit Card,Delivered,3.0
NR20250304704,2025-03-15,CUST01130,Varun Bhatia 38,West,Maharashtra, Mumbai,Corporate,Electronics,Tablets,Lenovo Tab M11,8,18030.64,16,121165.9,97043.77,24122.13,Net Banking,Delivered,3.0
NR20250301041,2025-03-26,CUST01192,Yash Agarwal 40,South,Telangana,Hyderabad,Online,Furniture,Office Chairs,Green Soul Monster Chair,1,14204.31,12,12499.79,9297.99,3201.8,Net Banking,Cancelled,0.0
NR20251204247,2025-12-17,CUST00434,Riya Das 15,Central,Chhattisgarh,Bilaspur,Retail Store,Furniture,Office Chairs,Green Soul Monster Chair,1,15013.72,15,12761.66,8802.03,3959.63,Debit Card,Delivered,4.0
NR20250602761,2025-06-22,CUST01219,Tanvi Deshmukh 41,West,Gujarat,Surat,Retail Store,Office Supplies,Files,Solo Executive File Pack,3,522.7,10,1411.29,1154.67,256.62,Debit Card,Delivered,1.0
NR20250902121,2025-09-23,CUST00165,Rohan Kulkarni 6,West,Maharashtra,Nagpur,Online,Furniture,Office Chairs,Featherlite Astro Chair,2,11127.21,15,18916.26,14027.76,4888.5,UPI,Delivered,6.0
NR20250501525,2025-05-29,CUST00309,Karan Malhotra 11,South,Karnataka,Bengaluru,Corporate,Electronics,Cameras,Canon EOS 1500D,15,48337.27,12,638051.96,546867.6,91184.36,Net Banking,Delivered,7.0
NR20250703522,2025-07-22,CUST00441,Vikram Sethi 15,North,Punjab,Amritsar,Retail Store,Accessories,Power Banks,Ambrane 20000mAh Power Bank,3,1786.93,0,5360.79,4214.62,1146.17,Cash,Delivered,6.0
NR20251200154,2025-12-24,CUST00385,Manish Tiwari 13,West,Gujarat,Surat,Retail Store,Accessories,Bags,American Tourister Laptop Bag,1,2488.9,15,2115.57,1619.08,496.49,Cash,Delivered,3.0
NR20250402249,2025-04-20,CUST01145,Arjun Nair 39,West,Gujarat,Surat,Online,Accessories,Cables,Belkin USB-C Cable,1,1088.3,15,925.05,676.83,248.22,Net Banking,Returned,10.0
NR20250100482,2025-01-28,CUST01230,Sneha Pillai 41,West,Gujarat,Ahmedabad,Retail Store,Office Supplies,Printing,Epson 003 Ink Bottle,3,645.71,10,1743.42,1343.34,400.08,Cash,Delivered,3.0
NR20250304294,2025-03-08,CUST00897,Aman Arora 30,East,Jharkhand,Ranchi,Online,Office Supplies,Writing,Classmate Notebook Pack,1,426.89,5,405.55,301.39,104.16,Net Banking,Delivered,4.0
NR20250304368,2025-03-08,CUST00117,Aman Arora 4,East,Bihar,Patna,Retail Store,Electronics,Audio,boAt Airdopes 141,4,1371.1,18,4497.21,3285.41,1211.8,UPI,Delivered,2.0
NR20250903579,2025-09-08,CUST00758,Kavya Reddy 26,East,West Bengal,Kolkata,Online,Electronics,Audio,boAt Airdopes 141,1,1516.16,17,1258.41,914.24,344.17,Debit Card,Returned,8.0
NR20251004185,2025-10-08,CUST01063,Rahul Gupta 36,West,Gujarat,Ahmedabad,Corporate,Accessories,Keyboards,Logitech K120 Keyboard,1,849.35,10,764.42,537.29,227.13,Credit Card,Delivered,2.0
NR20250103563,2025-01-21,CUST00818,Kavya Reddy 28,North,Uttar Pradesh,Lucknow,Online,Furniture,Office Chairs,Featherlite Astro Chair,3,10708.47,10,28912.87,20860.09,8052.78,UPI,Delivered,7.0
NR20251103316,2025-11-23,CUST00934,Ananya Iyer 32,South,Andhra Pradesh,Vijayawada,Retail Store,Electronics,Monitors,LG 24MP60G,5,12256.62,12,53929.13,44737.16,9191.97,Credit Card,Delivered,4.0
NR20250201763,2025-02-12,CUST00293,Neha Chawla 10,NORTH,Uttar Pradesh,Noida,Online,Office Supplies,Paper,JK Copier A4 Paper Ream,3,328.64,10,887.33,678.6,208.73,UPI,Pending,2.0
NR20250103539,2025-01-19,CUST00322,Yash Agarwal 11,South,Tamil Nadu,Chennai,Online,Office Supplies,Writing,Classmate Notebook Pack,10,449.27,10,4043.43,3019.17,1024.26,Credit Card,Delivered,5.0
NR20250904872,2025-09-16,CUST01128,Siddharth Rao 38,East,Assam,Guwahati,Online,Furniture,Office Chairs,Green Soul Monster Chair,2,14537.03,12,25585.17,18760.97,6824.2,Net Banking,Delivered,3.0
NR20250800751,2025-08-29,CUST00525,Rohan Kulkarni 18,West,Gujarat,Surat,Online,Electronics,Audio,JBL Tune 770NC,1,7476.25,7,6952.91,5389.71,1563.2,UPI,Delivered,3.0
NR20250203620,2025-02-01,CUST00642,Pooja Singh 22,West,Maharashtra,Nashik,Retail Store,Office Supplies,Writing,Classmate Notebook Pack,8,454.61,7,3382.3,2670.57,711.73,UPI,Delivered,4.0
NR20250601786,2025-06-14,CUST00136,Sakshi Jain 5,West,Maharashtra,Nagpur,Retail Store,Office Supplies,Printing,HP 805 Ink Cartridge,4,1251.37,5,4755.21,3888.1,867.11,Cash,Delivered,2.0
NR20251004333,2025-10-23,CUST00311,Nikhil Patil 11,East,West Bengal,Kolkata,Retail Store,Office Supplies,Files,Solo Executive File Pack,5,526.05,14,2262.01,1722.47,539.54,Debit Card,Pending,4.0
NR20250703384,2025-07-07,CUST00598,Isha Banerjee 20,North,Uttarakhand,Dehradun,Online,Furniture,Desks,Wooden Study Desk,2,6864.61,10,12356.3,9002.4,3353.9,Credit Card,Cancelled,0.0
NR20250504198,2025-05-19,CUST00158,Kavya Reddy 6,West,Maharashtra,Mumbai,Online,Electronics,Audio,boAt Airdopes 141,1,1376.77,14,1184.02,900.01,284.01,Debit Card,Delivered,2.0
NR20250700406,2025-07-03,CUST01059,Karan Malhotra 36,South,Tamil Nadu,Chennai,Online,Electronics,Tablets,Lenovo Tab M11,1,18075.03,15,15363.78,13618.06,1745.72,UPI,Delivered,7.0
NR20250400758,2025-04-20,CUST01218,Siddharth Rao 41,West,Maharashtra,Nagpur,Retail Store,Furniture,Office Chairs,Featherlite Astro Chair,2,11021.39,7,20499.79,14289.34,6210.45,Credit Card,Delivered,4.0
NR20251202712,2025-12-14,CUST00244,Ananya Iyer 9,West,Gujarat,Ahmedabad,Online,Electronics,Laptops,Acer Aspire 5,1,60872.35,9,55393.84,47823.97,7569.87,Credit Card,Delivered,6.0
NR20251102671,2025-11-06,CUST00448,Isha Banerjee 15,West,Maharashtra,Nashik,Retail Store,Electronics,Smartphones,OnePlus Nord CE,3,24812.72,7,69227.49,59408.26,9819.23,UPI,Returned,4.0
NR20251104100,2025-11-07,CUST00283,Rahul Gupta 10,West,Gujarat,Surat,Online,Electronics,Smartphones,Samsung Galaxy M35,1,22016.12,12,19374.19,17424.73,1949.46,UPI,Pending,5.0
NR20251100098,2025-11-25,CUST00159,Karan Malhotra 6,Central,Madhya Pradesh,Jabalpur,Retail Store,Office Supplies,Printing,Epson 003 Ink Bottle,8,673.95,10,4852.44,3861.15,991.29,Credit Card,Delivered,1.0
NR20250601334,2025-06-29,CUST00311,Nikhil Patil 11,South,Andhra Pradesh,Vijayawada,Online,Accessories,Mice,Logitech M331 Mouse,1,1464.46,2,1435.17,1043.29,391.88,UPI,Delivered,1.0
NR20250204516,2025-02-07,CUST00384,Priya Nanda 13,South,Tamil Nadu,Coimbatore,Online,Office Supplies,Writing,Classmate Notebook Pack,3,460.87,10,1244.35,924.35,320.0,UPI,Delivered,4.0
NR20251002792,2025-10-16,CUST00597,Aman Arora 20,North,Uttar Pradesh,Noida,Online,Furniture,Desks,IKEA Linnmon Desk,3,8342.62,14,21523.96,16062.21,5461.75,Debit Card,Delivered,2.0
NR20250702855,2025-07-28,CUST01116,Diya Shah 38,West,Maharashtra,Nashik,Online,Electronics,Audio,JBL Tune 770NC,1,7139.89,7,6640.1,5157.86,1482.24,Credit Card,Delivered,5.0
NR20251100187,2025-11-21,CUST00208,Isha Banerjee 7,South,Karnataka,Mysuru,Retail Store,Accessories,Bags,Skybags Casual Backpack,2,1892.63,10,3406.73,2571.07,835.66,Credit Card,Delivered,3.0
NR20251201137,2025-12-24,CUST00819,Karan Malhotra 28,East,Bihar,Patna,Retail Store,Office Supplies,Printing,HP 805 Ink Cartridge,2,1323.52,12,2329.4,1932.67,396.73,UPI,Delivered,4.0
NR20250202724,2025-02-11,CUST01113,Aditya Verma 38,West,Gujarat,Surat,Online,Electronics,Laptops,Acer Aspire 5,4,61522.24,2,241167.18,208891.16,32276.02,UPI,Delivered,3.0
NR20250703584,2025-07-19,CUST00274,Ananya Iyer 10,North,Chandigarh,Chandigarh,Online,Furniture,Tables,Conference Table 6-Seater,1,28258.38,7,26280.29,21629.77,4650.52,UPI,Returned,7.0
NR20250602059,2025-06-03,CUST00670,Meera Joshi 23,North,Uttarakhand,Dehradun,Online,Office Supplies,Paper,JK Copier A4 Paper Ream,3,324.9,5,925.96,689.16,236.8,Debit Card,Delivered,4.0
NR20250401320,2025-04-01,CUST00082,Yash Agarwal 3,South,Andhra Pradesh,Vijayawada,Retail Store,Office Supplies,Writing,Cello Ball Pen Pack,3,186.43,10,503.36,367.74,135.62,Credit Card,Delivered,4.0
NR20251104259,2025-11-02,CUST01213,Rahul Gupta 41,East,Jharkhand,Ranchi,Retail Store,Furniture,Office Chairs,Featherlite Astro Chair,2,10804.6,15,18367.82,13806.13,4561.69,UPI,Delivered,7.0
NR20250600149,2025-06-26,CUST01008,Siddharth Rao 34,West,Maharashtra,Nashik,Online,Accessories,Bags,American Tourister Laptop Bag,5,2616.68,2,12821.73,9781.04,3040.69,Debit Card,Delivered,3.0
NR20251200029,2025-12-23,CUST00567,Aman Arora 19,North,Uttarakhand,Dehradun,Corporate,Accessories,Cables,Belkin USB-C Cable,15,1119.3,22,13095.81,9118.84,3976.97,Net Banking,Delivered,5.0
NR20250804837,2025-08-22,CUST00195,Rohan Kulkarni 7,West,Gujarat,Vadodara,Online,Office Supplies,Printing,HP 805 Ink Cartridge,8,1241.13,7,9234.01,7254.35,1979.66,Debit Card,Delivered,4.0
NR20251001395,2025-10-06,CUST00594,Priya Nanda 20,North,Uttarakhand,Dehradun,Retail Store,Electronics,Audio,boAt Airdopes 141,1,1420.18,11,1263.96,917.42,346.54,Debit Card,Delivered,6.0
NR20251103364,2025-11-19,CUST01183,Rahul Gupta 40,South,Kerala,Kochi,Online,Accessories,Power Banks,Ambrane 20000mAh Power Bank,1,1635.29,0,1635.29,1259.06,376.23,UPI,Delivered,3.0
NR20251200693,2025-12-09,CUST00760,Meera Joshi 26,East,West Bengal,Siliguri,Corporate,Accessories,Webcams,Logitech C270 Webcam,5,2626.39,5,12475.35,9400.3,3075.05,Credit Card,Delivered,7.0
NR20250402867,2025-04-07,CUST01055,Arjun Nair 36,North,Uttar Pradesh,Noida,Online,Electronics,Laptops,Acer Aspire 5,1,61436.63,12,54064.23,46100.34,7963.89,Net Banking,Delivered,3.0
NR20250103777,2025-01-25,CUST01222,Yash Agarwal 41,West,Goa,Goa,Online,Electronics,Smartphones,Samsung Galaxy M35,2,22111.55,5,42011.94,36197.56,5814.38,UPI,Cancelled,0.0
NR20250501387,2025-05-30,CUST01120,Meera Joshi 38,South,Tamil Nadu,Chennai,Corporate,Electronics,Cameras,Canon EOS 1500D,2,47762.37,15,81196.03,69267.8,11928.23,Net Banking,Delivered,3.0
NR20251001846,2025-10-10,CUST01043,Neha Chawla 35,North,Uttar Pradesh,Lucknow,Corporate,Electronics,Audio,JBL Tune 770NC,8,7399.17,14,50906.29,37995.22,12911.07,Net Banking,Delivered,4.0
NR20251200590,2025-12-28,CUST00503,Neha Chawla 17,West,Gujarat,Surat,Retail Store,Furniture,Office Chairs,Green Soul Monster Chair,3,14183.19,0,42549.57,31454.71,11094.86,UPI,Delivered,5.0
NR20250400130,2025-04-29,CUST00849,Karan Malhotra 29,Central,Chhattisgarh,Raipur,Corporate,Accessories,Webcams,Logitech C270 Webcam,5,2430.17,12,10692.75,8002.63,2690.12,Credit Card,Delivered,5.0
NR20250901600,2025-09-13,CUST00875,Arjun Nair 30,East,Jharkhand,Ranchi,Online,Office Supplies,Paper,JK Copier A4 Paper Ream,2,320.13,10,576.23,426.04,150.19,UPI,Delivered,4.0
NR20250803630,2025-08-26,CUST00847,Ishaan Kapoor 29,Central,Madhya Pradesh,Bhopal,Online,Electronics,Monitors,LG 24MP60G,1,12804.76,18,10499.9,9207.19,1292.71,Net Banking,Delivered,10.0
NR20251004568,2025-10-01,CUST00234,Priya Nanda 8,South,Tamil Nadu,Chennai,Corporate,Furniture,Desks,Wooden Study Desk,3,6355.57,7,17732.04,12984.8,4747.24,Net Banking,Delivered,6.0
NR20250100702,2025-01-01,CUST00365,Arjun Nair 13,central,Chhattisgarh,Raipur,Retail Store,Furniture,Desks,IKEA Linnmon Desk,1,8277.79,2,8112.23,6082.25,2029.98,Cash,Delivered,3.0
NR20250603548,2025-06-24,CUST01065,Rohan Kulkarni 36,Central,Madhya Pradesh,Indore,Retail Store,Office Supplies,Printing,Epson 003 Ink Bottle,5,644.54,7,2997.11,2362.97,634.14,UPI,Delivered,4.0
NR20250803029,2025-08-13,CUST00607,Ishaan Kapoor 21,North,Uttar Pradesh,Lucknow,Online,Office Supplies,Stationery,Faber-Castell Marker Set,1,368.9,12,324.63,245.81,78.82,UPI,Delivered,3.0
NR20250902970,2025-09-10,CUST00959,Mohit Saxena 32,West,Maharashtra,Nagpur,Online,Office Supplies,Files,Solo Executive File Pack,2,520.84,7,968.76,779.14,189.62,Debit Card,Delivered,5.0
NR20250104419,2025-01-26,CUST00194,Riya Das 7,East,West Bengal,Siliguri,Retail Store,Electronics,Smartphones,OnePlus Nord CE,3,24278.83,17,60454.29,54503.98,5950.31,Cash,Delivered,6.0
NR20250201709,2025-02-17,CUST00673,Rahul Gupta 23,Central,Madhya Pradesh,Gwalior,Online,Accessories,Mice,Logitech M331 Mouse,2,1465.89,7,2726.56,2004.2,722.36,UPI,Delivered,7.0
NR20251102954,2025-11-12,CUST00493,Rahul Gupta 17,South,Karnataka,Mysuru,Retail Store,Furniture,Storage,Wooden Filing Cabinet,1,7895.6,10,7106.04,5683.26,1422.78,Cash,Delivered,3.0
NR20251000455,2025-10-30,CUST00591,Vikram Sethi 20,West,Gujarat,Ahmedabad,Online,Accessories,Bags,American Tourister Laptop Bag,1,2595.43,12,2283.98,1713.4,570.58,UPI,Delivered,3.0
NR20250702869,2025-07-30,CUST00191,Nikhil Patil 7,West,Maharashtra,Nashik,Retail Store,Electronics,Tablets,Lenovo Tab M11,1,17456.65,12,15361.85,12500.66,2861.19,UPI,Delivered,3.0
NR20250502041,2025-05-10,CUST00611,Nikhil Patil 21,North,Uttarakhand,Dehradun,Online,Office Supplies,Paper,JK Copier A4 Paper Ream,8,327.71,0,2621.68,2015.07,606.61,UPI,Returned,6.0
NR20250601773,2025-06-17,CUST00035,Arjun Nair 2,West,Maharashtra,Pune,Retail Store,Electronics,Audio,boAt Airdopes 141,1,1371.98,14,1179.9,866.14,313.76,Credit Card,Delivered,4.0
NR20251202316,2025-12-31,CUST00401,,South,Karnataka,Mysuru,Online,Electronics,Laptops,HP 15s,2,55646.71,4,106841.68,90143.52,16698.16,Debit Card,Delivered,4.0
NR20250600610,2025-06-21,CUST01083,Aditya Verma 37,West,Gujarat,Ahmedabad,Online,Office Supplies,Writing,Classmate Notebook Pack,10,450.36,10,4053.24,2917.84,1135.4,UPI,Delivered,4.0
NR20250400168,2025-04-27,CUST01064,Riya Das 36,Central,Madhya Pradesh,Indore,Retail Store,Accessories,Cables,Portronics HDMI Cable,1,691.14,2,677.32,453.7,223.62,UPI,Delivered,3.0
NR20251200731,2025-12-17,CUST00040,Meera Joshi 2,East,West Bengal,Siliguri,Online,Office Supplies,Writing,Classmate Notebook Pack,8,434.74,9,3164.91,2328.41,836.5,Debit Card,Returned,7.0
NR20251204311,2025-12-23,CUST00687,Aman Arora 23,East,Bihar,Patna,Retail Store,Office Supplies,Writing,Cello Ball Pen Pack,1,178.26,9,162.22,114.99,47.23,Debit Card,Delivered,6.0
NR20251003359,2025-10-10,CUST00633,Aditya Verma 22,East,Bihar,Patna,Online,Accessories,Webcams,Logitech C270 Webcam,2,2510.1,10,4518.18,3295.44,1222.74,UPI,Delivered,4.0
NR20251003897,2025-10-10,CUST00658,Isha Banerjee 22,South,Telangana,Hyderabad,Retail Store,Office Supplies,Paper,JK Copier A4 Paper Ream,2,316.63,10,569.93,440.25,129.68,UPI,Delivered,5.0
NR20250502075,2025-05-17,CUST01159,Tanvi Deshmukh 39,West,Goa,Goa,Retail Store,Office Supplies,Files,Solo Executive File Pack,2,495.33,7,921.31,735.11,186.2,Debit Card,Delivered,4.0
NR20250904129,2025-09-08,CUST00474,Priya Nanda 16,East,West Bengal,Siliguri,Retail Store,Accessories,Bags,American Tourister Laptop Bag,1,2601.75,15,2211.49,1665.71,545.78,UPI,Delivered,4.0
NR20250303946,2025-03-23,CUST00989,Mohit Saxena 33,North,Rajasthan,Jaipur,Online,Electronics,Smartphones,OnePlus Nord CE,3,25167.62,7,70217.66,61662.54,8555.12,Credit Card,Delivered,4.0
NR20250303701,2025-03-05,CUST00810,Sneha Pillai 27,West,Maharashtra,Nagpur,Corporate,Furniture,Storage,Metal Office Cabinet,3,9269.23,14,23914.61,18164.67,5749.94,Debit Card,Delivered,3.0
NR20251201623,2025-12-08,CUST00174,Priya Nanda 6,Central,Madhya Pradesh,Indore,Online,Electronics,Smartphones,Samsung Galaxy M35,1,21365.51,11,19015.3,16439.27,2576.03,UPI,Delivered,5.0
NR20250900588,2025-09-18,CUST00641,Nikhil Patil 22,South,Tamil Nadu,Coimbatore,Retail Store,Furniture,Desks,IKEA Linnmon Desk,1,8427.29,7,7837.38,5810.19,2027.19,Credit Card,Delivered,7.0
NR20250601402,2025-06-04,CUST01167,Aman Arora 39,South,Kerala,Kochi,Retail Store,Electronics,Smartphones,Samsung Galaxy M35,3,22244.63,15,56723.81,49684.04,7039.77,Debit Card,Delivered,5.0
NR20250803046,2025-08-27,CUST00616,Sakshi Jain 21,South,Telangana,Hyderabad,Online,Accessories,Webcams,Logitech C270 Webcam,1,2501.79,5,2376.7,1829.67,547.03,UPI,Delivered,5.0
NR20250803225,2025-08-22,CUST00959,Mohit Saxena 32,East,Assam,Guwahati,Corporate,Office Supplies,Printing,HP 805 Ink Cartridge,15,1248.95,7,17422.85,14352.77,3070.08,UPI,Delivered,6.0
NR20251101701,2025-11-22,CUST00677,Shreya Menon 23,West,Maharashtra,Nagpur,Retail Store,Office Supplies,Printing,HP 805 Ink Cartridge,3,1265.63,4,3645.01,3113.94,531.07,UPI,Delivered,3.0
NR20250703089,2025-07-22,CUST00365,Arjun Nair 13,East,West Bengal,Kolkata,Online,Accessories,Power Banks,Ambrane 20000mAh Power Bank,4,1706.23,15,5801.18,4614.57,1186.61,Net Banking,Delivered,5.0
NR20250804674,2025-08-13,CUST00061,Aarav Sharma 3,West,Gujarat,Ahmedabad,Retail Store,Electronics,Tablets,Lenovo Tab M11,1,17743.67,9,16146.74,13126.46,3020.28,UPI,Delivered,1.0
NR20251102982,2025-11-03,CUST00907,Ishaan Kapoor 31,South,Andhra Pradesh,Visakhapatnam,Retail Store,Furniture,Storage,Wooden Filing Cabinet,3,7567.46,0,22702.38,17311.48,5390.9,Cash,Delivered,3.0
NR20250700041,2025-07-17,CUST00709,Tanvi Deshmukh 24,South,Karnataka,Bengaluru,Corporate,Office Supplies,Paper,JK Copier A4 Paper Ream,5,325.92,5,1548.12,1176.77,371.35,Credit Card,Delivered,2.0
NR20250501380,2025-05-14,CUST01246,Sakshi Jain 42,South,Kerala,Kochi,Retail Store,Electronics,Smartphones,OnePlus Nord CE,1,25441.66,10,22897.49,19720.67,3176.82,Debit Card,Delivered,1.0
NR20250602090,2025-06-21,CUST00582,Pooja Singh 20,West,Maharashtra,Nashik,Retail Store,Electronics,Tablets,Lenovo Tab M11,2,18057.6,12,31781.38,26262.04,5519.34,Cash,Delivered,5.0
NR20250303925,2025-03-28,CUST00206,Simran Kaur 7,North,Punjab,Ludhiana,Retail Store,Accessories,Mice,Logitech M331 Mouse,1,1492.04,7,1387.6,1002.12,385.48,Credit Card,Delivered,4.0
NR20250902176,2025-09-23,CUST00246,Diya Shah 9,East,Bihar,Patna,Corporate,Office Supplies,Files,Solo Executive File Pack,20,546.67,4,10496.06,8203.54,2292.52,Net Banking,Delivered,7.0
NR20251103218,2025-11-02,CUST00734,Riya Das 25,West,Maharashtra,Nagpur,Online,Office Supplies,Stationery,Kangaro Stapler Set,5,275.41,5,1308.2,981.82,326.38,Net Banking,Delivered,1.0
NR20250102886,2025-01-23,CUST01101,Vikram Sethi 37,West,Goa,Goa,Retail Store,Accessories,Mice,Logitech M331 Mouse,2,1414.59,7,2631.14,1939.33,691.81,Cash,Delivered,1.0
NR20251200075,2025-12-19,CUST01246,Sakshi Jain 42,West,Gujarat,Ahmedabad,Retail Store,Furniture,Storage,Metal Office Cabinet,1,9002.38,20,7201.9,5597.33,1604.57,Debit Card,Returned,3.0
NR20250104271,2025-01-18,CUST00661,Aarav Sharma 23,West,Maharashtra,Nashik,Online,Furniture,Desks,Wooden Study Desk,3,6389.55,5,18210.22,13540.37,4669.85,Credit Card,Delivered,3.0
NR20250904009,2025-09-14,CUST00150,Sneha Pillai 5,East,Bihar,Patna,Retail Store,Electronics,Smartphones,Samsung Galaxy M35,2,21535.41,19,34887.36,29201.84,5685.52,Cash,Delivered,6.0
NR20250202658,2025-02-07,CUST00274,Ananya Iyer 10,South,Tamil Nadu,Coimbatore,Online,Accessories,Cables,Belkin USB-C Cable,3,1089.41,5,3104.82,2218.32,886.5,UPI,Returned,7.0
NR20251103181,2025-11-27,CUST00855,Rohan Kulkarni 29,West,Maharashtra,Nashik,Retail Store,Office Supplies,Stationery,Faber-Castell Marker Set,10,352.51,14,3031.59,2330.75,700.84,Credit Card,Delivered,6.0
NR20250302077,2025-03-22,CUST01157,Shreya Menon 39,Central,Madhya Pradesh,Indore,Online,Accessories,Mice,Logitech M331 Mouse,2,1506.99,12,2652.3,1965.34,686.96,UPI,Delivered,2.0
NR20250700442,2025-07-18,CUST00356,Simran Kaur 12,West,Gujarat,Ahmedabad,Retail Store,Electronics,Audio,boAt Airdopes 141,1,1372.9,7,1276.8,946.44,330.36,UPI,Returned,9.0
NR20250704136,2025-07-07,CUST00382,Yash Agarwal 13,North,Punjab,Amritsar,Retail Store,Office Supplies,Stationery,Faber-Castell Marker Set,5,376.05,7,1748.63,1355.13,393.5,UPI,Returned,10.0
NR20251002052,2025-10-24,CUST01182,Pooja Singh 40,West,Maharashtra,Pune,Retail Store,Office Supplies,Stationery,Faber-Castell Marker Set,5,361.95,9,1646.87,1243.97,402.9,UPI,Delivered,4.0
NR20250302542,2025-03-11,CUST00412,Yash Agarwal 14,East,Bihar,Patna,Retail Store,Electronics,Audio,boAt Airdopes 141,1,1433.99,9,1304.93,943.45,361.48,Cash,Delivered,6.0
NR20250803307,2025-08-07,CUST00528,Siddharth Rao 18,West,Goa,Goa,Online,Furniture,Desks,IKEA Linnmon Desk,2,8326.99,5,15821.28,11647.06,4174.22,Debit Card,Delivered,4.0
NR20250701302,2025-07-29,CUST00724,Ananya Iyer 25,East,Odisha,Bhubaneswar,Retail Store,Furniture,Storage,Metal Office Cabinet,1,9197.27,12,8093.6,6296.99,1796.61,UPI,Delivered,3.0
NR20250901782,2025-09-12,CUST00591,Vikram Sethi 20,North,Uttarakhand,Dehradun,Corporate,Electronics,Cameras,Canon EOS 1500D,10,45204.02,9,411356.58,350613.43,60743.15,Net Banking,Delivered,8.0
NR20251204883,2025-12-21,CUST00465,Rohan Kulkarni 16,North,Uttar Pradesh,Noida,Retail Store,Accessories,Bags,American Tourister Laptop Bag,1,2676.2,20,2140.96,1590.28,550.68,Debit Card,Delivered,3.0
NR20250603431,2025-06-24,CUST01146,Diya Shah 39,East,West Bengal,Kolkata,Online,Office Supplies,Stationery,Kangaro Stapler Set,2,281.57,0,563.14,437.27,125.87,Debit Card,Delivered,4.0
NR20250201305,2025-02-24,CUST00854,Riya Das 29,North,Punjab,Ludhiana,Online,Electronics,Monitors,LG 24MP60G,1,12002.2,10,10801.98,8737.19,2064.79,Credit Card,Delivered,2.0
NR20250900237,2025-09-04,CUST01044,Priya Nanda 35,North,Uttar Pradesh,Noida,Retail Store,Accessories,Power Banks,Ambrane 20000mAh Power Bank,3,1688.9,5,4813.37,3709.3,1104.07,UPI,Delivered,3.0
NR20250302600,2025-03-16,CUST00601,Aarav Sharma 21,North,Delhi,Delhi,Retail Store,Electronics,Smartphones,Samsung Galaxy M35,2,21823.92,5,41465.45,36577.77,4887.68,UPI,Delivered,3.0
NR20251000521,2025-10-03,CUST00453,Aditya Verma 16,West,Maharashtra,Mumbai,Retail Store,Electronics,Monitors,LG 24MP60G,2,12348.99,9,22475.16,18808.7,3666.46,Cash,Delivered,1.0
NR20250702574,2025-07-07,CUST01030,Meera Joshi 35,West,Gujarat,Ahmedabad,Corporate,Furniture,Office Chairs,Green Soul Monster Chair,10,14368.91,5,136504.64,99994.15,36510.49,UPI,Delivered,3.0
NR20250903281,2025-09-22,CUST00114,Priya Nanda 4,South,Andhra Pradesh,Vijayawada,Retail Store,Electronics,Laptops,HP 15s,1,51158.65,2,50135.48,42662.18,7473.3,Credit Card,Delivered,1.0
NR20250903187,2025-09-01,CUST00356,Simran Kaur 12,North,Punjab,Amritsar,Retail Store,Office Supplies,Files,Solo Executive File Pack,3,522.41,12,1379.16,1091.88,287.28,Credit Card,Delivered,1.0
NR20250203954,2025-02-22,CUST00060,Sneha Pillai 2,South,Karnataka,Bengaluru,Online,Electronics,Monitors,LG 24MP60G,1,12662.71,7,11776.32,9894.05,1882.27,UPI,Delivered,3.0
NR20250602769,2025-06-14,CUST00841,Aarav Sharma 29,South,Kerala,Kochi,Online,Electronics,Audio,JBL Tune 770NC,1,7292.97,5,6928.32,5278.93,1649.39,UPI,Delivered,3.0
NR20250300736,2025-03-26,CUST00744,Priya Nanda 25,West,Maharashtra,Pune,Online,Office Supplies,Printing,HP 805 Ink Cartridge,3,1226.54,15,3127.68,2599.06,528.62,Credit Card,Delivered,4.0
NR20250604771,2025-06-08,CUST00233,Neha Chawla 8,South,Andhra Pradesh,Visakhapatnam,Corporate,Furniture,Office Chairs,Green Soul Monster Chair,15,14318.2,12,189000.24,132466.09,56534.15,UPI,Delivered,6.0
NR20251004999,2025-10-21,CUST00004,Ananya Iyer 1,South,Tamil Nadu,Chennai,Corporate,Electronics,Laptops,Acer Aspire 5,8,63021.36,9,458795.5,396560.73,62234.77,UPI,Delivered,4.0
NR20251102107,2025-11-29,CUST00169,Tanvi Deshmukh 6,East,Assam,Guwahati,Online,Office Supplies,Stationery,Faber-Castell Marker Set,1,363.99,9,331.23,249.78,81.45,UPI,Delivered,4.0
NR20250802680,2025-08-31,CUST01173,Aditya Verma 40,South,Andhra Pradesh,Vijayawada,Online,Accessories,Power Banks,Ambrane 20000mAh Power Bank,4,1737.62,10,6255.43,4890.82,1364.61,UPI,Delivered,5.0
NR20250303230,2025-03-20,CUST00619,Tanvi Deshmukh 21,East,Odisha,Bhubaneswar,Online,Electronics,Audio,JBL Tune 770NC,1,7241.61,5,6879.53,5276.08,1603.45,Credit Card,Delivered,5.0
NR20250502762,2025-05-17,CUST01092,Pooja Singh 37,South,Tamil Nadu,Coimbatore,Online,Furniture,Office Chairs,Featherlite Astro Chair,4,10335.09,12,36379.52,25532.83,10846.69,UPI,Delivered,3.0
NR20250200593,2025-02-21,CUST00141,Vikram Sethi 5,Central,Madhya Pradesh,Gwalior,Online,Electronics,Laptops,Acer Aspire 5,1,64329.96,7,59826.86,51573.94,8252.92,Credit Card,Delivered,2.0
NR20250601304,2025-06-05,CUST01245,Rohan Kulkarni 42,West,Maharashtra,Nashik,Retail Store,Furniture,Desks,Wooden Study Desk,4,6210.42,12,21860.68,15362.86,6497.82,Debit Card,Delivered,4.0
NR20250201388,2025-02-19,CUST00047,Shreya Menon 2,West,Gujarat,Ahmedabad,Corporate,Accessories,Mice,Logitech M331 Mouse,20,1481.63,0,29632.6,21863.51,7769.09,Net Banking,Delivered,5.0
NR20250404762,2025-04-28,CUST00621,Vikram Sethi 21,East,West Bengal,Kolkata,Retail Store,Furniture,Storage,Metal Office Cabinet,2,9381.04,12,16510.63,12728.05,3782.58,Cash,Delivered,5.0
NR20250904591,2025-09-21,CUST00963,Aditya Verma 33,East,West Bengal,Kolkata,Retail Store,Furniture,Desks,IKEA Linnmon Desk,2,8377.68,15,14242.06,10331.48,3910.58,Cash,Delivered,5.0
NR20250804066,2025-08-24,CUST00813,Aditya Verma 28,South,Karnataka,Mysuru,Corporate,Accessories,Power Banks,Ambrane 20000mAh Power Bank,8,1717.4,7,12777.46,10075.09,2702.37,Net Banking,Delivered,4.0
NR20251201891,2025-12-23,CUST00196,Sakshi Jain 7,East,Jharkhand,Ranchi,Retail Store,Office Supplies,Printing,Epson 003 Ink Bottle,3,633.72,12,1673.02,1359.34,313.68,Debit Card,Delivered ,5.0
NR20250602988,2025-06-28,CUST00694,Ananya Iyer 24,South,Andhra Pradesh,Visakhapatnam,Retail Store,Electronics,Laptops,Acer Aspire 5,1,60712.18,17,50391.11,42993.48,7397.63,Cash,Returned,3.0
NR20250804994,2025-08-26,CUST00824,Riya Das 28,East,Jharkhand,Ranchi,Online,Electronics,Audio,boAt Airdopes 141,1,1388.71,0,1388.71,1056.53,332.18,Credit Card,Delivered,2.0
NR20250403298,2025-04-22,CUST00364,Ananya Iyer 13,West,Gujarat,Surat,Online,Office Supplies,Stationery,Kangaro Stapler Set,2,276.53,7,514.35,374.78,139.57,UPI,Delivered,2.0
NR20250500905,2025-05-13,CUST00135,Rohan Kulkarni 5,South,Karnataka,Bengaluru,Online,Electronics,Laptops,Acer Aspire 5,2,61558.86,10,110805.95,96512.85,14293.1,Debit Card,Returned,3.0
NR20250704675,2025-07-24,CUST01168,Isha Banerjee 39,West,Maharashtra,Nagpur,Online,Office Supplies,Stationery,Kangaro Stapler Set,1,279.56,5,265.58,190.33,75.25,UPI,Delivered,4.0
NR20251001280,2025-10-18,CUST00718,Isha Banerjee 24,West,Maharashtra,Pune,Retail Store,Office Supplies,Stationery,Faber-Castell Marker Set,3,358.42,17,892.47,677.03,215.44,Debit Card,Pending,2.0
NR20250900934,2025-09-05,CUST00358,Isha Banerjee 12,East,Assam,Guwahati,Online,Office Supplies,Writing,Classmate Notebook Pack,5,435.77,7,2026.33,1493.83,532.5,UPI,Delivered,6.0
NR20250404969,2025-04-16,CUST00144,Priya Nanda 5,East,Odisha,Bhubaneswar,Online,Electronics,Tablets,Lenovo Tab M11,4,18539.63,10,66742.67,56271.49,10471.18,Debit Card,Delivered,5.0
NR20251002309,2025-10-07,CUST00787,Ishaan Kapoor 27,North,Chandigarh,Chandigarh,Retail Store,Office Supplies,Writing,Cello Ball Pen Pack,10,179.29,15,1523.96,1116.53,407.43,UPI,Delivered,2.0
NR20250801556,2025-08-23,CUST00003,Aditya Verma 1,East,Assam,Guwahati,Online,Electronics,Audio,JBL Tune 770NC,1,7193.84,9,6546.39,5207.01,1339.38,Debit Card,Delivered,7.0
NR20250404598,2025-04-13,CUST00941,Nikhil Patil 32,West,Goa,Goa,Retail Store,Furniture,Desks,IKEA Linnmon Desk,1,8536.39,18,6999.84,5349.35,1650.49,UPI,Delivered,3.0
NR20250403191,2025-04-27,CUST00412,Yash Agarwal 14,East,Bihar,Patna,Online,Electronics,Smartphones,Samsung Galaxy M35,1,22035.85,5,20934.06,18270.76,2663.3,UPI,Delivered,5.0
NR20251104506,2025-11-28,CUST00350,Varun Bhatia 12,South,Kerala,Kochi,Online,Furniture,Office Chairs,Green Soul Monster Chair,1,14880.53,15,12648.45,9665.93,2982.52,UPI,Delivered,6.0
NR20250200707,2025-02-02,CUST00436,Sakshi Jain 15,East,West Bengal,Siliguri,Online,Electronics,Cameras,Canon EOS 1500D,1,45100.33,7,41943.31,36279.15,5664.16,Debit Card,Delivered,7.0
NR20250904757,2025-09-30,CUST00323,Neha Chawla 11,Central,Madhya Pradesh,Indore,Online,Furniture,Office Chairs,Green Soul Monster Chair,1,14117.83,5,13411.94,9584.15,3827.79,UPI,Delivered,2.0
NR20250803071,2025-08-09,CUST00831,Vikram Sethi 28,South,Andhra Pradesh,Vijayawada,Online,Office Supplies,Paper,JK Copier A4 Paper Ream,8,331.68,0,2653.44,2066.86,586.58,UPI,Delivered,3.0
NR20251100746,2025-11-20,CUST01163,Neha Chawla 39,East,Jharkhand,Ranchi,Corporate,Electronics,Tablets,Lenovo Tab M11,3,17089.75,10,46142.33,38171.71,7970.62,Credit Card,Delivered,6.0
NR20250303595,2025-03-06,CUST00124,Ananya Iyer 5,West,Maharashtra,Pune,Retail Store,Office Supplies,Writing,Classmate Notebook Pack,2,457.98,7,851.84,605.96,245.88,UPI,Delivered,4.0
NR20251101940,2025-11-27,CUST00420,Sneha Pillai 14,East,Bihar,Patna,Online,Office Supplies,Files,Solo Executive File Pack,1,519.96,15,441.97,347.81,94.16,UPI,Delivered,6.0
NR20250804463,21/08/2025,CUST01114,Ananya Iyer 38,West,Goa,Goa,Online,Furniture,Desks,Wooden Study Desk,1,6529.8,18,5354.44,3850.93,1503.51,UPI,Delivered,3.0
NR20250802863,2025-08-14,CUST00263,Neha Chawla 9,West,Goa,Goa,Corporate,Accessories,Webcams,Logitech C270 Webcam,15,2482.51,17,30907.25,22866.24,8041.01,Credit Card,Delivered,2.0
NR20250501921,2025-05-26,CUST01014,Priya Nanda 34,West,Gujarat,Vadodara,Retail Store,Office Supplies,Writing,Cello Ball Pen Pack,4,183.21,5,696.2,504.04,192.16,UPI,Delivered,6.0
NR20250300514,2025-03-09,CUST01070,Varun Bhatia 36,West,Goa,Goa,Corporate,Furniture,Office Chairs,Green Soul Monster Chair,20,14545.09,7,270538.67,194683.97,75854.7,UPI,Delivered,3.0
NR20251000082,2025-10-30,CUST01195,Manish Tiwari 40,North,Delhi,Delhi,Online,Electronics,Audio,boAt Airdopes 141,1,1433.69,4,1376.34,1001.99,374.35,UPI,Delivered,6.0
NR20250103907,2025-01-26,CUST00519,Karan Malhotra 18,East,West Bengal,Kolkata,Online,Electronics,Laptops,HP 15s,2,52105.18,9,94831.43,83610.93,11220.5,Credit Card,Delivered,4.0
NR20250201309,2025-02-13,CUST00244,Ananya Iyer 9,Central,Madhya Pradesh,Gwalior,Online,Electronics,Cameras,Canon EOS 1500D,2,45982.83,11,81849.44,68725.14,13124.3,Debit Card,Delivered,4.0
NR20251004613,2025-10-16,CUST00188,Kavya Reddy 7,West,Gujarat,Ahmedabad,Retail Store,Office Supplies,Files,Solo Executive File Pack,8,504.18,10,3630.1,2859.53,770.57,Debit Card,Delivered,5.0
NR20251100915,2025-11-30,CUST00162,Pooja Singh 6,East,Bihar,Patna,Online,Furniture,Desks,IKEA Linnmon Desk,1,8558.28,12,7531.29,5764.05,1767.24,UPI,Delivered,7.0
NR20251103453,2025-11-06,CUST00927,Aman Arora 31,North,Uttarakhand,Dehradun,Retail Store,Electronics,Laptops,Acer Aspire 5,1,62251.99,9,56649.31,47615.39,9033.92,Debit Card,Delivered,8.0
NR20250903696,2025-09-21,CUST00389,Mohit Saxena 13,West,Maharashtra,Mumbai,Online,Accessories,Cables,Belkin USB-C Cable,2,1108.38,0,2216.76,1583.55,633.21,UPI,Delivered,2.0
NR20250104873,2025-01-08,CUST00444,Priya Nanda 15,East,West Bengal,Kolkata,Retail Store,Office Supplies,Paper,JK Copier A4 Paper Ream,1,315.0,10,283.5,219.23,64.27,Credit Card,Delivered,2.0
NR20250703157,2025-07-17,CUST01098,Siddharth Rao 37,North,Punjab,Ludhiana,Online,Office Supplies,Printing,HP 805 Ink Cartridge,5,1245.1,7,5789.71,4677.14,1112.57,UPI,Delivered,5.0
NR20250902199,2025-09-02,CUST00131,Nikhil Patil 5,West,Maharashtra,Nagpur,Corporate,Office Supplies,Printing,HP 805 Ink Cartridge,10,1203.56,9,10952.4,9126.97,1825.43,Credit Card,Delivered ,5.0
NR20250604293,2025-06-15,CUST01151,Nikhil Patil 39,North,Uttarakhand,Dehradun,Online,Electronics,Audio,JBL Tune 770NC,1,7106.7,7,6609.23,5069.46,1539.77,Debit Card,Delivered,6.0
NR20250900775,2025-09-07,CUST00730,Meera Joshi 25,East,West Bengal,Siliguri,Online,Electronics,Audio,JBL Tune 770NC,3,7313.74,11,19527.69,14827.73,4699.96,Credit Card,Delivered,7.0
NR20250300330,2025-03-20,CUST00358,Isha Banerjee 12,West,Gujarat,Ahmedabad,Online,Electronics,Monitors,LG 24MP60G,2,12010.9,2,23541.36,19171.18,4370.18,Net Banking,Delivered,1.0
NR20250902055,2025-09-13,CUST00991,Aarav Sharma 34,Central,Madhya Pradesh,Indore,Retail Store,Office Supplies,Printing,HP 805 Ink Cartridge,2,1260.98,5,2395.86,1977.67,418.19,UPI,Delivered,3.0
NR20250602002,2025-06-01,CUST00834,Priya Nanda 28,North,Delhi,Delhi,Online,Office Supplies,Writing,Classmate Notebook Pack,2,450.13,12,792.23,587.37,204.86,UPI,Delivered,3.0
NR20250900944,2025-09-27,CUST00976,Sakshi Jain 33,West,Maharashtra,Mumbai,Online,Electronics,Audio,boAt Airdopes 141,1,1299.88,10,1169.89,865.47,304.42,UPI,Delivered,2.0
NR20251200823,2025-12-01,CUST00773,Neha Chawla 26,West,Maharashtra,Nagpur,Online,Office Supplies,Writing,Cello Ball Pen Pack,5,184.48,5,876.28,651.01,225.27,UPI,Delivered,3.0
NR20250704592,2025-07-23,CUST00764,Riya Das 26,Central,Chhattisgarh,Raipur,Corporate,Electronics,Audio,boAt Airdopes 141,10,1394.14,9,12686.67,9230.49,3456.18,Credit Card,Delivered,5.0
NR20250100910,2025-01-24,CUST01248,Siddharth Rao 42,South,Tamil Nadu,Chennai,Retail Store,Furniture,Storage,Wooden Filing Cabinet,3,8061.34,12,21281.94,16383.45,4898.49,UPI,Delivered,1.0
NR20250202517,2025-02-02,CUST00360,Sneha Pillai 12,South,Karnataka,Bengaluru,Online,Furniture,Storage,Wooden Filing Cabinet,1,7795.14,10,7015.63,5298.67,1716.96,Net Banking,Returned,4.0
NR20250900182,2025-09-19,CUST01109,Mohit Saxena 37,South,Telangana,Hyderabad,Retail Store,Furniture,Storage,Wooden Filing Cabinet,1,7390.65,5,7021.12,5224.91,1796.21,Cash,Delivered,4.0
NR20251100165,2025-11-02,CUST00857,Shreya Menon 29,West,Goa,Goa,Online,Furniture,Desks,IKEA Linnmon Desk,1,8589.14,5,8159.68,6118.04,2041.64,Net Banking,Delivered,4.0
NR20250801524,2025-08-09,CUST00220,Meera Joshi 8,South,Andhra Pradesh,Visakhapatnam,Corporate,Furniture,Office Chairs,Green Soul Monster Chair,5,14462.16,12,63633.5,45281.71,18351.79,Net Banking,Delivered,1.0
NR20251200452,2025-12-08,CUST00426,Diya Shah 15,East,West Bengal,Kolkata,Retail Store,Office Supplies,Writing,Classmate Notebook Pack,2,450.1,2,882.2,628.77,253.43,Cash,Delivered,7.0
NR20250803984,2025-08-01,CUST00609,Karan Malhotra 21,Central,Madhya Pradesh,Jabalpur,Retail Store,Electronics,Smartphones,OnePlus Nord CE,1,24172.79,7,22480.69,20011.27,2469.42,Debit Card,Delivered,2.0
NR20250402539,18-Apr-2025,CUST00760,Meera Joshi 26,North,Rajasthan,Jaipur,Corporate,Office Supplies,Files,Solo Executive File Pack,20,516.32,15,8777.44,7217.11,1560.33,Net Banking,Delivered,4.0
NR20250404415,2025-04-03,CUST00512,Aditi Mehta 18,East,Odisha,Bhubaneswar,Online,Accessories,Bags,American Tourister Laptop Bag,1,2516.83,2,2466.49,1884.25,582.24,UPI,Delivered,5.0
NR20250201104,2025-02-01,CUST00788,Kavya Reddy 27,West,Maharashtra,Nashik,Corporate,Accessories,Mice,Logitech M331 Mouse,5,1416.85,12,6234.14,4732.11,1502.03,Debit Card,Returned,6.0
NR20251201312,2025-12-30,CUST00434,Riya Das 15,East,Jharkhand,Ranchi,Retail Store,Electronics,Monitors,LG 24MP60G,1,13013.86,4,12493.31,10288.46,2204.85,Debit Card,Delivered,5.0
NR20250503150,2025-05-13,CUST00741,Vikram Sethi 25,South,Telangana,Hyderabad,Retail Store,Electronics,Tablets,Lenovo Tab M11,1,18558.2,12,16331.22,13661.02,2670.2,Credit Card,Delivered,4.0
NR20250201112,2025-02-03,CUST00698,Kavya Reddy 24,East,West Bengal,Siliguri,Online,Electronics,Audio,boAt Airdopes 141,2,1389.75,9,2529.35,1856.38,672.97,UPI,Delivered,6.0
NR20250204664,2025-02-17,CUST00935,Arjun Nair 32,East,Assam,Guwahati,Retail Store,Office Supplies,Stationery,Faber-Castell Marker Set,4,361.68,12,1273.11,961.78,311.33,UPI,Delivered,4.0
NR20250603875,2025-06-02,CUST00469,Tanvi Deshmukh 16,West,Gujarat,Vadodara,Online,Electronics,Laptops,HP 15s,2,53661.01,14,92296.94,77001.88,15295.06,UPI,Delivered,2.0
NR20251103490,11/04/2025,CUST00401,Nikhil Patil 14,Central,Chhattisgarh,Raipur,Online,Electronics,Audio,boAt Airdopes 141,1,1370.43,5,1301.91,956.01,345.9,Credit Card,Cancelled,0.0
NR20251101288,2025-11-06,CUST00058,Isha Banerjee 2,West,Maharashtra,Pune,Online,Office Supplies,Printing,HP 805 Ink Cartridge,3,1239.98,5,3533.94,3000.3,533.64,UPI,Delivered,5.0
NR20250104237,2025-01-07,CUST01216,Sakshi Jain 41,North,Punjab,Ludhiana,Online,Electronics,Tablets,Lenovo Tab M11,1,17224.14,10,15501.73,12363.95,3137.78,Credit Card,Delivered,7.0
NR20251204712,2025-12-04,CUST01182,Pooja Singh 40,North,Punjab,Amritsar,Online,Electronics,Audio,boAt Airdopes 141,1,1429.71,9,1301.04,940.79,360.25,Net Banking,Delivered,5.0
NR20250703681,2025-07-29,CUST00099,Karan Malhotra 4,North,Delhi,Delhi,Online,Electronics,Audio,JBL Tune 770NC,1,7182.07,10,6463.86,4803.47,1660.39,Credit Card,Delivered,3.0
NR20250604393,2025-06-09,CUST00997,Ishaan Kapoor 34,SOUTH,Andhra Pradesh,Visakhapatnam,Retail Store,Furniture,Office Chairs,Featherlite Astro Chair,1,10478.7,5,9954.76,7240.23,2714.53,UPI,Delivered,2.0
NR20251004252,2025-10-16,CUST00179,Mohit Saxena 6,South,Tamil Nadu,Chennai,Corporate,Electronics,Laptops,HP 15s,20,53257.94,12,937339.74,812336.0,125003.74,UPI,Delivered,3.0
NR20250803301,2025-08-04,CUST00460,Meera Joshi 16,West,Gujarat,Ahmedabad,Corporate,Office Supplies,Paper,JK Copier A4 Paper Ream,1,313.47,9,285.26,225.47,59.79,Net Banking,Delivered,2.0
NR20250703311,2025-07-19,CUST00459,Karan Malhotra 16,South,Andhra Pradesh,Visakhapatnam,Retail Store,Accessories,Webcams,Logitech C270 Webcam,1,2662.1,10,2395.89,1827.16,568.73,Cash,Delivered,2.0
NR20250704621,2025-07-21,CUST00315,Rohan Kulkarni 11,South,Andhra Pradesh,Vijayawada,Corporate,Accessories,Cables,Belkin USB-C Cable,5,1093.55,5,5194.36,3624.66,1569.7,Credit Card,Delivered,1.0
NR20250603126,2025-06-23,CUST00775,Manish Tiwari 26,North,Uttar Pradesh,Lucknow,Online,Office Supplies,Printing,Epson 003 Ink Bottle,4,636.21,7,2366.7,1863.69,503.01,UPI,Delivered,3.0
NR20250800328,2025-08-19,CUST00431,Nikhil Patil 15,South,Andhra Pradesh,Vijayawada,Retail Store,Furniture,Office Chairs,Green Soul Monster Chair,1,14458.07,5,13735.17,10288.22,3446.95,Cash,Delivered,1.0
NR20250401791,2025-04-05,CUST00124,Ananya Iyer 5,East,Assam,Guwahati,Online,Accessories,Power Banks,Ambrane 20000mAh Power Bank,1,1659.0,12,1459.92,1177.3,282.62,Credit Card,Returned,11.0
NR20250602491,2025-06-14,CUST00698,Kavya Reddy 24,West,Gujarat,Ahmedabad,Retail Store,Electronics,Smartphones,OnePlus Nord CE,1,24967.57,7,23219.84,21016.45,2203.39,Cash,Delivered,3.0
NR20251202007,2025-12-13,CUST00389,Mohit Saxena 13,North,Punjab,Ludhiana,Retail Store,Accessories,Mice,Logitech M331 Mouse,2,1506.19,12,2650.89,2029.9,620.99,Credit Card,Delivered,6.0
NR20250602008,2025-06-09,CUST01103,Neha Chawla 37,South,Andhra Pradesh,Vijayawada,Retail Store,Furniture,Tables,Conference Table 6-Seater,1,27666.27,7,25729.63,20444.07,5285.56,UPI,Delivered,1.0
NR20251001859,2025-10-24,CUST00651,Vikram Sethi 22,West,Goa,Goa,Retail Store,Office Supplies,Printing,Epson 003 Ink Bottle,5,664.19,10,2988.86,2397.18,591.68,Credit Card,Delivered,4.0
NR20251004752,2025-10-07,CUST00533,Neha Chawla 18,West,Gujarat,Surat,Online,Office Supplies,Paper,JK Copier A4 Paper Ream,5,321.15,12,1413.06,1066.79,346.27,UPI,Delivered,4.0
NR20251100313,2025-11-17,CUST00135,Rohan Kulkarni 5,Central,Madhya Pradesh,Gwalior,Online,Furniture,Desks,Wooden Study Desk,1,6311.19,12,5553.85,4156.28,1397.57,UPI,Delivered,3.0
NR20250300833,2025-03-13,CUST00058,Isha Banerjee 2,South,Telangana,Hyderabad,Corporate,Office Supplies,Printing,HP 805 Ink Cartridge,20,1231.42,15,20934.14,17196.73,3737.41,Net Banking,Delivered,8.0
NR20251203080,2025-12-06,CUST00438,Siddharth Rao 15,Central,Madhya Pradesh,Gwalior,Retail Store,Office Supplies,Files,Solo Executive File Pack,5,533.11,5,2532.27,1980.12,552.15,Debit Card,Delivered,5.0
NR20251003463,2025-10-21,CUST00801,Vikram Sethi 27,West,Gujarat,Surat,Online,Furniture,Storage,Metal Office Cabinet,2,9510.32,17,15787.13,12138.44,3648.69,UPI,Returned,8.0
NR20250104454,2025-01-21,CUST00725,Arjun Nair 25,South,Karnataka,Bengaluru,Corporate,Electronics,Laptops,HP 15s,5,55630.55,6,261463.58,221605.95,39857.63,Debit Card,Delivered,3.0
NR20250800055,2025-08-29,CUST00452,Aditi Mehta 16,Central,Madhya Pradesh,Bhopal,Retail Store,Electronics,Audio,boAt Airdopes 141,2,1443.74,7,2685.36,1929.53,755.83,UPI,Delivered,1.0
NR20250504065,2025-05-01,CUST00437,Shreya Menon 15,South,Tamil Nadu,Chennai,Online,Accessories,Cables,Belkin USB-C Cable,1,1090.78,7,1014.43,706.93,307.5,UPI,Delivered,4.0
NR20251103452,2025-11-19,CUST00977,Shreya Menon 33,West,Gujarat,Ahmedabad,Online,Electronics,Audio,boAt Airdopes 141,2,1442.61,22,2250.47,1691.24,559.23,Credit Card,Delivered,3.0
NR20251001902,2025-10-02,CUST00729,Karan Malhotra 25,North,Uttar Pradesh,Noida,Corporate,Office Supplies,Writing,Classmate Notebook Pack,8,462.54,12,3256.28,2456.73,799.55,UPI,Delivered,7.0
NR20251001482,2025-10-05,CUST00907,Ishaan Kapoor 31,North,Uttarakhand,Dehradun,Online,Furniture,Storage,Wooden Filing Cabinet,1,7791.83,5,7402.24,5794.82,1607.42,Net Banking,Delivered,4.0
NR20250303336,2025-03-02,CUST00336,Diya Shah 12,North,Punjab,Amritsar,Retail Store,Electronics,Smartphones,OnePlus Nord CE,1,23950.58,10,21555.52,18537.79,3017.73,Cash,Delivered,4.0
NR20250200947,2025-02-08,CUST00924,Priya Nanda 31,North,Rajasthan,Jaipur,Online,Electronics,Smartphones,Samsung Galaxy M35,2,22569.82,12,39722.88,34078.17,5644.71,UPI,Delivered,3.0
NR20251003294,2025-10-16,CUST00728,Kavya Reddy 25,South,Telangana,Hyderabad,Online,Accessories,Cables,Portronics HDMI Cable,1,642.74,7,597.75,403.43,194.32,Debit Card,Delivered,4.0
NR20250302162,2025-03-22,CUST00428,Kavya Reddy 15,East,West Bengal,Siliguri,Online,Office Supplies,Printing,HP 805 Ink Cartridge,2,1247.15,5,2369.59,1936.2,433.39,UPI,Delivered,6.0
NR20250503058,09-May-2025,CUST00517,Ishaan Kapoor 18,East,Bihar,Patna,Online,Office Supplies,Printing,HP 805 Ink Cartridge,3,1225.66,7,3419.59,2774.57,645.02,Credit Card,Delivered,3.0
NR20250800769,2025-08-27,CUST00848,Kavya Reddy 29,South,Andhra Pradesh,Visakhapatnam,Online,Electronics,Audio,boAt Airdopes 141,1,1375.23,2,1347.73,947.79,399.94,Credit Card,Delivered,2.0
NR20251004770,2025-10-23,CUST00155,Arjun Nair 6,North,Uttarakhand,Dehradun,Online,Electronics,Smartphones,Samsung Galaxy M35,1,21709.36,7,20189.7,17089.05,3100.65,Debit Card,Delivered,3.0
NR20251003496,2025-10-15,CUST00317,Shreya Menon 11,North,Rajasthan,Jaipur,Online,Furniture,Office Chairs,Featherlite Astro Chair,1,10884.76,17,9034.35,6493.12,2541.23,UPI,Delivered,7.0
NR20251200286,2025-12-21,CUST00443,Neha Chawla 15,West,Maharashtra,Mumbai,Retail Store,Accessories,Keyboards,Logitech K120 Keyboard,1,870.56,14,748.68,536.42,212.26,UPI,Delivered,1.0
NR20250802469,2025-08-15,CUST01140,Sneha Pillai 38,East,Bihar,Patna,Online,Electronics,Cameras,Canon EOS 1500D,1,45238.3,2,44333.53,39474.25,4859.28,UPI,Delivered,6.0
NR20250404513,2025-04-24,CUST00072,Pooja Singh 3,East,Jharkhand,Ranchi,Online,Accessories,Power Banks,Ambrane 20000mAh Power Bank,2,1668.22,10,3002.8,2348.36,654.44,Debit Card,Delivered,5.0
NR20250602333,2025-06-23,CUST00083,Neha Chawla 3,North,Delhi,Delhi,Online,Accessories,Cables,Portronics HDMI Cable,2,657.37,5,1249.0,855.18,393.82,UPI,Delivered,
NR20250502718,2025-05-10,CUST00706,Sakshi Jain 24,South,Kerala,Kochi,Online,Accessories,Keyboards,Logitech K120 Keyboard,1,855.68,10,770.11,562.86,207.25,Debit Card,Pending,4.0
NR20250902080,2025-09-24,CUST00416,Simran Kaur 14,North,Rajasthan,Jaipur,Corporate,Electronics,Smartphones,Samsung Galaxy M35,1,22189.52,4,21301.94,18445.79,2856.15,Net Banking,Delivered,2.0
NR20250703390,07/29/2025,CUST00551,Nikhil Patil 19,South,Andhra Pradesh,Visakhapatnam,Online,Electronics,Audio,boAt Airdopes 141,1,1396.15,0,1396.15,985.93,410.22,UPI,Delivered,3.0
NR20250700723,2025-07-09,CUST00295,Manish Tiwari 10,North,Uttar Pradesh,Noida,Online,Office Supplies,Paper,JK Copier A4 Paper Ream,4,316.91,7,1178.91,916.52,262.39,Net Banking,Pending,6.0
NR20251200952,2025-12-16,CUST00262,Yash Agarwal 9,West,Gujarat,Surat,Online,Office Supplies,Writing,Cello Ball Pen Pack,4,169.95,7,632.21,466.49,165.72,Credit Card,Delivered,1.0
NR20251004429,2025-10-19,CUST00402,Pooja Singh 14,North,Delhi,Delhi,Online,Accessories,Keyboards,Logitech K120 Keyboard,2,878.52,12,1546.2,1133.15,413.05,Credit Card,Delivered,6.0
NR20250202263,2025-02-26,CUST00244,Ananya Iyer 9,West,Maharashtra,Nashik,Online,Office Supplies,Printing,HP 805 Ink Cartridge,8,1247.72,7,9283.04,7813.38,1469.66,Credit Card,Delivered,2.0
NR20251100990,2025-11-14,CUST00765,Rohan Kulkarni 26,East,Odisha,Bhubaneswar,Online,Electronics,Audio,JBL Tune 770NC,2,7265.1,16,12205.37,9210.12,2995.25,Net Banking,Delivered,4.0
NR20250703213,2025-07-19,CUST00864,Priya Nanda 29,South,Andhra Pradesh,Visakhapatnam,Online,Accessories,Bags,American Tourister Laptop Bag,1,2561.51,10,2305.36,1820.93,484.43,UPI,Delivered,1.0
NR20250801760,2025-08-25,CUST01249,Tanvi Deshmukh 42,South,Karnataka,Bengaluru,Retail Store,Furniture,Desks,Wooden Study Desk,2,6734.22,7,12525.65,9288.53,3237.12,Credit Card,Delivered,5.0
NR20251104166,2025-11-19,CUST00456,Diya Shah 16,Central,Chhattisgarh,Bilaspur,Corporate,Accessories,Cables,Belkin USB-C Cable,5,1108.76,14,4767.67,3446.81,1320.86,Credit Card,Delivered,6.0
NR20250901725,2025-09-23,CUST00533,Neha Chawla 18,West,Maharashtra,Nagpur,Retail Store,Accessories,Keyboards,Logitech K120 Keyboard,1,851.01,5,808.46,610.3,198.16,UPI,Delivered,4.0
NR20250500342,2025-05-03,CUST01062,Pooja Singh 36,West,Maharashtra,Nagpur,Retail Store,Accessories,Cables,Portronics HDMI Cable,1,656.64,5,623.81,430.59,193.22,Credit Card,Delivered,2.0
NR20250503702,2025-05-06,CUST01109,Mohit Saxena 37,West,Maharashtra,Nashik,Retail Store,Furniture,Desks,Wooden Study Desk,1,6320.9,7,5878.44,4424.7,1453.74,Debit Card,Delivered,2.0
NR20250100689,2025-01-17,CUST01215,Rohan Kulkarni 41,North,Chandigarh,Chandigarh,Retail Store,Electronics,Audio,boAt Airdopes 141,1,1460.16,12,1284.94,924.29,360.65,UPI,Delivered,4.0
NR20251003433,2025-10-15,CUST00257,Shreya Menon 9,West,Maharashtra,Pune,Online,Office Supplies,Files,Solo Executive File Pack,5,519.65,14,2234.49,1745.46,489.03,Credit Card,Delivered,2.0
NR20250700967,2025-07-14,CUST01106,Simran Kaur 37,Central,Chhattisgarh,Raipur,Retail Store,Furniture,Desks,IKEA Linnmon Desk,1,8762.43,10,7886.19,6022.85,1863.34,Debit Card,Delivered,5.0
NR20250304795,2025-03-14,CUST00911,Nikhil Patil 31,East,Jharkhand,Ranchi,Retail Store,Office Supplies,Stationery,Faber-Castell Marker Set,2,341.57,5,648.98,459.79,189.19,Cash,Delivered,4.0
NR20250202204,2025-02-25,CUST00772,Yash Agarwal 26,South,Telangana,Hyderabad,Retail Store,Electronics,Laptops,HP 15s,1,55325.95,14,47580.32,41542.22,6038.1,Credit Card,Delivered,1.0
NR20250902714,2025-09-17,CUST01158,Siddharth Rao 39,North,Uttarakhand,Dehradun,Corporate,Furniture,Storage,Metal Office Cabinet,5,9375.65,9,42659.21,32277.24,10381.97,Net Banking,Delivered,7.0
NR20250203573,2025-02-12,CUST00439,Tanvi Deshmukh 15,West,Maharashtra,Nashik,Online,Office Supplies,Stationery,Kangaro Stapler Set,4,288.03,18,944.74,750.69,194.05,UPI,Delivered,4.0
NR20250601991,2025-06-07,CUST00289,Tanvi Deshmukh 10,South,Tamil Nadu,Coimbatore,Online,Furniture,Desks,IKEA Linnmon Desk,1,8432.94,12,7420.99,5424.71,1996.28,UPI,Delivered,1.0
NR20251104121,2025-11-23,CUST01125,Rohan Kulkarni 38,South,Telangana,Hyderabad,Retail Store,Office Supplies,Printing,Epson 003 Ink Bottle,1,682.5,10,614.25,498.09,116.16,UPI,Delivered,1.0
NR20250204161,2025-02-19,CUST01034,Riya Das 35,North,Uttar Pradesh,Noida,Online,Office Supplies,Files, Solo Executive File Pack,4,534.26,2,2094.3,1648.62,445.68,UPI,Delivered,4.0
NR20250504811,2025-05-05,CUST00710,Varun Bhatia 24,West,Gujarat,Vadodara,Corporate,Office Supplies,Stationery,Kangaro Stapler Set,8,293.48,7,2183.49,1651.02,532.47,Net Banking,Delivered,4.0
NR20250103601,2025-01-11,CUST01166,Simran Kaur 39,North,Delhi,Delhi,Online,Accessories,Mice,Logitech M331 Mouse,3,1464.39,12,3865.99,2596.39,1269.6,UPI,Delivered,5.0
NR20250304632,2025-03-27,CUST00299,Mohit Saxena 10,South,Karnataka,Mysuru,Corporate,Accessories,Cables,Portronics HDMI Cable,20,649.23,7,12075.68,8781.26,3294.42,Net Banking,Delivered,4.0
NR20250602660,2025-06-19,CUST00455,Arjun Nair 16,East,Jharkhand,Ranchi,Retail Store,Electronics,Laptops,HP 15s,1,51929.11,20,41543.29,34314.94,7228.35,UPI,Delivered,3.0
NR20251104184,2025-11-08,CUST01143,Aditya Verma 39,South,Karnataka,Bengaluru,Online,Accessories,Cables,Portronics HDMI Cable,1,629.25,5,597.79,399.64,198.15,Debit Card,Pending,7.0
NR20250100386,2025-01-11,CUST00336,Diya Shah 12,North,Rajasthan,Jaipur,Retail Store,Accessories,Cables,Belkin USB-C Cable,1,1081.17,2,1059.55,733.09,326.46,Cash,Delivered,1.0
NR20250804433,2025-08-31,CUST00737,Shreya Menon 25,South,Karnataka,Mysuru,Corporate,Furniture,Storage,Wooden Filing Cabinet,3,7986.73,15,20366.16,15501.15,4865.01,Net Banking,Delivered,7.0
NR20250904634,2025-09-19,CUST00250,Meera Joshi 9,West,Gujarat,Surat,Retail Store,Electronics,Smartphones,Samsung Galaxy M35,2,22046.06,19,35714.62,31776.96,3937.66,Credit Card,Delivered,2.0
NR20250600537,2025-06-24,CUST00692,Aditi Mehta 24,South,Andhra Pradesh,Vijayawada,Online,Electronics,Audio,JBL Tune 770NC,1,7127.53,7,6628.6,4847.73,1780.87,Credit Card,Delivered,3.0
NR20251104732,2025-11-24,CUST00142,Yash Agarwal 5,west,Gujarat,Ahmedabad,Online,Furniture,Office Chairs,Green Soul Monster Chair,3,15088.79,7,42097.72,30595.64,11502.08,UPI,Delivered,2.0
NR20251103508,2025-11-12,CUST00726,Diya Shah 25,South,Tamil Nadu,Chennai,Corporate,Electronics,Laptops,HP 15s,20,54826.56,11,975912.77,834643.87,141268.9,Net Banking,Delivered,4.0
NR20251200202,2025-12-20,CUST01219,Tanvi Deshmukh 41,North,Uttar Pradesh,Lucknow,Online,Office Supplies,Printing,HP 805 Ink Cartridge,3,1267.32,7,3535.82,2894.57,641.25,UPI,Delivered,5.0
NR20251201333,2025-12-11,CUST00548,Kavya Reddy 19,Central,Chhattisgarh,Bilaspur,Retail Store,Electronics,Laptops,Acer Aspire 5,1,65187.11,5,61927.75,51716.82,10210.93,Credit Card,Delivered,6.0
NR20250803503,2025-08-16,CUST00137,Shreya Menon 5,South,Tamil Nadu,Coimbatore,Corporate,Office Supplies,Printing,Epson 003 Ink Bottle,20,652.33,17,10828.68,8348.74,2479.94,UPI,Delivered,3.0
NR20250902709,2025-09-30,CUST00655,Manish Tiwari 22,South,Telangana,Hyderabad,Online,Furniture,Storage,Wooden Filing Cabinet,4,7550.63,2,29598.47,22897.9,6700.57,Net Banking,Delivered,4.0
NR20250704022,2025-07-21,CUST01218,Siddharth Rao 41,East,Assam,Guwahati,Online,Office Supplies,Writing,Classmate Notebook Pack,5,467.77,5,2221.91,1664.82,557.09,Debit Card,Delivered,4.0
NR20250401855,2025-04-01,CUST00558,Siddharth Rao 19,South,Karnataka,Bengaluru,Online,Furniture,Storage,Metal Office Cabinet,2,9319.36,0,18638.72,14274.14,4364.58,UPI,Cancelled,0.0
NR20250904534,2025-09-29,CUST00086,Simran Kaur 3,East,West Bengal,Kolkata,Online,Electronics,Audio,JBL Tune 770NC,2,7119.86,11,12673.35,9304.8,3368.55,Credit Card,Delivered,7.0
NR20251002873,2025-10-01,CUST00763,Rahul Gupta 26,East,Odisha,Bhubaneswar,Corporate,Electronics,Laptops,Acer Aspire 5,10,63367.0,11,563966.3,468229.68,95736.62,UPI,Delivered,5.0
NR20250103031,2025-01-02,CUST00985,Manish Tiwari 33,North,Uttar Pradesh,Lucknow,Retail Store,Accessories,Power Banks,Ambrane 20000mAh Power Bank,1,1674.85,7,1557.61,1169.97,387.64,Debit Card,Cancelled,0.0
NR20251201206,2025-12-01,CUST00026,Simran Kaur 1,East,Odisha,Bhubaneswar,Retail Store,Electronics,Laptops,HP 15s,1,55361.95,7,51486.61,46073.58,5413.03,Cash,Delivered,5.0
NR20251001646,2025-10-22,CUST00742,Yash Agarwal 25,North,Uttar Pradesh,Lucknow,Corporate,Electronics,Audio,JBL Tune 770NC,1,7397.21,9,6731.46,5053.28,1678.18,Credit Card,Delivered,2.0
NR20250903418,2025-09-21,CUST00405,Rohan Kulkarni 14,East,West Bengal,Siliguri,Corporate,Office Supplies,Stationery,Kangaro Stapler Set,8,277.06,5,2105.66,1564.29,541.37,Credit Card, Delivered,7.0
NR20250103477,2025-01-27,CUST00464,Riya Das 16,Central,Madhya Pradesh,Jabalpur,Retail Store,Furniture,Storage,Metal Office Cabinet,2,9183.04,7,17080.45,13519.07,3561.38,Debit Card,Delivered,2.0
NR20250102862,2025-01-20,CUST00077,Shreya Menon 3,South,Andhra Pradesh,Visakhapatnam,Corporate,Electronics,Laptops,HP 15s,5,55359.23,14,238044.69,206064.61,31980.08,Net Banking,Delivered,6.0
NR20250401793,2025-04-20,CUST00694,Ananya Iyer 24,North,Rajasthan,Jaipur,Online,Accessories,Bags,Skybags Casual Backpack,2,1867.82,10,3362.08,2531.06,831.02,Credit Card,Delivered,5.0
NR20250603798,2025-06-16,CUST00107,Shreya Menon 4,East,West Bengal,Kolkata,Retail Store,Electronics,Audio,boAt Airdopes 141,3,1387.57,2,4079.46,3031.82,1047.64,Debit Card,Delivered,6.0
NR20250603369,2025-06-08,CUST00534,Priya Nanda 18,west,Gujarat,Vadodara,Online,Office Supplies,Paper,JK Copier A4 Paper Ream,3,325.96,15,831.2,654.21,176.99,Net Banking,Delivered,3.0
NR20250103368,2025-01-11,CUST01084,Ananya Iyer 37,West,Gujarat,Surat,Retail Store,Furniture,Office Chairs,Green Soul Monster Chair,2,14484.71,0,28969.42,19859.28,9110.14,Debit Card,Cancelled,0.0
NR20250603534,2025-06-15,CUST01210,Meera Joshi 41,South,Kerala,Kochi,Retail Store,Electronics,Audio,boAt Airdopes 141,3,1404.85,17,3498.08,2474.86,1023.22,UPI,Delivered,6.0
NR20251204456,2025-12-13,CUST01079,Mohit Saxena 36,Central,Madhya Pradesh,Gwalior,Retail Store,Electronics,Laptops,HP 15s,1,55225.14,4,53016.13,45443.05,7573.08,Cash,Delivered,1.0
NR20250203450,2025-02-11,CUST01215,Rohan Kulkarni 41,West,Maharashtra,Nagpur,Retail Store,Office Supplies,Stationery,Faber-Castell Marker Set,2,369.3,2,723.83,539.68,184.15,UPI,Delivered,2.0
NR20250100604,2025-01-11,CUST00613,Rahul Gupta 21,West,Gujarat,Vadodara,Online,Furniture,Office Chairs,Green Soul Monster Chair,1,14350.28,10,12915.25,9199.23,3716.02,UPI,Delivered,6.0
NR20251103057,2025-11-15,CUST00547,Ishaan Kapoor 19,West,Maharashtra,Nagpur,Retail Store,Electronics,Audio,boAt Airdopes 141,1,1454.98,14,1251.28,918.58,332.7,UPI,Delivered,4.0
NR20250504423,2025-05-08,CUST01150,Meera Joshi 39,Central,Madhya Pradesh,Bhopal,Retail Store,Office Supplies,Writing,Cello Ball Pen Pack,2,179.63,5,341.3,241.89,99.41,Credit Card,Delivered,4.0
NR20250700127,2025-07-21,CUST00459,Karan Malhotra 16,Central,Chhattisgarh,Raipur,Retail Store,Furniture,Tables,Conference Table 6-Seater,1,28714.86,5,27279.12,22092.0,5187.12,Debit Card,Delivered,5.0
NR20250403877,2025-04-27,CUST00144,Priya Nanda 5,West,Goa,Goa,Online,Electronics,Audio,boAt Airdopes 141,3,1451.06,5,4135.52,2986.55,1148.97,UPI,Delivered,5.0
NR20250102936,2025-01-14,CUST00502,Yash Agarwal 17,East,Bihar,Patna,Retail Store,Office Supplies,Writing,Cello Ball Pen Pack,2,177.8,18,291.59,203.12,88.47,UPI,Delivered,5.0
NR20251003532,2025-10-09,CUST00091,Aarav Sharma 4,South,Tamil Nadu,Coimbatore,Retail Store,Accessories,Bags,American Tourister Laptop Bag,1,2502.68,20,2002.14,1497.18,504.96,UPI,Returned,4.0
NR20251202731,2025-12-26,CUST01092,Pooja Singh 37,South,Telangana,Hyderabad,Online,Electronics,Audio,JBL Tune 770NC,1,7109.58,9,6469.72,4874.99,1594.73,Credit Card,Delivered,3.0
NR20250900828,2025-09-18,CUST00804,Priya Nanda 27,West,Gujarat,Surat,Corporate,Accessories,Cables,Belkin USB-C Cable,10,1079.91,7,10043.16,7374.48,2668.68,UPI,Delivered,4.0
NR20250401640,2025-04-07,CUST01186,Sakshi Jain 40,Central,Madhya Pradesh,Jabalpur,Online,Office Supplies,Paper,JK Copier A4 Paper Ream,2,314.82,5,598.16,465.5,132.66,Debit Card,Delivered,6.0
NR20251200985,2025-12-18,CUST00409,Tanvi Deshmukh 14,North,Rajasthan,Jaipur,Online,Office Supplies,Stationery,Faber-Castell Marker Set,1,364.12,15,309.5,233.0,76.5,UPI,Delivered,4.0
NR20250703282,2025-07-13,CUST00662,Aditi Mehta 23,south,Karnataka,Bengaluru,Online,Electronics,Laptops,HP 15s,3,54085.41,7,150898.29,124306.18,26592.11,Net Banking,Delivered,4.0
NR20250303600,2025-03-27,CUST00053,Neha Chawla 2,East,Assam,Guwahati,Online,Electronics,Audio,JBL Tune 770NC,1,7036.43,0,7036.43,5410.2,1626.23,Credit Card,Delivered,7.0
NR20250802189,2025-08-15,CUST01200,Sneha Pillai 40,South,Andhra Pradesh,Visakhapatnam,Retail Store,Office Supplies,Writing, Classmate Notebook Pack,4,433.94,0,1735.76,1282.38,453.38,Cash,Delivered,1.0
NR20250704679,2025-07-25,CUST00689,Mohit Saxena 23,West,Maharashtra,Nagpur,Online,Electronics,Audio, JBL Tune 770NC,1,7025.96,4,6744.92,5059.72,1685.2,Credit Card,Delivered,5.0
NR20250302444,2025-03-25,CUST01172,Aditi Mehta 40,North,Chandigarh,Chandigarh,Retail Store,Electronics,Audio,JBL Tune 770NC,3,7124.51,14,18381.24,13979.29,4401.95,UPI,Delivered,2.0
NR20250200363,2025-02-09,CUST00124,Ananya Iyer 5,East,West Bengal,Siliguri,Online,Furniture,Desks,Wooden Study Desk,1,6505.94,5,6180.64,4474.66,1705.98,UPI,Delivered,4.0
NR20251202350,2025-12-20,CUST01211,Nikhil Patil 41,West,Maharashtra,Nagpur,Retail Store,Office Supplies,Stationery,Faber-Castell Marker Set,1,374.15,17,310.54,242.4,68.14,UPI,Delivered,5.0
NR20250100346,2025-01-06,CUST01000,Meera Joshi 34,West,Gujarat,Ahmedabad,Retail Store,Furniture,Desks,Wooden Study Desk,1,6395.39,15,5436.08,4044.55,1391.53,UPI,Delivered,4.0
NR20250300815,2025-03-19,CUST01154,Riya Das 39,West,Gujarat,Ahmedabad,Corporate,Electronics,Monitors,LG 24MP60G,8,12252.58,15,83317.54,67804.62,15512.92,UPI,Delivered,5.0
NR20250203206,2025-02-06,CUST00425,Arjun Nair 15,South,Karnataka,Mysuru,Retail Store,Electronics,Audio,boAt Airdopes 141,1,1361.43,5,1293.36,893.01,400.35,Credit Card,Delivered,2.0
NR20250504220,2025-05-15,CUST00594,Priya Nanda 20,West,Maharashtra,Nashik,Online,Office Supplies,Stationery,Kangaro Stapler Set,3,265.28,0,795.84,597.91,197.93,UPI,Returned,7.0
NR20250404864,2025-04-15,CUST00189,Karan Malhotra 7,Central,Madhya Pradesh,Bhopal,Retail Store,Office Supplies,Files,Solo Executive File Pack,2,533.59,7,992.48,778.3,214.18,UPI,Delivered,2.0
NR20250603326,2025-06-30,CUST00990,Sneha Pillai 33,West,Goa,Goa,Online,Furniture,Desks,IKEA Linnmon Desk,1,8202.62,5,7792.49,5741.83,2050.66,UPI,Pending,5.0
NR20250704107,2025-07-21,CUST00114,Priya Nanda 4,South,Karnataka,Bengaluru,Retail Store,Office Supplies,Printing,Epson 003 Ink Bottle,1,622.83,7,579.23,461.39,117.84,Credit Card,Delivered,2.0
NR20250202117,2025-02-24,CUST00963,Aditya Verma 33,West,Maharashtra,Nagpur,Online,Accessories,Keyboards,Logitech K120 Keyboard,1,861.42,5,818.35,586.93,231.42,Credit Card,Delivered,2.0
NR20250601835,2025-06-14,CUST00955,Manish Tiwari 32,West,Maharashtra,Nashik,Retail Store,Office Supplies,Paper,JK Copier A4 Paper Ream,2,310.03,10,558.05,435.21,122.84,UPI,Delivered,4.0
NR20250400794,2025-04-09,CUST00986,Simran Kaur 33,North,Uttar Pradesh,Lucknow,Online,Office Supplies,Printing,Epson 003 Ink Bottle,8,657.02,7,4888.23,3914.82,973.41,UPI,Delivered,3.0
NR20250403544,2025-04-10,CUST00537,Aman Arora 18,West,Maharashtra,Nashik,Retail Store,Office Supplies,Stationery,Faber-Castell Marker Set,3,348.95,7,973.57,772.12,201.45,Credit Card,Delivered,6.0
NR20250502675,2025-05-18,CUST00819,Karan Malhotra 28,West,Gujarat,Surat,Retail Store,Accessories,Power Banks,Ambrane 20000mAh Power Bank,1,1665.67,7,1549.07,1158.95,390.12,Credit Card,Delivered,5.0
NR20250300095,2025-03-14,CUST00450,Sneha Pillai 15,North,Chandigarh,Chandigarh,Online,Electronics,Cameras,Canon EOS 1500D,1,46473.77,18,38108.49,32322.02,5786.47,Credit Card,Delivered,3.0
NR20250503757,2025-05-08,CUST00075,Rohan Kulkarni 3,South,Tamil Nadu,Chennai,Retail Store,Electronics,Audio,boAt Airdopes 141,2,1377.66,5,2617.55,1941.8,675.75,Cash,Delivered,4.0
NR20250102892,2025-01-29,CUST00769,Tanvi Deshmukh 26,West,Gujarat,Vadodara,Corporate,Electronics,Laptops,Acer Aspire 5,20,62763.57,9,1142296.97,915294.04,227002.93,Net Banking,Delivered,4.0
NR20250302372,2025-03-01,CUST01183,Rahul Gupta 40,South,Kerala,Kochi,Online,Electronics,Laptops,HP 15s,5,50531.44,9,229918.05,203729.55,26188.5,Net Banking,Delivered,6.0
NR20251104300,2025-11-17,CUST00238,Isha Banerjee 8,North,Uttarakhand,Dehradun,Corporate,Electronics,Monitors,LG 24MP60G,3,12481.53,17,31079.01,25284.62,5794.39,Net Banking,Delivered,5.0
NR20251204742,2025-12-11,CUST00092,Aditi Mehta 4,West,Gujarat,Surat,Online,Furniture,Desks,Wooden Study Desk,2,6590.87,12,11599.93,8499.44,3100.49,Debit Card,Delivered,5.0
NR20251203229,2025-12-06,CUST00183,Aditya Verma 7,North,Delhi,Delhi,Online,Accessories,Power Banks,Ambrane 20000mAh Power Bank,4,1701.8,12,5990.34,4516.51,1473.83,Credit Card,Delivered,5.0
NR20251002854,2025-10-29,CUST00762,Pooja Singh 26,North,Punjab,Ludhiana,Online,Office Supplies,Stationery,Faber-Castell Marker Set,1,361.2,2,353.98,273.55,80.43,UPI,Returned,9.0
NR20251102913,2025-11-09,CUST00685,Manish Tiwari 23,North,Chandigarh,Chandigarh,Corporate,Office Supplies,Writing,Classmate Notebook Pack,3,452.13,2,1329.26,1025.06,304.2,Net Banking,Delivered,3.0
NR20250801866,2025-08-27,CUST00455,Arjun Nair 16,South,Tamil Nadu,Chennai,Retail Store,Office Supplies,Printing,HP 805 Ink Cartridge,3,1271.3,0,3813.9,3178.39,635.51,Cash,Delivered,3.0
NR20250301858,2025-03-14,CUST00389,Mohit Saxena 13,Central,Chhattisgarh,Raipur,Online,Furniture,Office Chairs,Featherlite Astro Chair,1,10335.67,0,10335.67,7531.8,2803.87,Net Banking,Delivered,6.0
NR20251002646,2025-10-08,CUST00089,Mohit Saxena 3,West,Gujarat,Vadodara,Corporate,Accessories,Cables,Belkin USB-C Cable,1,1073.49,7,998.35,715.98,282.37,Credit Card,Delivered,4.0
NR20250102244,2025-01-12,CUST00176,Simran Kaur 6,Central,Madhya Pradesh,Gwalior,Retail Store,Electronics,Laptops,HP 15s,1,54165.91,0,54165.91,46713.33,7452.58,UPI,Delivered,4.0
NR20250902337,2025-09-04,CUST01223,Neha Chawla 41,East,West Bengal,Kolkata,Online,Accessories,Cables,Portronics HDMI Cable,1,649.24,7,603.79,426.05,177.74,Credit Card,Delivered,6.0
NR20250100951,2025-01-11,CUST00382,Yash Agarwal 13,West,Gujarat,Ahmedabad,Online,Furniture,Office Chairs,Featherlite Astro Chair,2,10311.04,7,19178.53,13427.6,5750.93,Credit Card,Delivered,6.0
NR20250603069,2025-06-20,CUST00580,Meera Joshi 20,West,Maharashtra,Mumbai,Online,Office Supplies,Stationery,Kangaro Stapler Set,10,294.48,0,2944.8,2155.31,789.49,Net Banking,Delivered,2.0
NR20251001121,2025-10-03,CUST00854,Riya Das 29,West,Maharashtra,Pune,Online,Accessories,Power Banks,Ambrane 20000mAh Power Bank,2,1653.76,0,3307.52,2533.76,773.76,Net Banking,Delivered,2.0
NR20250902598,2025-09-14,CUST01206,Diya Shah 41,South,Karnataka,Mysuru,Retail Store,Office Supplies,Stationery,Kangaro Stapler Set,1,271.24,7,252.25,187.66,64.59,Cash,Delivered,2.0
NR20250102205,2025-01-04,CUST00632,Aditi Mehta 22,South,Telangana,Hyderabad,Retail Store,Office Supplies,Stationery,Kangaro Stapler Set,4,285.09,5,1083.34,799.16,284.18,Cash,Delivered,2.0
NR20250600420,2025-06-13,CUST00188,Kavya Reddy 7,North,Uttar Pradesh,Lucknow,Retail Store,Accessories,Keyboards,Logitech K120 Keyboard,1,852.88,2,835.82,605.4,230.42,Cash,Delivered,2.0
NR20250700923,2025-07-31,CUST00242,Aditi Mehta 9,West,Gujarat,Ahmedabad,Online,Electronics,Monitors,LG 24MP60G,1,12555.31,12,11048.67,8994.89,2053.78,UPI,Returned,5.0
NR20251001255,30-Oct-2025,CUST01009,Tanvi Deshmukh 34,South,Telangana,Hyderabad,Corporate,Accessories,Webcams,Logitech C270 Webcam,10,2513.42,0,25134.2,19202.24,5931.96,Debit Card,Delivered,7.0
NR20250600478,2025-06-03,CUST00129,Karan Malhotra 5,Central,Madhya Pradesh,Gwalior,Corporate,Furniture,Office Chairs,Green Soul Monster Chair,10,14483.2,10,130348.8,96527.63,33821.17,Debit Card,Delivered,6.0
NR20250902036,2025-09-28,CUST00247,Ishaan Kapoor 9,South,Andhra Pradesh,Visakhapatnam,Online,Electronics,Audio, JBL Tune 770NC,1,7252.29,7,6744.63,5244.24,1500.39,Debit Card,Delivered,3.0
NR20251101203,2025-11-07,CUST00278,Kavya Reddy 10,Central,Chhattisgarh,Raipur,Retail Store,Electronics,Laptops,Acer Aspire 5,2,62854.67,17,104338.75,84051.49,20287.26,Cash,Delivered,4.0
NR20250802627,2025-08-22,CUST00701,Nikhil Patil 24,North,Uttar Pradesh,Noida,Retail Store,Accessories,Cables,Portronics HDMI Cable,5,640.27,15,2721.15,1959.25,761.9,Cash,Delivered,5.0
NR20250704887,2025-07-20,CUST00710,Varun Bhatia 24,South,Karnataka,Mysuru,Online,Accessories,Bags,American Tourister Laptop Bag,1,2674.33,10,2406.9,1797.7,609.2,Credit Card,Delivered,2.0
NR20250401971,2025-04-24,CUST00956,Simran Kaur 32,West,Maharashtra,Pune,Online,Office Supplies,Writing,Classmate Notebook Pack,5,436.89,10,1966.0,1553.07,412.93,UPI,Delivered,1.0
NR20251103111,2025-11-06,CUST00069,Karan Malhotra 3,West,Gujarat,Ahmedabad,Retail Store,Electronics,Cameras,Canon EOS 1500D,4,44352.24,10,159668.06,136392.23,23275.83,Debit Card,Delivered,2.0
NR20250404019,2025-04-20,CUST00657,Aman Arora 22,West,Gujarat,Vadodara,Retail Store,Accessories,Mice,Logitech M331 Mouse,1,1501.54,10,1351.39,944.26,407.13,Credit Card,Delivered,6.0
NR20251102152,2025-11-23,CUST00833,Neha Chawla 28,South,Andhra Pradesh,Vijayawada,Corporate,Electronics,Laptops,HP 15s,3,53189.78,9,145208.1,122632.71,22575.39,Debit Card,Delivered,7.0
NR20250703688,2025-07-04,CUST01109,Mohit Saxena 37,North,Delhi,Delhi,Online,Electronics,Laptops,Acer Aspire 5,2,62214.69,2,121940.79,103754.95,18185.84,UPI,Delivered,4.0
NR20251101998,2025-11-02,CUST00473,Neha Chawla 16,West,Gujarat,Ahmedabad,Online,Electronics,Audio,JBL Tune 770NC,1,7195.52,7,6691.83,4975.19,1716.64,UPI,Delivered,6.0
NR20250904034,2025-09-01,CUST00005,Arjun Nair 1,South,Tamil Nadu,Coimbatore,Corporate,Office Supplies,Files,Solo Executive File Pack,3,534.92,7,1492.43,1141.5,350.93,Credit Card,Delivered,5.0
NR20250303055,2025-03-29,CUST01064,Riya Das 36,South,Karnataka,Mysuru,Online,Electronics,Audio,boAt Airdopes 141,2,1349.72,10,2429.5,1794.11,635.39,Debit Card,Delivered,4.0
NR20250601249,2025-06-06,CUST01026,Diya Shah 35,West,Maharashtra,Nagpur,Retail Store,Electronics,Audio,boAt Airdopes 141,1,1456.57,10,1310.91,961.25,349.66,Debit Card,Cancelled,0.0
NR20250402193,2025-04-14,CUST00045,Rohan Kulkarni 2,East,West Bengal,Siliguri,Online,Accessories,Cables,Portronics HDMI Cable,1,672.88,5,639.24,429.95,209.29,UPI,Delivered,6.0
NR20250702713,2025-07-10,CUST00162,Pooja Singh 6,East,West Bengal,Kolkata,Corporate,Office Supplies,Printing,Epson 003 Ink Bottle,15,675.7,12,8919.24,7040.42,1878.82,Debit Card,Delivered,3.0
NR20250900993,2025-09-18,CUST00555,Rohan Kulkarni 19,Central,Madhya Pradesh,Indore,Retail Store,Electronics,Cameras,Canon EOS 1500D,1,48099.41,0,48099.41,41630.62,6468.79,Debit Card,Delivered,3.0
NR20250502191,2025-05-28,CUST00428,Kavya Reddy 15, South ,Kerala,Kochi,Online,Accessories,Mice,Logitech M331 Mouse,3,1409.17,5,4016.13,2967.08,1049.05,Credit Card,Delivered,5.0
NR20250403763,2025-04-14,CUST00829,Tanvi Deshmukh 28,West,Maharashtra,Mumbai,Retail Store,Electronics,Tablets,Lenovo Tab M11,1,18420.94,10,16578.85,13626.06,2952.79,Cash,Delivered,3.0
NR20250103598,2025-01-16,CUST00656,Simran Kaur 22,Central,Madhya Pradesh,Jabalpur,Retail Store,Furniture,Desks,Wooden Study Desk,1,6966.61,7,6478.95,4869.54,1609.41,Cash,Delivered,2.0
NR20250701319,2025-07-24,CUST01179,Karan Malhotra 40,East,Jharkhand,Ranchi,Corporate,Accessories,Bags,Skybags Casual Backpack,1,1936.19,10,1742.57,1245.01,497.56,Net Banking,Delivered,3.0
NR20250201864,2025-02-21,CUST00862,Yash Agarwal 29,North,Rajasthan,Jaipur,Retail Store,Office Supplies,Printing,Epson 003 Ink Bottle,5,659.5,5,3132.62,2569.27,563.35,Cash,Delivered,3.0
NR20250502344,2025-05-02,CUST01101,Vikram Sethi 37,Central,Madhya Pradesh,Gwalior,Retail Store,Office Supplies,Paper,JK Copier A4 Paper Ream,10,326.8,15,2777.8,2129.45,648.35,UPI,Delivered,3.0
NR20251002450,2025-10-02,CUST00596,Simran Kaur 20,East,West Bengal,Siliguri,Online,Accessories,Cables,Belkin USB-C Cable,1,1117.53,7,1039.3,737.17,302.13,Debit Card,Delivered,6.0
NR20250802137,2025-08-29,CUST01042,Yash Agarwal 35,North,Punjab,Amritsar,Corporate,Office Supplies,Stationery,Faber-Castell Marker Set,5,362.94,2,1778.41,1365.4,413.01,Credit Card,Delivered,4.0
NR20251101066,2025-11-27,CUST00709,Tanvi Deshmukh 24,West,Maharashtra,Nashik,Online,Electronics,Audio,boAt Airdopes 141,1,1365.36,7,1269.78,909.8,359.98,UPI,Delivered,4.0
NR20251200487,2025-12-17,CUST00898,Isha Banerjee 30,North,Uttar Pradesh,Lucknow,Online,Accessories,Cables,Portronics HDMI Cable,1,660.28,15,561.24,418.2,143.04,UPI,Delivered,6.0
NR20250804228,2025-08-19,CUST00508,Isha Banerjee 17,North,Punjab,Amritsar,Online,Accessories,Mice,Logitech M331 Mouse,2,1453.2,7,2702.95,1932.24,770.71,UPI,Delivered,3.0
NR20250402622,2025-04-29,CUST00513,Aditya Verma 18,West,Maharashtra,Nashik,Online,Electronics,Smartphones,Samsung Galaxy M35,1,22185.18,9,20188.51,17411.86,2776.65,Credit Card,Pending,6.0
NR20251100078,2025-11-07,CUST00148,Isha Banerjee 5,North,Punjab,Ludhiana,Corporate,Electronics,Smartphones,OnePlus Nord CE,8,25005.32,21,158033.62,139260.4,18773.22,Credit Card,Delivered,5.0
NR20250802899,2025-08-10,CUST01242,Pooja Singh 42,West,Gujarat,Surat,Online,Accessories,Mice,Logitech M331 Mouse,3,1472.96,0,4418.88,3223.9,1194.98,UPI,Delivered,5.0
NR20250901315,2025-09-21,CUST00801,Vikram Sethi 27,East,Assam,Guwahati,Online,Furniture,Storage,Metal Office Cabinet,1,9040.74,5,8588.7,6317.75,2270.95,Debit Card,Delivered,5.0
NR20250604435,2025-06-26,CUST00128,Kavya Reddy 5,West,Gujarat,Ahmedabad,Online,Office Supplies,Printing,Epson 003 Ink Bottle,4,666.56,18,2186.32,1750.09,436.23,Debit Card,Delivered,6.0
NR20250700873,2025-07-02,CUST00118,Isha Banerjee 4,Central,Madhya Pradesh,Gwalior,Retail Store,Electronics,Tablets,Lenovo Tab M11,1,17672.79,18,14491.69,11546.04,2945.65,Debit Card,Delivered,5.0
NR20251203851,2025-12-01,CUST00602,Aditi Mehta 21,South,Telangana,Hyderabad,Retail Store,Accessories,Webcams,Logitech C270 Webcam,1,2448.48,7,2277.09,1747.81,529.28,Credit Card,Delivered,3.0
NR20251204856,2025-12-26,CUST00790,Meera Joshi 27,West,Gujarat,Vadodara,Retail Store,Furniture,Office Chairs,Green Soul Monster Chair,1,14652.9,0,14652.9,11043.9,3609.0,Cash,Delivered,2.0
NR20250802966,2025-08-06,CUST00126,Diya Shah 5,North,Chandigarh,Chandigarh,Retail Store,Electronics,Tablets,Lenovo Tab M11,5,17385.64,11,77366.1,65266.74,12099.36,UPI,Delivered,4.0
NR20250603392,2025-06-12,CUST00345,Rohan Kulkarni 12,East,Jharkhand,Ranchi,Corporate,Electronics,Laptops,Acer Aspire 5,5,61927.27,5,294154.53,236575.02,57579.51,Net Banking,Delivered,2.0
NR20250602561,2025-06-23,CUST00474,Priya Nanda 16,West,Maharashtra,Nagpur,Online,Electronics,Audio,JBL Tune 770NC,1,7241.47,9,6589.74,4862.0,1727.74,UPI,Delivered,4.0
NR20250904966,2025-09-28,CUST01172,Aditi Mehta 40,East,Bihar,Patna,Online,Office Supplies,Printing,HP 805 Ink Cartridge,2,1178.77,10,2121.79,1703.46,418.33,Credit Card,Delivered,4.0
NR20250902636,2025-09-24,CUST00746,Simran Kaur 25,South,Karnataka,Mysuru,Corporate,Accessories,Cables,Portronics HDMI Cable,2,641.46,7,1193.12,809.9,383.22,Net Banking,Delivered,4.0
NR20250703531,2025-07-19,CUST00463,Rahul Gupta 16,South,Karnataka,Bengaluru,Retail Store,Accessories,Bags,Skybags Casual Backpack,1,1905.33,2,1867.22,1387.81,479.41,Cash,Delivered,6.0
NR20251100376,2025-11-27,CUST00036,Diya Shah 2,West,Gujarat,Ahmedabad,Online,Electronics,Audio,JBL Tune 770NC,1,7286.46,15,6193.49,4695.63,1497.86,Net Banking,Delivered,2.0
NR20250901909,2025-09-04,CUST00575,Arjun Nair 20,North,Uttarakhand,Dehradun,Retail Store,Electronics,Audio,JBL Tune 770NC,2,7704.96,22,12019.74,9091.73,2928.01,Cash,Delivered,3.0
NR20250604395,2025-06-08,CUST01202,Aditi Mehta 41,Central,Madhya Pradesh,Jabalpur,Online,Electronics,Audio,JBL Tune 770NC,1,7020.52,10,6318.47,4727.87,1590.6,Debit Card,Returned,9.0
NR20250504442,2025-05-23,CUST00336,Diya Shah 12,Central,Madhya Pradesh,Indore,Online,Furniture,Office Chairs,Green Soul Monster Chair,1,14644.64,2,14351.75,10246.08,4105.67,Debit Card,Delivered,5.0
NR20250704028,2025-07-24,CUST00362,Aditi Mehta 13,West,Gujarat,Vadodara,Online,Accessories,Mice,Logitech M331 Mouse,4,1448.96,12,5100.34,3705.28,1395.06,UPI,Delivered,4.0
NR20251101605,2025-11-18,CUST01130,Varun Bhatia 38,Central,Chhattisgarh,Bilaspur,Online,Office Supplies,Printing,Epson 003 Ink Bottle,3,662.04,12,1747.79,1386.58,361.21,UPI,Pending,6.0
NR20251001119,2025-10-07,CUST00115,Manish Tiwari 4,South,Andhra Pradesh,Visakhapatnam,Online,Electronics,Laptops,HP 15s,1,55682.59,9,50671.16,43891.86,6779.3,Net Banking,Delivered,3.0
NR20250703678,2025-07-23,CUST00808,Isha Banerjee 27,East,Jharkhand,Ranchi,Corporate,Electronics,Monitors,LG 24MP60G,10,12591.29,14,108285.09,88358.1,19926.99,Net Banking,Delivered,1.0
NR20250903491,2025-09-24,CUST00213,Aditya Verma 8,East,Assam,Guwahati,Retail Store,Accessories,Cables,Belkin USB-C Cable,1,1107.72,10,996.95,708.25,288.7,UPI,Delivered,3.0
NR20251004933,2025-10-06,CUST00154,Ananya Iyer 6,South,Andhra Pradesh,Visakhapatnam,Online,Furniture,Office Chairs,Green Soul Monster Chair,1,14183.05,10,12764.74,9391.18,3373.56,Credit Card,Delivered,3.0
NR20250702959,2025-07-17,CUST01201,Aarav Sharma 41,North,Uttar Pradesh,Noida,Retail Store,Furniture,Office Chairs,Featherlite Astro Chair,3,10782.21,15,27494.64,19617.93,7876.71,Cash,Delivered,2.0
NR20251201995,2025-12-06,CUST00054,Priya Nanda 2,East,Odisha,Bhubaneswar,Online,Electronics,Cameras,Canon EOS 1500D,1,44802.13,12,39425.87,34200.93,5224.94,UPI,Delivered,6.0
NR20251004768,2025-10-01,CUST00339,Karan Malhotra 12,Central,Madhya Pradesh,Bhopal,Online,Electronics,Laptops,Acer Aspire 5,1,62671.69,9,57031.24,48214.5,8816.74,Credit Card,Cancelled,0.0
NR20251204418,2025-12-29,CUST00529,Tanvi Deshmukh 18,West,Gujarat,Vadodara,Retail Store,Electronics,Monitors,LG 24MP60G,1,12838.22,9,11682.78,9578.2,2104.58,Cash,Delivered,5.0
NR20250202377,2025-02-24,CUST00817,Ishaan Kapoor 28,West,Maharashtra,Nashik,Retail Store,Electronics,Smartphones,Samsung Galaxy M35,4,21416.77,9,77957.04,69557.05,8399.99,Cash,Delivered,
NR20251101343,2025-11-23,CUST00340,Meera Joshi 12,North,Uttarakhand,Dehradun,Retail Store,Accessories,Webcams,Logitech C270 Webcam,1,2583.78,7,2402.92,1783.42,619.5,Cash,Delivered,4.0
NR20250300321,2025-03-23,CUST00810,Sneha Pillai 27,Central,Madhya Pradesh,Bhopal,Corporate,Electronics,Tablets,Lenovo Tab M11,8,18272.49,7,135947.33,114668.36,21278.97,Net Banking,Delivered,7.0
NR20250601620,2025-06-20,CUST01191,Vikram Sethi 40,West,Maharashtra,Mumbai,Online,Accessories,Keyboards,Logitech K120 Keyboard,2,851.11,2,1668.18,1225.88,442.3,UPI,Delivered ,2.0
NR20250403714,2025-04-27,CUST00468,Siddharth Rao 16,East,West Bengal,Siliguri,Retail Store,Electronics,Smartphones,OnePlus Nord CE,2,25346.4,9,46130.45,40972.86,5157.59,Cash,Delivered,3.0
NR20250702061,2025-07-31,CUST00992,Aditi Mehta 34,West,Goa,Goa,Online,Furniture,Storage,Metal Office Cabinet,1,8822.99,7,8205.38,6130.2,2075.18,UPI,Delivered,4.0
NR20250202220,2025-02-11,CUST00990,Sneha Pillai 33,Central,Madhya Pradesh,Gwalior,Online,Electronics,Tablets,Lenovo Tab M11,2,17990.86,17,29864.83,24182.04,5682.79,UPI,Delivered,5.0
NR20250701674,2025-07-01,CUST00276,Diya Shah 10,West,Gujarat,Vadodara,Online,Office Supplies,Files,Solo Executive File Pack,3,487.95,10,1317.46,1019.47,297.99,UPI,Delivered,2.0
NR20250400261,2025-04-26,CUST00296,Simran Kaur 10,South,Andhra Pradesh,Visakhapatnam,Online,Electronics,Tablets,Lenovo Tab M11,1,18004.3,7,16744.0,13856.27,2887.73,Net Banking,Delivered,4.0
NR20250604481,2025-06-20,CUST00629,Mohit Saxena 21,South,Tamil Nadu,Chennai,Retail Store,Furniture,Desks,Wooden Study Desk,2,6497.39,5,12345.04,8892.79,3452.25,UPI,Delivered,4.0
NR20250902040,2025-09-17,CUST00154,Ananya Iyer 6,North,Chandigarh,Chandigarh,Online,Electronics,Tablets,Lenovo Tab M11,2,17932.32,10,32278.18,26477.09,5801.09,Credit Card,Delivered,4.0
NR20250900902,2025-09-28,CUST00593,Neha Chawla 20,South,Karnataka,Mysuru,Online,Furniture,Office Chairs,Green Soul Monster Chair,2,14508.84,12,25535.56,19101.72,6433.84,UPI,Delivered,3.0
NR20251203745,2025-12-11,CUST00738,Siddharth Rao 25,West,Maharashtra,Nagpur ,Retail Store,Accessories,Bags,Skybags Casual Backpack,2,1860.31,7,3460.18,2618.25,841.93,Cash,Delivered,1.0
NR20250102027,2025-01-21,CUST00019,Tanvi Deshmukh 1,North,Uttar Pradesh,Lucknow,Retail Store,Electronics,Smartphones,OnePlus Nord CE ,1,26016.15,2,25495.83,22917.92,2577.91,Cash,Delivered,5.0
NR20250904235,2025-09-17,CUST00068,Kavya Reddy 3,South,Karnataka,Bengaluru,Corporate,Furniture,Office Chairs,Green Soul Monster Chair,10,14211.43,18,116533.73,86718.29,29815.44,Credit Card,Delivered,3.0
NR20250901918,2025-09-26,CUST00925,Manish Tiwari 31,Central,Madhya Pradesh,Gwalior,Online,Office Supplies,Stationery,Faber-Castell Marker Set,4,358.99,2,1407.24,1084.02,323.22,UPI,Delivered,3.0
NR20251101829,2025-11-06,CUST00293,Neha Chawla 10,South,Andhra Pradesh,Visakhapatnam,Online,Office Supplies,Files,Solo Executive File Pack,1,536.96,12,472.52,379.59,92.93,Debit Card,Delivered,6.0
NR20250301574,2025-03-09,CUST00290,Varun Bhatia 10,South,Tamil Nadu,Coimbatore,Corporate,Furniture,Desks,IKEA Linnmon Desk,15,8389.68,14,108226.87,85277.8,22949.07,Net Banking,Delivered,5.0
NR20251204457,2025-12-01,CUST01219,Tanvi Deshmukh 41,Central,Chhattisgarh,Bilaspur,Online,Office Supplies,Writing,Classmate Notebook Pack,2,433.61,12,763.15,554.63,208.52,UPI,Cancelled,0.0
NR20250204209,2025-02-22,CUST00147,Aman Arora 5,South,Tamil Nadu,Chennai,Online,Electronics,Monitors,LG 24MP60G,1,12415.01,17,10304.46,8656.49,1647.97,Debit Card,Returned,10.0
NR20251100225,2025-11-21,CUST00304,Ananya Iyer 11,West,Gujarat,Surat,Retail Store,Furniture,Desks,Wooden Study Desk,1,6457.18,2,6328.04,4688.62,1639.42,UPI,Returned,5.0
NR20250600724,2025-06-28,CUST00477,Aman Arora 16,South,Tamil Nadu,Coimbatore,Corporate,Office Supplies,Printing,HP 805 Ink Cartridge,1,1174.57,2,1151.08,948.99,202.09,Net Banking,Delivered,4.0
NR20251104550,2025-11-20,CUST00759,Karan Malhotra 26,North,Uttar Pradesh,Noida,Retail Store,Office Supplies,Writing,Cello Ball Pen Pack,3,174.71,9,476.96,345.04,131.92,Credit Card,Delivered,6.0
NR20251201142,2025-12-12,CUST00174,Priya Nanda 6,Central,Madhya Pradesh,Jabalpur,Retail Store,Furniture,Desks,Wooden Study Desk,1,6720.27,10,6048.24,4471.94,1576.3,UPI,Delivered,4.0
NR20250702763,2025-07-28,CUST00941,Nikhil Patil 32,South,Tamil Nadu,Coimbatore,Corporate,Office Supplies,Writing,Cello Ball Pen Pack,8,179.1,15,1217.88,915.05,302.83,Net Banking,Delivered,4.0
NR20250900847,2025-09-15,CUST00204,Priya Nanda 7,East,West Bengal,Siliguri,Retail Store,Furniture,Desks,IKEA Linnmon Desk,1,8441.54,12,7428.56,5627.9,1800.66,Credit Card,Delivered,6.0
NR20250704290,2025-07-02,CUST00918,Siddharth Rao 31,South,Kerala,Kochi,Retail Store,Office Supplies,Printing,Epson 003 Ink Bottle,1,651.02,5,618.47,484.89,133.58,UPI,Delivered,3.0
NR20250202552,2025-02-05,CUST00886,Sakshi Jain 30,West,Maharashtra,Nashik,Retail Store,Furniture,Storage,Wooden Filing Cabinet,1,7653.36,10,6888.02,5461.48,1426.54,Cash,Delivered,4.0
NR20250902929,2025-09-25,CUST00892,Yash Agarwal 30,South,Andhra Pradesh,Visakhapatnam,Retail Store,Office Supplies,Printing,Epson 003 Ink Bottle,1,629.04,0,629.04,488.92,140.12,UPI,Delivered,3.0
NR20251000118,2025-10-17,CUST00903,Aditya Verma 31,Central,Madhya Pradesh,Bhopal,Corporate,Accessories,Cables,Belkin USB-C Cable,10,1149.45,18,9425.49,6691.76,2733.73,Credit Card,Delivered,4.0
NR20250300646,2025-03-22,CUST00127,Ishaan Kapoor 5,South,Andhra Pradesh,Vijayawada,Corporate,Office Supplies,Paper,JK Copier A4 Paper Ream,15,306.37,7,4273.86,3276.74,997.12,Debit Card,Delivered,2.0
NR20251100004,2025-11-10,CUST00361,Aarav Sharma 13,South,Andhra Pradesh,Visakhapatnam,Retail Store,Electronics,Laptops,HP 15s,1,54390.31,14,46775.67,40155.36,6620.31,UPI,Delivered,3.0
NR20250804171,2025-08-08,CUST00484,Ananya Iyer 17,East,Assam,Guwahati,Online,Furniture,Office Chairs,Green Soul Monster Chair,2,15031.91,7,27959.35,20495.42,7463.93,Debit Card,Delivered,6.0
NR20251000468,2025-10-01,CUST00749,Mohit Saxena 25,South,Telangana,Hyderabad,Online,Electronics,Laptops,Acer Aspire 5,1,59272.29,14,50974.17,43228.26,7745.91,Debit Card,Delivered,4.0
NR20250400006,2025-04-08,CUST00828,Siddharth Rao 28,South,Kerala,Kochi,Retail Store,Office Supplies,Stationery,Kangaro Stapler Set,3,283.2,5,807.12,602.54,204.58,Credit Card,Delivered,1.0
NR20250300920,2025-03-23,CUST00567,Aman Arora 19,Central,Madhya Pradesh,Indore,Corporate,Electronics,Audio,boAt Airdopes 141,3,1396.95,2,4107.03,2912.24,1194.79,UPI,Delivered,3.0
NR20251002596,2025-10-28,CUST01085,Arjun Nair 37,East,Bihar,Patna,Corporate,Accessories,Cables,Portronics HDMI Cable,5,621.33,12,2733.85,1787.04,946.81,Net Banking,Delivered,6.0
NR20250301064,2025-03-01,CUST00717,Aman Arora 24,West,Gujarat,Vadodara,Online,Accessories,Keyboards,Logitech K120 Keyboard,1,845.2,15,718.42,525.36,193.06,UPI,Delivered,1.0
NR20250402591,2025-04-27,CUST01090,Meera Joshi 37,South,Andhra Pradesh,Vijayawada,Retail Store,Electronics,Cameras,Canon EOS 1500D,2,45526.51,10,81947.72,71899.49,10048.23,Credit Card,Delivered,4.0
NR20251000243,2025-10-18,CUST00933,Aditya Verma 32,West,Gujarat,Ahmedabad,Online,Furniture,Storage,Metal Office Cabinet,1,8695.11,10,7825.6,5997.89,1827.71,UPI,Delivered,4.0
NR20251201161,2025-12-10,CUST00159,Karan Malhotra 6,Central,Madhya Pradesh,Bhopal,Retail Store,Furniture,Office Chairs,Green Soul Monster Chair,5,14286.16,18,58573.26,41722.38,16850.88,Credit Card, Delivered,4.0
NR20251002871,2025-10-02,CUST00900,Sneha Pillai 30,North,Delhi,Delhi,Retail Store,Accessories,Power Banks,Ambrane 20000mAh Power Bank,1,1707.49,17,1417.22,1114.45,302.77,UPI,Returned,3.0
NR20250903736,2025-09-08,CUST00837,Aman Arora 28,North,Punjab,Ludhiana,Online,Office Supplies,Printing,HP 805 Ink Cartridge,2,1239.3,10,2230.74,1798.52,432.22,Credit Card,Delivered,2.0
NR20250602398,2025-06-26,CUST00071,Nikhil Patil 3,north,Punjab,Ludhiana,Retail Store,Accessories,Cables,Portronics HDMI Cable,1,657.64,2,644.49,458.72,185.77,UPI,Delivered,4.0
NR20250803518,2025-08-08,CUST00385,Manish Tiwari 13,East,Odisha,Bhubaneswar,Online,Furniture,Office Chairs,Featherlite Astro Chair,3,10668.3,10,28804.41,20539.76,8264.65,Credit Card,Delivered,3.0
NR20250103422,2025-01-10,CUST00219,Karan Malhotra 8,South,Tamil Nadu,Chennai,Online,Office Supplies,Files,Solo Executive File Pack,4,526.99,7,1960.4,1509.86,450.54,Net Banking,Delivered,4.0
NR20250802564,2025-08-27,CUST01200,Sneha Pillai 40,Central,Madhya Pradesh,Bhopal,Retail Store,Office Supplies,Printing,HP 805 Ink Cartridge,5,1302.93,0,6514.65,5196.79,1317.86,Credit Card,Delivered,4.0
NR20251001606,2025-10-30,CUST00295,Manish Tiwari 10,North,Delhi,Delhi,Online,Electronics,Cameras,Canon EOS 1500D,1,47140.72,15,40069.61,34246.76,5822.85,Debit Card,Delivered,6.0
NR20251104897,2025-11-17,CUST00150,Sneha Pillai 5,Central,Madhya Pradesh,Bhopal,Retail Store,Office Supplies,Printing,Epson 003 Ink Bottle,3,637.99,12,1684.29,1312.78,371.51,Debit Card,Delivered,3.0
NR20250602325,2025-06-06,CUST00911,Nikhil Patil 31,North,Punjab,Ludhiana,Retail Store,Electronics,Laptops,Acer Aspire 5,1,61848.28,15,52571.04,44701.71,7869.33,UPI,Delivered,4.0
NR20250602710,2025-06-18,CUST00748,Isha Banerjee 25,North,Uttar Pradesh,Noida,Online,Electronics,Smartphones,OnePlus Nord CE,1,24570.29,9,22358.96,19755.23,2603.73,Net Banking,Delivered,5.0
NR20250804461,2025-08-29,CUST01043,Neha Chawla 35,West,Gujarat,Vadodara,Retail Store,Furniture,Office Chairs,Green Soul Monster Chair,1,14453.75,7,13441.99,10014.02,3427.97,UPI,Delivered,3.0
NR20250101313,2025-01-13,CUST01022,Aditi Mehta 35,North,Rajasthan,Jaipur,Retail Store,Electronics,Smartphones,OnePlus Nord CE,1,25113.11,12,22099.54,20331.58,1767.96,Cash,Delivered,3.0
NR20251203449,2025-12-19,CUST00102,Pooja Singh 4,West,Maharashtra,Nashik,Online,Electronics,Laptops,HP 15s,1,52843.63,7,49144.58,42377.52,6767.06,Credit Card,Delivered,4.0
NR20250203813,2025-02-28,CUST00930,Sneha Pillai 31,West,Gujarat,Ahmedabad,Online,Accessories,Mice,Logitech M331 Mouse,5,1440.02,0,7200.1,5226.43,1973.67,UPI,Delivered,6.0
NR20250904764,2025-09-10,CUST00901,Aarav Sharma 31,West,Maharashtra,Nagpur,Online,Office Supplies,Stationery,Kangaro Stapler Set,4,288.23,7,1072.22,781.76,290.46,Net Banking,Delivered,4.0
NR20250702363,2025-07-27,CUST00443,Neha Chawla 15,Central,Chhattisgarh, Bilaspur,Retail Store,Electronics,Laptops,Acer Aspire 5,2,60317.47,12,106158.75,91199.24,14959.51,UPI,Delivered,7.0
NR20250801976,2025-08-02,CUST00478,Isha Banerjee 16,North,Uttar Pradesh,Noida,Corporate,Furniture,Storage,Metal Office Cabinet,8,8913.66,9,64891.44,49705.39,15186.05,Credit Card,Delivered,7.0
NR20251003515,2025-10-14,CUST00657,Aman Arora 22,North,Punjab,Ludhiana,Retail Store,Office Supplies,Writing,Classmate Notebook Pack,3,442.01,15,1127.13,810.53,316.6,Debit Card,Delivered,4.0
NR20250901762,2025-09-07,CUST00162,Pooja Singh 6,West,Maharashtra,Pune,Corporate,Furniture,Office Chairs,Featherlite Astro Chair,5,10830.55,5,51445.11,36888.26,14556.85,UPI,Delivered,4.0
NR20250202740,2025-02-28,CUST00908,Kavya Reddy 31,West,Gujarat,Ahmedabad,Online,Accessories,Mice,Logitech M331 Mouse,4,1402.08,15,4767.07,3485.92,1281.15,UPI,Delivered,2.0
NR20250904726,2025-09-07,CUST00253,Rahul Gupta 9,EAST,Bihar,Patna,Retail Store,Furniture,Office Chairs,Featherlite Astro Chair,3,10618.81,7,29626.48,21017.99,8608.49,Debit Card,Returned,8.0
NR20250302473,2025-03-28,CUST00669,Karan Malhotra 23,East,West Bengal,Kolkata,Retail Store,Accessories,Cables,Belkin USB-C Cable,1,1107.17,2,1085.03,769.37,315.66,Debit Card,Delivered,3.0
NR20251104008,2025-11-15,CUST00190,Meera Joshi 7,Central,Chhattisgarh,Bilaspur,Retail Store,Electronics,Audio,boAt Airdopes 141,1,1411.37,12,1242.01,924.02,317.99,Credit Card,Delivered,5.0
NR20250501494,2025-05-18,CUST00054,Priya Nanda 2,West,Gujarat,Surat,Retail Store,Accessories,Cables,Portronics HDMI Cable,1,661.63,5,628.55,441.88,186.67,UPI,Delivered,1.0
NR20250604207,2025-06-08,CUST00454,Ananya Iyer 16,South,Karnataka,Bengaluru,Retail Store,Accessories,Webcams,Logitech C270 Webcam,1,2463.81,10,2217.43,1695.84,521.59,UPI,Delivered,6.0
NR20250602159,2025-06-19,CUST00783,Aditya Verma 27,West,Gujarat,Vadodara,Online,Accessories,Mice,Logitech M331 Mouse,1,1453.74,2,1424.67,1034.38,390.29,Credit Card,Delivered,4.0
NR20250101170,2025-01-05,CUST01242,Pooja Singh 42,West,Maharashtra,Nagpur,Corporate,Accessories,Cables,Portronics HDMI Cable,3,651.75,12,1720.62,1190.22,530.4,Net Banking,Delivered,6.0
NR20251104581,2025-11-23,CUST00464,Riya Das 16,East,West Bengal,Kolkata,Retail Store,Office Supplies,Paper,JK Copier A4 Paper Ream,4,317.09,7,1179.57,909.95,269.62,Cash,Delivered,1.0
NR20250700233,2025-07-05,CUST00995,Arjun Nair 34,West,Maharashtra,Nagpur,Retail Store,Office Supplies,Printing,HP 805 Ink Cartridge,1,1190.1,0,1190.1,955.29,234.81,Debit Card,Delivered,2.0
NR20250700067,2025-07-28,CUST00663,Aditya Verma 23,East,Assam,Guwahati,Retail Store,Furniture,Office Chairs,Featherlite Astro Chair,1,10617.69,7,9874.45,6718.05,3156.4,UPI,Delivered,5.0
NR20250401604,2025-04-26,CUST00074,Riya Das 3,South,Kerala,Kochi,Online,Electronics,Smartphones,Samsung Galaxy M35,3,20834.21,9,56877.39,49619.8,7257.59,Credit Card,Delivered,5.0
NR20250803284,2025-08-19,CUST00875,Arjun Nair 30,West,Maharashtra,Pune,Retail Store,Electronics,Laptops,Acer Aspire 5,3,58727.08,10,158563.12,130609.79,27953.33,UPI,Delivered,3.0
NR20251203597,2025-12-14,CUST00889,Tanvi Deshmukh 30,Central,Madhya Pradesh,Indore,Retail Store,Office Supplies,Printing,HP 805 Ink Cartridge,3,1283.66,12,3388.86,2818.99,569.87,Cash,Delivered,4.0
NR20250400126,2025-04-14,CUST00683,Neha Chawla 23,West,Gujarat,Surat,Retail Store,Furniture,Desks,Wooden Study Desk,2,6548.25,7,12179.74,8966.82,3212.92,UPI,Delivered,5.0
NR20250201297,2025-02-12,CUST00422,Aditi Mehta 15,South,Andhra Pradesh,Vijayawada,Corporate,Accessories,Bags,American Tourister Laptop Bag,2,2582.94,7,4804.27,3612.53,1191.74,UPI,Delivered,4.0
NR20251001977,2025-10-05,CUST01028,Kavya Reddy 35,West,Gujarat,Surat,Online,Office Supplies,Stationery,Faber-Castell Marker Set,4,360.98,12,1270.65,976.72,293.93,Credit Card,Delivered,3.0
NR20250604582,2025-06-20,CUST00273,Aditya Verma 10,Central,Madhya Pradesh,Jabalpur,Online,Electronics,Cameras,Canon EOS 1500D,2,44187.37,7,82188.51,70727.79,11460.72,UPI,Delivered,1.0
NR20251204546,2025-12-14,CUST00733,Rahul Gupta 25,South,Telangana,Hyderabad,Retail Store,Furniture,Storage,Wooden Filing Cabinet,2,7555.94,15,12845.1,9774.58,3070.52,Credit Card,Delivered,2.0
NR20250502076,2025-05-06,CUST00936,Diya Shah 32,West,Gujarat,Vadodara,Retail Store,Accessories,Bags,American Tourister Laptop Bag,2,2489.76,5,4730.54,3528.73,1201.81,Debit Card,Delivered,3.0
NR20251003087,2025-10-31,CUST00639,Karan Malhotra 22,South,Telangana,Hyderabad,Online,Accessories,Cables,Portronics HDMI Cable,1,662.92,7,616.52,430.36,186.16,UPI,Delivered,2.0
NR20250904408,2025-09-17,CUST00160,Meera Joshi 6,Central,Chhattisgarh,Bilaspur,Retail Store,Accessories,Power Banks,Ambrane 20000mAh Power Bank,1,1701.5,12,1497.32,1185.34,311.98,Credit Card,Delivered,7.0
NR20250703346,2025-07-14,CUST00291,Vikram Sethi 10,Central,Madhya Pradesh,Bhopal,Retail Store,Electronics,Tablets,Lenovo Tab M11,4,17850.17,12,62832.6,53024.46,9808.14,UPI,Delivered,5.0
NR20250604529,2025-06-17,CUST01213,Rahul Gupta 41,West,Maharashtra,Pune,Online,Office Supplies,Stationery,Kangaro Stapler Set,8,286.07,15,1945.28,1518.31,426.97,Credit Card,Delivered,2.0
NR20250602798,2025-06-27,CUST00976,Sakshi Jain 33,West,Gujarat,Surat,Online,Electronics,Laptops,Acer Aspire 5,1,60005.86,10,54005.27,45325.97,8679.3,Debit Card,Delivered,3.0
NR20251000919,2025-10-17,CUST00690,Sneha Pillai 23,South,Karnataka,Mysuru,Retail Store,Office Supplies,Stationery,Kangaro Stapler Set,2,288.33,10,518.99,389.94,129.05,Cash,Delivered,1.0
NR20250101647,2025-01-15,CUST00740,Varun Bhatia 25,Central,Madhya Pradesh,Indore,Retail Store,Furniture,Desks,IKEA Linnmon Desk,1,8377.46,7,7791.04,5570.5,2220.54,Credit Card,Delivered,6.0
NR20251100365,2025-11-07,CUST00078,Siddharth Rao 3,East,Bihar,Patna,Online,Office Supplies,Stationery,Faber-Castell Marker Set,8,347.7,7,2586.89,1946.78,640.11,UPI,Delivered,4.0
NR20251003288,2025-10-25,CUST00859,Tanvi Deshmukh 29,Central,Madhya Pradesh,Jabalpur,Retail Store,Office Supplies,Files,Solo Executive File Pack,2,536.39,9,976.23,773.64,202.59,Credit Card,Delivered,5.0
NR20250402126,2025-04-20,CUST00478,Isha Banerjee 16,South,Karnataka,Mysuru,Online,Furniture,Desks,Wooden Study Desk,1,6422.29,2,6293.84,4839.85,1453.99,UPI,Delivered,3.0
NR20250104124,2025-01-25,CUST01249,Tanvi Deshmukh 42,East,West Bengal,Kolkata,Online,Furniture,Storage,Wooden Filing Cabinet,2,7829.57,10,14093.23,10498.28,3594.95,Credit Card,Delivered,8.0
NR20250400526,2025-04-04,CUST00046,Sakshi Jain 2,West,Goa,Goa,Retail Store,Accessories,Power Banks,Ambrane 20000mAh Power Bank,2,1729.59,0,3459.18,2750.87,708.31,Cash,Delivered,1.0
NR20250300056,2025-03-21,CUST00332,Aditi Mehta 12,West,Maharashtra,Nashik,Retail Store,Electronics,Cameras,Canon EOS 1500D ,2,46013.86,4,88346.61,75346.77,12999.84,UPI,Delivered,1.0
NR20250400639,2025-04-09,CUST00183,Aditya Verma 7,East,Odisha,Bhubaneswar,Retail Store,Electronics,Smartphones,Samsung Galaxy M35,1,21451.78,15,18234.01,16755.25,1478.76,Debit Card,Delivered,6.0
NR20251100303,2025-11-27,CUST00086,Simran Kaur 3,North,Punjab,Amritsar,Retail Store,Electronics,Cameras,Canon EOS 1500D,2,45090.89,7,83869.06,69846.11,14022.95,Cash,Delivered,4.0
NR20250502767,2025-05-21,CUST00486,Diya Shah 17,South,Telangana,Hyderabad,Corporate,Electronics,Laptops,HP 15s,8,53686.73,9,390839.39,329183.52,61655.87,Credit Card,Delivered,6.0
NR20250701277,2025-07-03,CUST00499,Tanvi Deshmukh 17,South,Telangana,Hyderabad,Online,Furniture,Storage,Wooden Filing Cabinet,1,7772.05,2,7616.61,6056.49,1560.12,Net Banking,Delivered,2.0
NR20250702056,2025-07-11,CUST00025,Manish Tiwari 1,East,Assam,Guwahati,Online,Furniture,Storage,Metal Office Cabinet,1,9289.86,5,8825.37,6942.13,1883.24,UPI,Cancelled,0.0
NR20250503645,2025-05-29,CUST00787,Ishaan Kapoor 27,North,Uttar Pradesh,Noida,Retail Store,Office Supplies,Stationery,Faber-Castell Marker Set,5,350.4,7,1629.36,1291.69,337.67,Credit Card,Delivered,3.0
NR20250604144,2025-06-21,CUST01134,Priya Nanda 38,West,Maharashtra,Nagpur,Online,Office Supplies,Writing,Classmate Notebook Pack,3,457.0,12,1206.48,898.81,307.67,UPI,Delivered,4.0
NR20250902879,2025-09-09,CUST01099,Tanvi Deshmukh 37,West,Maharashtra,Pune,Retail Store,Office Supplies,Paper,JK Copier A4 Paper Ream,2,313.89,7,583.84,451.99,131.85,Cash,Delivered,4.0
NR20250704203,2025-07-18,CUST00281,Nikhil Patil 10,North,Punjab,Amritsar,Retail Store,Furniture,Tables,Conference Table 6-Seater,1,28141.63,5,26734.55,21570.88,5163.67,UPI,Delivered,5.0
NR20251202287,2025-12-17,CUST01043,Neha Chawla 35,North,Delhi,Delhi,Online,Office Supplies,Stationery,Faber-Castell Marker Set,1,350.89,4,336.85,260.27,76.58,Credit Card,Delivered,3.0
NR20250902262,2025-09-29,CUST00865,Manish Tiwari 29,West,Maharashtra,Nagpur,Retail Store,Electronics,Smartphones,OnePlus Nord CE,1,26574.22,12,23385.31,21030.71,2354.6,UPI,Delivered,3.0
NR20250502297,2025-05-04,CUST01235,Arjun Nair 42,North,Uttarakhand,Dehradun,Retail Store,Electronics,Tablets,Lenovo Tab M11,2,18188.89,9,33103.78,28819.42,4284.36,Cash,Delivered,4.0
NR20250601754,2025-06-23,CUST00445,Manish Tiwari 15,South,Andhra Pradesh,Visakhapatnam,Retail Store,Office Supplies,Paper,JK Copier A4 Paper Ream,5,329.3,5,1564.17,1227.51,336.66,Debit Card,Delivered,3.0
NR20250501969,2025-05-22,CUST00993,Aditya Verma 34,West,Gujarat,Surat,Online,Electronics,Smartphones,Samsung Galaxy M35,2,21104.77,2,41365.35,37373.54,3991.81,Debit Card,Returned,9.0
NR20250904924,2025-09-03,CUST00633,Aditya Verma 22,West,Gujarat,Surat,Retail Store,Office Supplies,Paper,JK Copier A4 Paper Ream,3,320.35,0,961.05,754.34,206.71,Cash,Delivered,2.0
NR20250303118,2025-03-29,CUST00514,Ananya Iyer 18,East,West Bengal,Siliguri,Retail Store,Office Supplies,Writing,Cello Ball Pen Pack,3,178.11,5,507.61,353.99,153.62,Debit Card,Delivered,3.0
NR20251202394,2025-12-03,CUST00593,Neha Chawla 20,South,Karnataka,Bengaluru,Online,Electronics,Tablets,Lenovo Tab M11,2,18615.55,9,33880.3,29141.69,4738.61,Debit Card,Delivered,3.0
NR20250700524,2025-07-11,CUST00162,Pooja Singh 6,West,Maharashtra,Mumbai,Online,Accessories,Cables,Portronics HDMI Cable,2,628.18,10,1130.72,791.67,339.05,UPI,Delivered,3.0
NR20250503901,2025-05-05,CUST01060,Meera Joshi 36,West,Maharashtra,Nagpur,Online,Furniture,Tables,Conference Table 6-Seater,1,28447.84,2,27878.88,22045.74,5833.14,UPI,Delivered,7.0
NR20250103123,2025-01-07,CUST01028,Kavya Reddy 35,South,Karnataka,Mysuru,Retail Store,Office Supplies,Printing,HP 805 Ink Cartridge,4,1297.17,12,4566.04,3846.23,719.81,UPI,Delivered,1.0
NR20250604157,2025-06-29,CUST01061,Nikhil Patil 36,West,Gujarat,Surat,Retail Store,Furniture,Storage,Wooden Filing Cabinet,3,7973.32,0,23919.96,17902.36,6017.6,UPI,Delivered,1.0
NR20250501970,2025-05-19,CUST00388,Isha Banerjee 13,East,Jharkhand,Ranchi,Online,Electronics,Smartphones,OnePlus Nord CE,1,25776.74,12,22683.53,20046.53,2637.0,UPI,Delivered,6.0
NR20251200672,2025-12-27,CUST00668,Kavya Reddy 23,Central,Madhya Pradesh,Jabalpur,Online,Electronics,Audio,JBL Tune 770NC,2,7320.84,9,13323.93,9735.2,3588.73,UPI,Delivered,5.0
NR20250504189,2025-05-17,CUST01034,Riya Das 35,Central,Chhattisgarh,Raipur,Retail Store,Electronics,Smartphones,OnePlus Nord CE,1,24582.95,4,23599.63,20651.93,2947.7,Credit Card,Delivered,6.0
NR20250700667,2025-07-20,CUST00433,Rahul Gupta 15, North ,Uttarakhand,Dehradun,Retail Store,Office Supplies,Printing,Epson 003 Ink Bottle,2,661.68,7,1230.72,987.64,243.08,Cash,Cancelled,0.0
NR20250504401,2025-05-17,CUST00517,Ishaan Kapoor 18,South,Karnataka,Bengaluru,Online,Electronics,Audio,JBL Tune 770NC,1,7201.24,15,6121.05,4637.78,1483.27,Credit Card,Delivered,3.0
NR20250601888,2025-06-26,CUST00331,Aarav Sharma 12,South,Tamil Nadu,Chennai,Retail Store,Furniture,Desks,Wooden Study Desk,3,6614.37,7,18454.09,13475.36,4978.73,Debit Card,Delivered,4.0
NR20250603267,2025-06-10,CUST00961,Aarav Sharma 33,North,Uttarakhand,Dehradun,Corporate,Furniture,Office Chairs,Featherlite Astro Chair,5,10502.76,17,43586.45,30141.19,13445.26,Net Banking,Returned,6.0
NR20250800281,2025-08-26,CUST00325,Manish Tiwari 11,South,Karnataka,Bengaluru,Online,Accessories,Cables,Portronics HDMI Cable,3,617.99,10,1668.57,1152.52,516.05,UPI,Returned,10.0
NR20250301720,2025-03-21,CUST00340,Meera Joshi 12,South,Andhra Pradesh,Vijayawada,Online,Office Supplies,Stationery,Kangaro Stapler Set,3,272.09,15,693.83,494.1,199.73,UPI,Delivered,4.0
NR20250202948,2025-02-25,CUST01095,Rohan Kulkarni 37,North,Uttar Pradesh,Noida,Retail Store,Accessories,Mice,Logitech M331 Mouse,2,1450.02,2,2842.04,2105.7,736.34,UPI,Delivered,2.0
NR20250400900,2025-04-17,CUST00509,Mohit Saxena 17,South,Kerala,Kochi,Corporate,Accessories,Bags,Skybags Casual Backpack,10,1907.75,14,16406.65,12225.66,4180.99,Credit Card,Delivered,3.0
NR20250704919,2025-07-07,CUST00116,Simran Kaur 4,West,Goa,Goa,Retail Store,Accessories,Cables,Portronics HDMI Cable,3,640.27,5,1824.77,1267.98,556.79,Cash,Delivered,4.0
NR20250800761,2025-08-14,CUST00416,Simran Kaur 14,South,Telangana,Hyderabad,Online,Furniture,Storage,Metal Office Cabinet,1,9099.92,2,8917.92,6797.24,2120.68,Net Banking,Delivered,2.0
NR20250901907,2025-09-07,CUST00350,Varun Bhatia 12,South,Andhra Pradesh,Visakhapatnam,Online,Office Supplies,Printing,Epson 003 Ink Bottle,3,647.98,10,1749.55,1386.28,363.27,Debit Card,Delivered,1.0
NR20250304043,2025-03-30,CUST01101,Vikram Sethi 37,South,Karnataka,Mysuru,Retail Store,Office Supplies,Writing,Classmate Notebook Pack,5,455.75,7,2119.24,1554.24,565.0,UPI,Cancelled,0.0
NR20250403824,2025-04-20,CUST00866,Simran Kaur 29,Central,Chhattisgarh,Bilaspur,Online,Furniture,Storage,Wooden Filing Cabinet,1,7974.08,18,6538.75,5048.23,1490.52,Debit Card,Delivered,5.0
NR20250504139,2025-05-21,CUST00437,Shreya Menon 15,North,Punjab,Amritsar,Retail Store,Electronics,Tablets,Lenovo Tab M11,1,18356.89,4,17622.61,14645.88,2976.73,Cash,Delivered,5.0
NR20250303819,2025-03-17,CUST00172,Yash Agarwal 6,West,Maharashtra,Nashik,Online,Furniture,Desks,IKEA Linnmon Desk,3,8636.14,0,25908.42,19544.56,6363.86,UPI,Delivered,5.0
NR20250704301,2025-07-06,CUST00112,Yash Agarwal 4,West,Maharashtra,Pune,Online,Electronics,Audio,JBL Tune 770NC,1,6967.12,14,5991.72,4574.69,1417.03,Credit Card,Delivered ,2.0
NR20251102594,2025-11-29,CUST01132,Yash Agarwal 38,West,Gujarat,Surat,Retail Store,Office Supplies,Paper,JK Copier A4 Paper Ream,3,320.96,4,924.36,707.5,216.86,UPI,Delivered,2.0
NR20250704165,2025-07-29,CUST01111,Aarav Sharma 38,South,Tamil Nadu,Chennai,Retail Store,Furniture,Desks,Wooden Study Desk,1,6281.63,0,6281.63,4640.56,1641.07,Debit Card,Delivered,5.0
NR20250403032,2025-04-09,CUST00503,Neha Chawla 17,West,Maharashtra,Nagpur,Corporate,Accessories,Cables,Belkin USB-C Cable,8,1060.84,14,7298.58,4997.82,2300.76,UPI,Delivered,5.0
NR20251003580,2025-10-03,CUST00508,Isha Banerjee 17,West,Gujarat,Ahmedabad,Online,Electronics,Smartphones,OnePlus Nord CE,2,25141.82,5,47769.46,42308.8,5460.66,Credit Card,Delivered,6.0
NR20251002833,2025-10-30,CUST00180,Sneha Pillai 6,West,Maharashtra,Mumbai,Corporate,Office Supplies,Writing,Cello Ball Pen Pack,10,182.63,9,1661.93,1169.65,492.28,Net Banking,Delivered,2.0
NR20250803473,2025-08-03,CUST00587,Shreya Menon 20,North,Uttar Pradesh,Noida,Online,Electronics,Audio,boAt Airdopes 141,1,1417.93,7,1318.67,946.31,372.36,Credit Card,Delivered,4.0
NR20250400138,2025-04-03,CUST00915,Rohan Kulkarni 31,Central,Madhya Pradesh,Gwalior,Online,Electronics,Audio,JBL Tune 770NC,1,7043.18,9,6409.29,4842.75,1566.54,Net Banking,Delivered,4.0
NR20250702181,2025-07-12,CUST00697,Ishaan Kapoor 24,West,Gujarat,Ahmedabad,Online,Office Supplies,Writing,Classmate Notebook Pack,10,470.98,2,4615.6,3502.6,1113.0,UPI,Delivered,5.0
NR20251202129,2025-12-02,CUST00089,Mohit Saxena 3,West,Maharashtra,Mumbai,Online,Office Supplies,Writing,Classmate Notebook Pack,8,443.19,0,3545.52,2551.98,993.54,Net Banking,Delivered,5.0
NR20250403178,2025-04-09,CUST01169,Mohit Saxena 39,Central,Madhya Pradesh,Bhopal,Corporate,Furniture,Storage,Metal Office Cabinet,5,9246.79,12,40685.88,31179.92,9505.96,Credit Card,Delivered,6.0
NR20250304430,2025-03-04,CUST01217,Shreya Menon 41,West,Gujarat,Surat,Online,Accessories,Power Banks,Ambrane 20000mAh Power Bank,2,1694.76,10,3050.57,2402.29,648.28,UPI,Delivered,3.0
NR20251004262,2025-10-02,CUST00257,Shreya Menon 9,Central,Madhya Pradesh,Jabalpur,Online,Electronics,Laptops,Acer Aspire 5,3,62155.62,5,177143.52,152180.72,24962.8,UPI,Delivered,5.0
NR20250604345,2025-06-03,CUST00470,Varun Bhatia 16,South,Karnataka,Bengaluru,Retail Store,Office Supplies,Stationery,Kangaro Stapler Set,1,281.46,7,261.76,198.42,63.34,UPI,Delivered,2.0
NR20250601332,2025-06-02,CUST00715,Manish Tiwari 24,East,Odisha,Bhubaneswar,Online,Electronics,Laptops,Acer Aspire 5,1,61715.19,15,52457.91,44204.27,8253.64,UPI,Delivered,5.0
NR20250702018,2025-07-09,CUST00638,Kavya Reddy 22,West,Gujarat,Ahmedabad,Online,Office Supplies,Paper,JK Copier A4 Paper Ream,4,309.26,5,1175.19,917.24,257.95,Credit Card,Delivered,3.0
NR20250302483,2025-03-17,CUST00993,Aditya Verma 34,North,Punjab,Ludhiana,Retail Store,Office Supplies,Printing,Epson 003 Ink Bottle,3,630.45,15,1607.65,1302.82,304.83,UPI,Delivered,1.0
NR20250501359,2025-05-25,CUST01149,Karan Malhotra 39,South,Karnataka,Mysuru,Online,Electronics,Laptops,HP 15s,1,53020.42,12,46657.97,40496.55,6161.42,Credit Card,Delivered,4.0
NR20250501330,2025-05-01,CUST00243,Aditya Verma 9,South,Tamil Nadu,Coimbatore,Retail Store,Electronics,Smartphones,OnePlus Nord CE,2,24627.96,12,43345.21,38929.33,4415.88,Debit Card,Delivered,1.0
NR20250202151,2025-02-07,CUST00628,Isha Banerjee 21,South,Kerala,Kochi,Online,Office Supplies,Printing,Epson 003 Ink Bottle,3,642.69,10,1735.26,1378.18,357.08,UPI,Delivered,1.0
NR20250402123,2025-04-17,CUST00153,Aditya Verma 6,East,West Bengal,Siliguri,Online,Electronics,Laptops,HP 15s,2,53207.82,17,88324.98,73758.64,14566.34,Net Banking,Delivered,5.0
NR20250903982,2025-09-13,CUST00612,Pooja Singh 21,South,Andhra Pradesh,Vijayawada,Retail Store,Furniture,Desks,IKEA Linnmon Desk,1,8344.05,2,8177.17,6144.27,2032.9,UPI,Delivered,4.0
NR20250101253,2025-01-11,CUST00172,Yash Agarwal 6,South,Karnataka,Bengaluru,Online,Office Supplies,Stationery,Kangaro Stapler Set,3,281.01,5,800.88,593.29,207.59,UPI,Delivered,4.0
NR20251203279,2025-12-12,CUST00510,Sneha Pillai 17,North,Uttarakhand,Dehradun,Online,Office Supplies,Printing,HP 805 Ink Cartridge,8,1307.55,7,9728.17,8049.15,1679.02,UPI,Delivered,5.0
NR20251003375,2025-10-22,CUST00919,Tanvi Deshmukh 31,North,Punjab,Amritsar,Online,Electronics,Tablets,Lenovo Tab M11,3,18070.33,20,43368.79,36396.72,6972.07,UPI,Delivered,4.0
NR20250502815,2025-05-19,CUST00958,Isha Banerjee 32,East,West Bengal,Kolkata,Retail Store,Office Supplies,Writing,Classmate Notebook Pack,5,454.49,5,2158.83,1670.55,488.28,Cash,Delivered,1.0
NR20250601849,2025-06-09,CUST01240,Meera Joshi 42,South,Tamil Nadu,Chennai,Online,Office Supplies,Printing,HP 805 Ink Cartridge,10,1266.63,7,11779.66,9449.94,2329.72,Debit Card,Delivered,1.0
NR20251103038,2025-11-28,CUST00062,Aditi Mehta 3,South,Tamil Nadu,Chennai,Online,Office Supplies,Writing,Cello Ball Pen Pack,2,180.22,7,335.21,237.83,97.38,Credit Card,Delivered,5.0
NR20250800389,2025-08-19,CUST01145,Arjun Nair 39,West,Maharashtra,Nashik,Online,Office Supplies,Printing,HP 805 Ink Cartridge,4,1278.89,15,4348.23,3602.98,745.25,UPI,Delivered,3.0
NR20250300236,2025-03-18,CUST00913,Rahul Gupta 31,East,Jharkhand,Ranchi,Corporate,Furniture,Office Chairs,Green Soul Monster Chair,3,14894.2,18,36639.73,27188.87,9450.86,Net Banking,Delivered,7.0
NR20250701078,2025-07-27,CUST00510,Sneha Pillai 17,South,Andhra Pradesh,Vijayawada,Retail Store,Furniture,Storage,Wooden Filing Cabinet,2,7946.56,7,14780.6,11159.06,3621.54,Cash,Delivered,2.0
NR20250201985,2025-02-20,CUST00347,Shreya Menon 12,South,Tamil Nadu,Chennai,Retail Store,Furniture,Storage,Metal Office Cabinet,1,9140.93,12,8044.02,6184.22,1859.8,UPI,Delivered,3.0
NR20250904364,2025-09-27,CUST00910,Meera Joshi 31,South,Karnataka,Bengaluru,Corporate,Electronics,Laptops,HP 15s,8,53356.7,17,354288.49,302229.14,52059.35,Credit Card,Delivered,6.0
NR20250503963,2025-05-12,CUST00091,Aarav Sharma 4,West,Maharashtra,Nashik,Online,Office Supplies,Paper,JK Copier A4 Paper Ream,2,321.97,2,631.06,479.26,151.8,Debit Card,Returned,7.0
NR20250900771,2025-09-11,CUST00688,Isha Banerjee 23,Central,Madhya Pradesh,Bhopal,Retail Store,Electronics,Cameras,Canon EOS 1500D,1,42690.47,5,40555.95,35261.35,5294.6,UPI,Delivered,4.0
NR20250502166,2025-05-05,CUST00863,Neha Chawla 29,West,Goa,Goa,Retail Store,Electronics,Laptops,HP 15s,3,54110.95,12,142852.91,124246.37,18606.54,UPI,Delivered,4.0
NR20251200674,2025-12-03,CUST00384,Priya Nanda 13,South,Tamil Nadu,Coimbatore,Online,Office Supplies,Files,Solo Executive File Pack,5,507.61,12,2233.48,1789.1,444.38,Credit Card,Delivered,3.0
NR20251100250,2025-11-22,CUST00606,Diya Shah 21,South,Karnataka,Bengaluru,Retail Store,Electronics,Audio,boAt Airdopes 141,1,1417.87,6,1332.8,964.39,368.41,UPI,Delivered,4.0
NR20250901575,2025-09-30,CUST00110,Varun Bhatia 4,South,Andhra Pradesh,Vijayawada,Online,Electronics,Tablets,Lenovo Tab M11,1,18181.25,10,16363.12,13773.96,2589.16,Net Banking,Delivered,4.0
NR20250103420,2025-01-08,CUST00232,Yash Agarwal 8,South,Kerala,Kochi,Online,Accessories,Cables,Belkin USB-C Cable,1,1073.77,7,998.61,706.5,292.11,Credit Card,Delivered,2.0
NR20250602082,2025-06-21,CUST01045,Manish Tiwari 35,East,West Bengal,Siliguri,Online,Furniture,Office Chairs,Featherlite Astro Chair,2,11367.69,10,20461.84,14395.06,6066.78,UPI,Delivered,5.0
NR20250701824,2025-07-26,CUST00529,Tanvi Deshmukh 18,South,Telangana,Hyderabad,Retail Store,Furniture,Desks,Wooden Study Desk,1,6563.36,5,6235.19,4636.96,1598.23,Cash,Delivered,2.0
NR20250800717,2025-08-06,CUST00388,Isha Banerjee 13,Central,Madhya Pradesh,Bhopal,Retail Store,Office Supplies,Files,Solo Executive File Pack,1,495.23,7,460.56,370.44,90.12,Credit Card,Delivered,5.0
NR20251104735,2025-11-09,CUST01056,Diya Shah 36,West,Maharashtra,Pune,Online,Office Supplies,Writing,Cello Ball Pen Pack,4,181.58,15,617.37,445.92,171.45,Credit Card,Delivered,5.0
NR20250502049,2025-05-16,CUST00871,Aarav Sharma 30,West,Maharashtra,Mumbai,Online,Furniture,Storage,Wooden Filing Cabinet,1,7815.7,10,7034.13,5307.81,1726.32,Credit Card,Delivered,3.0
NR20251004179,2025-10-27,CUST00893,Neha Chawla 30,East,West Bengal,Kolkata,Online,Office Supplies,Writing,Classmate Notebook Pack,8,459.54,4,3529.27,2658.36,870.91,UPI,Delivered,3.0
NR20251102725,15/11/2025,CUST00344,Riya Das 12,West,Gujarat,Surat,Retail Store,Office Supplies,Printing,HP 805 Ink Cartridge,4,1236.73,7,4600.64,3771.38,829.26,Credit Card,Delivered,1.0
NR20250504586,2025-05-27,CUST00145,Manish Tiwari 5,West,Maharashtra,Mumbai,Retail Store,Electronics,Audio,JBL Tune 770NC,1,7147.39,4,6861.49,5298.02,1563.47,UPI,Delivered,1.0
NR20250701461,30/07/2025,CUST01023,Aditya Verma 35,West,Goa,Goa,Retail Store,Furniture,Desks,Wooden Study Desk,1,6395.81,7,5948.1,4482.28,1465.82,UPI,Delivered,3.0
NR20251101669,2025-11-27,CUST00409,Tanvi Deshmukh 14,North,Uttar Pradesh,Lucknow,Retail Store,Electronics,Audio,boAt Airdopes 141,2,1460.84,12,2571.08,1840.62,730.46,Debit Card,Delivered,2.0
NR20250902757,2025-09-11,CUST01101,Vikram Sethi 37,South,Tamil Nadu,Chennai,Corporate,Electronics,Monitors,LG 24MP60G,20,12510.13,22,195158.03,163887.37,31270.66,Credit Card,Delivered,3.0
NR20250902001,2025-09-11,CUST00093,Aditya Verma 4,East,West Bengal,Kolkata,Online,Accessories,Mice,Logitech M331 Mouse,2,1472.86,10,2651.15,1910.24,740.91,Credit Card,Delivered,4.0
NR20250300405,2025-03-06,CUST00311,Nikhil Patil 11,West,Maharashtra,Nashik,Retail Store,Office Supplies,Stationery,Kangaro Stapler Set,3,295.41,10,797.61,595.93,201.68,Credit Card,Delivered,1.0
NR20250500385,2025-05-10,CUST01203,Aditya Verma 41,North,Delhi,Delhi,Retail Store,Office Supplies,Printing,Epson 003 Ink Bottle,4,665.07,18,2181.43,1787.85,393.58,UPI,Delivered,5.0
NR20250404557,2025-04-14,CUST01028,Kavya Reddy 35,South,Tamil Nadu,Coimbatore,Online,Office Supplies,Paper,JK Copier A4 Paper Ream,2,310.06,5,589.11,462.26,126.85,Debit Card,Delivered,3.0
NR20250902153,2025-09-24,CUST00860,Varun Bhatia 29,South,Andhra Pradesh,Visakhapatnam,Retail Store,Electronics,Monitors,LG 24MP60G,2,11863.75,18,19456.55,15871.48,3585.07,Cash,Delivered,1.0
NR20250901634,2025-09-29,CUST00917,Shreya Menon 31,West,Gujarat,Vadodara,Online,Accessories,Power Banks,Ambrane 20000mAh Power Bank,1,1629.14,5,1547.68,1148.3,399.38,Credit Card,Delivered,4.0
NR20250804651,2025-08-30,CUST00107,Shreya Menon 4,East,Jharkhand,Ranchi,Online,Electronics,Laptops,HP 15s,2,55816.81,2,109400.95,93971.7,15429.25,UPI,Delivered,3.0
NR20250103926,2025-01-18,CUST00113,Neha Chawla 4,South,Tamil Nadu,Coimbatore,Retail Store,Office Supplies,Printing,HP 805 Ink Cartridge,2,1261.92,5,2397.65,1967.04,430.61,Debit Card,Delivered,2.0
NR20251004159,2025-10-04,CUST01052,Aditi Mehta 36,West,Gujarat,Vadodara,Online,Furniture,Desks,IKEA Linnmon Desk,2,8398.75,15,14277.88,10404.39,3873.49,UPI,Delivered,4.0
NR20250500224,2025-05-06,CUST00361,Aarav Sharma 13,West,Maharashtra,Nashik,Retail Store,Electronics,Audio,JBL Tune 770NC,1,7159.04,5,6801.09,5123.25,1677.84,UPI,Delivered,3.0
NR20250402194,2025-04-02,CUST00575,Arjun Nair 20,East,Odisha,Bhubaneswar,Online,Electronics,Smartphones,Samsung Galaxy M35,1,22859.85,5,21716.86,18898.06,2818.8,Credit Card,Delivered,7.0
NR20250803137,2025-08-19,CUST00228,Siddharth Rao 8,East,West Bengal,Siliguri,Retail Store,Furniture,Storage,Metal Office Cabinet,2,9118.25,12,16048.12,12445.7,3602.42,Cash,Delivered,7.0
NR20250104470,2025-01-25,CUST01028,Kavya Reddy 35,North,Delhi,Delhi,Corporate,Accessories,Bags,American Tourister Laptop Bag,5,2540.44,12,11177.94,8081.71,3096.23,Debit Card,Delivered,3.0
NR20251001825,2025-10-16,CUST00220,Meera Joshi 8,South,Telangana,Hyderabad,Retail Store,Office Supplies,Files,Solo Executive File Pack,4,540.41,17,1794.16,1373.12,421.04,Cash,Delivered,2.0
NR20250304666,2025-03-03,CUST00149,Mohit Saxena 5,West,Maharashtra,Mumbai,Online,Office Supplies,Writing,Classmate Notebook Pack,8,440.9,7,3280.3,2459.06,821.24,Credit Card,Delivered,1.0
NR20250700798,2025-07-17,CUST01108,Isha Banerjee 37,West,Maharashtra,Nagpur,Online,Furniture,Office Chairs,Featherlite Astro Chair,3,10638.06,5,30318.47,22703.2,7615.27,UPI,Delivered,2.0
NR20250402872,2025-04-19,CUST01072,Yash Agarwal 36,South,Telangana,Hyderabad,Retail Store,Accessories,Cables,Portronics HDMI Cable,3,645.28,0,1935.84,1262.13,673.71,UPI,Delivered,4.0
NR20250300010,2025-03-04,CUST00727,Ishaan Kapoor 25,Central,Chhattisgarh,Bilaspur,Online,Office Supplies,Paper,JK Copier A4 Paper Ream,10,311.88,12,2744.54,2071.89,672.65,Credit Card,Delivered,11.0
NR20250101945,2025-01-09,CUST00310,Meera Joshi 11,West,Maharashtra,Pune,Retail Store,Accessories,Cables,Portronics HDMI Cable,1,704.41,0,704.41,481.84,222.57,UPI,Delivered,3.0
NR20250601839,2025-06-17,CUST00296,Simran Kaur 10,West,Maharashtra,Nashik,Retail Store,Accessories,Cables,Portronics HDMI Cable,1,644.23,5,612.02,411.91,200.11,Cash,Delivered,3.0
NR20250400256,2025-04-10,CUST00923,Neha Chawla 31,North,Delhi,Delhi,Online,Furniture,Desks,Wooden Study Desk,1,6657.34,5,6324.47,4838.29,1486.18,UPI,Delivered,4.0
NR20250604573,2025-06-28,CUST00893,Neha Chawla 30,East,West Bengal,Kolkata,Corporate,Office Supplies,Printing,Epson 003 Ink Bottle,5,662.89,2,3248.16,2557.53,690.63,UPI,Cancelled,0.0
NR20251001582,2025-10-07,CUST00265,,East,West Bengal,Siliguri,Corporate,Accessories,Cables,Belkin USB-C Cable,15,1055.86,7,14729.25,10113.72,4615.53,Net Banking,Cancelled,0.0
NR20250302957,2025-03-13,CUST00210,Sneha Pillai 7,North,Uttar Pradesh,Lucknow,Online,Office Supplies,Paper,JK Copier A4 Paper Ream,8,320.94,10,2310.77,1789.03,521.74,UPI,Cancelled,0.0
NR20250300925,2025-03-28,CUST00371,Nikhil Patil 13,West,Maharashtra,Mumbai,Corporate,Office Supplies,Printing,Epson 003 Ink Bottle,20,650.65,2,12752.74,10059.39,2693.35,Net Banking,Delivered,5.0
NR20250804600,2025-08-28,CUST00255,Rohan Kulkarni 9,west,Goa,Goa,Corporate,Electronics,Monitors,LG 24MP60G,15,12401.0,14,159972.9,130199.28,29773.62,Credit Card,Delivered,3.0
NR20250102509,2025-01-05,CUST00541,Aarav Sharma 19,North,Uttar Pradesh,Lucknow,Online,Furniture,Storage,Wooden Filing Cabinet,2,7517.57,0,15035.14,11852.53,3182.61,Net Banking,Returned,6.0
NR20250203776,2025-02-19,CUST00478,Isha Banerjee 16,South,Karnataka,Mysuru,Online,Furniture,Storage,Wooden Filing Cabinet,2,7597.06,15,12915.0,10285.71,2629.29,Credit Card,Delivered,2.0
NR20250504137,2025-05-19,CUST00477,Aman Arora 16,South,Telangana,Hyderabad,Online,Office Supplies,Files,Solo Executive File Pack,4,484.61,0,1938.44,1511.72,426.72,UPI,Delivered,1.0
NR20250102780,2025-01-19,CUST00657,Aman Arora 22,Central,Madhya Pradesh,Bhopal,Retail Store,Furniture,Storage,Wooden Filing Cabinet,3,7816.41,10,21104.31,16845.05,4259.26,Debit Card,Delivered,5.0
NR20250100540,2025-01-26,CUST00830,Varun Bhatia 28,South,Karnataka,Mysuru,Corporate,Office Supplies,Paper,JK Copier A4 Paper Ream,2,328.93,17,546.02,429.99,116.03,Net Banking,Delivered,7.0
NR20251202746,2025-12-24,CUST01109,Mohit Saxena 37,West,Maharashtra,Pune,Online,Accessories,Power Banks,Ambrane 20000mAh Power Bank,1,1695.45,12,1492.0,1150.66,341.34,UPI,Delivered,5.0
NR20250404563,2025-04-23,CUST00103,Rahul Gupta 4,North,Uttar Pradesh,Lucknow,Online,Furniture,Storage,Wooden Filing Cabinet,1,7832.42,5,7440.8,5828.02,1612.78,UPI,Delivered,3.0
NR20250404636,2025-04-12,CUST00579,Karan Malhotra 20,North,Delhi,Delhi,Online,Accessories,Cables,Portronics HDMI Cable,2,633.68,15,1077.26,739.0,338.26,Debit Card,Delivered,3.0
NR20250501146,2025-05-13,CUST00265,Manish Tiwari 9,Central,Chhattisgarh,Bilaspur,Retail Store,Electronics,Monitors,LG 24MP60G,1,12878.88,7,11977.36,9754.73,2222.63,Credit Card,Returned,5.0
NR20250404469,2025-04-14,CUST01052,Aditi Mehta 36,East,West Bengal,Siliguri,Online,Electronics,Audio,boAt Airdopes 141,2,1364.97,10,2456.95,1706.82,750.13,Credit Card,Cancelled,0.0
NR20250500668,2025-05-21,CUST01111,Aarav Sharma 38,West,Goa,Goa,Retail Store,Electronics,Laptops,Acer Aspire 5,1,61972.85,12,54536.11,46335.05,8201.06,Debit Card,Delivered,1.0
NR20250503020,2025-05-01,CUST00430,Meera Joshi 15,Central,Madhya Pradesh,Indore,Retail Store,Accessories,Mice,Logitech M331 Mouse,1,1436.05,5,1364.25,1001.33,362.92,Credit Card,Delivered,5.0
NR20250400358,2025-04-15,CUST00627,Aman Arora 21,West,Maharashtra,Pune,Retail Store,Electronics,Laptops,Acer Aspire 5,1,63571.54,12,55942.96,47768.63,8174.33,Credit Card,Pending,2.0
NR20250502832,2025-05-06,CUST00609,Karan Malhotra 21,South,Kerala,Kochi,Online,Office Supplies,Stationery,Kangaro Stapler Set,8,272.15,12,1915.94,1369.69,546.25,Net Banking,Pending,3.0
NR20250502784,2025-05-24,CUST00908,Kavya Reddy 31,North,Rajasthan,Jaipur,Retail Store,Office Supplies,Paper,JK Copier A4 Paper Ream,3,323.47,10,873.37,644.61,228.76,Cash,Delivered,3.0
NR20251201354,2025-12-04,CUST01196,Simran Kaur 40,North,Delhi,Delhi,Corporate,Accessories,Webcams,Logitech C270 Webcam,15,2558.6,14,33005.94,24735.86,8270.08,Credit Card,Delivered,4.0
NR20250800471,2025-08-10,CUST00180,Sneha Pillai 6,West,Maharashtra,Mumbai,Retail Store,Furniture,Storage,Wooden Filing Cabinet,2,7587.59,7,14112.92,10254.68,3858.24,Debit Card,Delivered,2.0
NR20250902704,2025-09-20,CUST00420,Sneha Pillai 14,West,Gujarat, Surat,Online,Office Supplies,Printing,HP 805 Ink Cartridge,2,1211.77,5,2302.36,1831.3,471.06,Credit Card,Delivered,3.0
NR20250603331,2025-06-15,CUST00862,Yash Agarwal 29,South,Karnataka,Bengaluru,Corporate,Electronics,Smartphones,OnePlus Nord CE,5,25054.2,14,107733.06,94763.46,12969.6,Net Banking,Returned,5.0
NR20251103638,2025-11-13,CUST00901,Aarav Sharma 31,South,Andhra Pradesh,Visakhapatnam,Retail Store,Furniture,Tables,Conference Table 6-Seater,2,28743.96,7,53463.77,40632.87,12830.9,Debit Card,Delivered,2.0
NR20250701397,2025-07-26,CUST01247,Shreya Menon 42,East,Jharkhand,Ranchi,Online,Office Supplies,Stationery,Kangaro Stapler Set,4,284.61,10,1024.6,763.58,261.02,UPI,Delivered,4.0
NR20250403585,2025-04-27,CUST00007,Ishaan Kapoor 1,West,Maharashtra,Pune,Online,Furniture,Tables,Conference Table 6-Seater,1,28677.72,10,25809.95,20355.41,5454.54,UPI,Delivered,5.0
NR20251204551,2025-12-21,CUST00965,Arjun Nair 33,North,Uttar Pradesh,Lucknow,Corporate,Electronics,Laptops,Acer Aspire 5,3,59672.12,13,155744.23,130562.34,25181.89,Credit Card,Delivered,4.0
NR20250903377,2025-09-07,CUST00055,Manish Tiwari 2,South,Karnataka,Bengaluru,Retail Store,Furniture,Storage,Wooden Filing Cabinet,2,7959.93,5,15123.87,11570.89,3552.98,Debit Card,Delivered,4.0
NR20250501257,2025-05-29,CUST00049,Tanvi Deshmukh 2,North,Delhi,Delhi,Online,Accessories,Webcams,Logitech C270 Webcam,1,2521.28,7,2344.79,1738.04,606.75,UPI,Delivered,3.0
NR20250903513,2025-09-24,CUST00331,Aarav Sharma 12,East,Jharkhand,Ranchi,Online,Accessories,Cables,Portronics HDMI Cable,2,648.23,7,1205.71,892.29,313.42,Net Banking,Delivered,6.0
NR20250301251,2025-03-10,CUST00202,Yash Agarwal 7,South,Andhra Pradesh,Visakhapatnam,Online,Office Supplies,Stationery,Kangaro Stapler Set,3,278.45,7,776.88,574.95,201.93,UPI,Delivered,3.0
NR20250704974,2025-07-17,CUST01071,Vikram Sethi 36,South,Tamil Nadu,Chennai,Online,Office Supplies,Printing,HP 805 Ink Cartridge,5,1248.44,5,5930.09,4840.06,1090.03,UPI,Delivered,3.0
NR20251004299,2025-10-22,CUST00944,Riya Das 32,South,Tamil Nadu,Coimbatore,Online,Furniture,Office Chairs,Green Soul Monster Chair,1,14160.89,7,13169.63,9467.96,3701.67,Debit Card,Delivered,3.0
NR20250203285,2025-02-10,CUST01192,Yash Agarwal 40,South,Telangana,Hyderabad,Corporate,Furniture,Desks,IKEA Linnmon Desk,1,8234.7,2,8070.01,5777.18,2292.83,Debit Card,Delivered,6.0
NR20250302934,2025-03-07,CUST00500,Varun Bhatia 17,Central,Madhya Pradesh,Gwalior,Corporate,Accessories,Cables,Belkin USB-C Cable,15,1080.55,2,15884.08,11500.98,4383.1,Credit Card,Delivered,5.0
NR20251104176,2025-11-02,CUST00501,Vikram Sethi 17,Central,Madhya Pradesh,Jabalpur,Online,Accessories,Power Banks,Ambrane 20000mAh Power Bank,1,1651.25,7,1535.66,1176.22,359.44,Net Banking,Delivered,3.0
NR20250701853,2025-07-07,CUST00672,Pooja Singh 23,South,Tamil Nadu,Chennai,Online,Furniture,Desks,IKEA Linnmon Desk,1,8774.69,7,8160.46,6060.49,2099.97,Credit Card,Delivered,2.0
NR20250804938,2025-08-15,CUST00409,Tanvi Deshmukh 14,North,Punjab,Amritsar,Retail Store,Furniture,Desks,Wooden Study Desk,3,6406.41,5,18258.27,13146.68,5111.59,Debit Card,Delivered,1.0
NR20250802106,2025-08-06,CUST01152,Pooja Singh 39,North,Uttar Pradesh,Lucknow,Retail Store,Accessories,Power Banks,Ambrane 20000mAh Power Bank,1,1678.13,7,1560.66,1265.86,294.8,UPI,Delivered,1.0
NR20250100134,2025-01-11,CUST01081,Aarav Sharma 37,West,Gujarat,Surat,Retail Store,Office Supplies,Stationery,Faber-Castell Marker Set,5,369.22,7,1716.87,1339.96,376.91,Credit Card,Delivered,3.0
NR20251000929,2025-10-07,CUST00325,Manish Tiwari 11,West,Maharashtra,Pune,Online,Electronics,Laptops,Acer Aspire 5,2,61061.23,9,111131.44,95449.31,15682.13,Debit Card,Delivered,6.0
NR20251000824,2025-10-16,CUST00061,Aarav Sharma 3,North,Chandigarh,Chandigarh,Retail Store,Office Supplies,Stationery,Faber-Castell Marker Set,4,365.95,5,1390.61,1010.4,380.21,UPI,Delivered,4.0
NR20250204608,2025-02-06,CUST00238,Isha Banerjee 8,East,West Bengal,Kolkata,Online,Furniture,Office Chairs,Featherlite Astro Chair,2,10231.55,7,19030.68,13895.19,5135.49,Credit Card,Delivered,5.0
NR20251101532,2025-11-22,CUST01067,Shreya Menon 36,South,Telangana,Hyderabad,Online,Electronics,Laptops,Acer Aspire 5,1,65231.37,12,57403.61,48202.28,9201.33,UPI,Delivered,4.0
NR20250101215,2025-01-24,CUST01231,Aarav Sharma 42,West,Goa,Goa,Online,Office Supplies,Paper,JK Copier A4 Paper Ream,8,320.14,10,2305.01,1712.79,592.22,Credit Card,Delivered,4.0
NR20250500505,2025-05-11,CUST00669,Karan Malhotra 23,Central,Madhya Pradesh,Jabalpur,Online,Accessories,Power Banks,Ambrane 20000mAh Power Bank,1,1752.69,10,1577.42,1215.9,361.52,Debit Card,Delivered,5.0
NR20250804286,2025-08-08,CUST00456,Diya Shah 16,Central,Chhattisgarh,Bilaspur,Retail Store,Electronics,Laptops,HP 15s,1,53611.36,10,48250.22,39996.02,8254.2,Debit Card,Delivered,6.0
NR20250101997,2025-01-12,CUST00480,Sneha Pillai 16,West,Gujarat,Surat,Corporate,Furniture,Office Chairs,Featherlite Astro Chair,8,10717.63,12,75452.12,53340.05,22112.07,Credit Card,Delivered,2.0
NR20250603073,2025-06-25,CUST00505,Manish Tiwari 17,West,Maharashtra,Pune,Retail Store,Electronics,Tablets,Lenovo Tab M11,2,17625.85,6,33136.6,27973.84,5162.76,Credit Card,Delivered,5.0
NR20251001959,2025-10-10,CUST00314,Riya Das 11,West,Gujarat,Surat,Corporate,Accessories,Power Banks,Ambrane 20000mAh Power Bank,8,1749.21,15,11894.63,8816.42,3078.21,Net Banking,Delivered,4.0
NR20250101385,2025-01-14,CUST00462,Pooja Singh 16,West,Gujarat,Surat,Online,Furniture,Office Chairs,Featherlite Astro Chair,1,10173.45,7,9461.31,6513.06,2948.25,UPI,Delivered,3.0
NR20250500895,2025-05-15,CUST00127,Ishaan Kapoor 5,Central,Chhattisgarh,Bilaspur,Corporate,Electronics,Laptops,HP 15s,20,55140.04,15,937380.68,832902.62,104478.06,Net Banking,Delivered,7.0
NR20251200456,2025-12-11,CUST00863,Neha Chawla 29,South,Andhra Pradesh,Visakhapatnam,Retail Store,Furniture,Storage,Metal Office Cabinet,3,9392.49,9,25641.5,20008.99,5632.51,Debit Card,Delivered,6.0
NR20250104703,2025-01-21,CUST00738,Siddharth Rao 25,East,Odisha,Bhubaneswar,Online,Office Supplies,Paper,JK Copier A4 Paper Ream,4,322.78,7,1200.74,909.92,290.82,UPI,Delivered,6.0
NR20250303710,2025-03-12,CUST00276,Diya Shah 10,South,Karnataka,Bengaluru,Online,Furniture,Tables,Conference Table 6-Seater,1,29219.67,5,27758.69,21695.15,6063.54,UPI,Delivered,6.0
NR20251104685,2025-11-05,CUST01148,Kavya Reddy 39,South,Telangana,Hyderabad,Corporate,Furniture,Storage,Wooden Filing Cabinet,3,7761.51,17,19326.16,14745.61,4580.55,Credit Card,Delivered,3.0
NR20251104269,2025-11-22,CUST00667,Ishaan Kapoor 23,East,Jharkhand,Ranchi,Online,Electronics,Audio,boAt Airdopes 141,1,1367.0,9,1243.97,897.14,346.83,UPI,Cancelled,0.0
NR20250603523,2025-06-20,CUST00350,Varun Bhatia 12,South,Telangana,Hyderabad,Online,Office Supplies,Stationery,Kangaro Stapler Set,5,285.66,0,1428.3,1029.78,398.52,UPI,Delivered,3.0
NR20251204135,2025-12-11,CUST00174,Priya Nanda 6,West,Maharashtra,Nashik,Online,Accessories,Webcams,Logitech C270 Webcam,1,2625.34,2,2572.83,1911.55,661.28,Credit Card,Delivered,4.0
NR20250403603,2025-04-03,CUST01234,Ananya Iyer 42,East,Jharkhand,Ranchi,Online,Furniture,Desks,Wooden Study Desk,3,6401.77,10,17284.78,12259.69,5025.09,UPI,Delivered,2.0
NR20251100714,2025-11-26,CUST00549,Karan Malhotra 19,North,Rajasthan,Jaipur,Retail Store,Office Supplies,Printing,HP 805 Ink Cartridge,4,1180.91,7,4392.99,3673.24,719.75,Credit Card,Delivered,2.0
NR20251004187,2025-10-13,CUST00612,Pooja Singh 21,East,West Bengal,Kolkata,Retail Store,Office Supplies,Writing,Cello Ball Pen Pack,5,177.58,4,852.38,623.54,228.84,Credit Card,Delivered,3.0
NR20250602215,2025-06-24,CUST01174,Ananya Iyer 40,South,Tamil Nadu,Chennai,Online,Office Supplies,Writing,Cello Ball Pen Pack,3,186.39,18,458.52,338.02,120.5,Credit Card,Delivered,3.0
NR20250902924,2025-09-02,CUST00353,Neha Chawla 12,Central,Madhya Pradesh,Indore,Corporate,Office Supplies,Writing,Cello Ball Pen Pack,8,174.56,12,1228.9,855.37,373.53,Net Banking,Delivered,6.0
NR20251201811,2025-12-12,CUST00887,Shreya Menon 30,West,Maharashtra,Mumbai,Online,Accessories,Cables,Portronics HDMI Cable,2,629.89,7,1171.6,786.22,385.38,UPI,Delivered,4.0
NR20250103487,2025-01-17,CUST00153,Aditya Verma 6,South,Karnataka,Bengaluru,Online,Accessories,Keyboards,Logitech K120 Keyboard,3,844.69,12,2229.98,1600.75,629.23,Debit Card,Delivered,3.0
NR20251103142,2025-11-10,CUST00524,Riya Das 18,East,West Bengal,Siliguri,Online,Accessories,Cables,Portronics HDMI Cable,1,652.39,7,606.72,423.42,183.3,Credit Card,Cancelled,0.0
NR20250101828,2025-01-06,CUST01177,Ishaan Kapoor 40,North,Uttar Pradesh,Noida,Retail Store,Electronics,Monitors,LG 24MP60G,2,12531.66,5,23810.15,19853.28,3956.87,Credit Card,Delivered,3.0
NR20250201156,2025-02-21,CUST00438,Siddharth Rao 15,South,Andhra Pradesh,Vijayawada,Online,Electronics,Audio,boAt Airdopes 141,4,1398.69,0,5594.76,4114.9,1479.86,Credit Card,Delivered,3.0
NR20250901325,2025-09-30,CUST00889,Tanvi Deshmukh 30,West,Goa,Goa,Retail Store,Office Supplies,Paper,JK Copier A4 Paper Ream,4,323.25,12,1137.84,867.76,270.08,Cash,Delivered,1.0
NR20250704313,2025-07-05,CUST00553,Rahul Gupta 19,South,Andhra Pradesh,Vijayawada,Online,Office Supplies,Stationery,Kangaro Stapler Set,1,285.52,10,256.97,199.38,57.59,UPI,Delivered,4.0
NR20250200511,2025-02-03,CUST00892,Yash Agarwal 30,North,Delhi,Delhi,Corporate,Office Supplies,Printing,HP 805 Ink Cartridge,5,1269.35,2,6219.81,5062.39,1157.42,Net Banking,Delivered,5.0
NR20250101681,06-Jan-2025,CUST00504,Priya Nanda 17,South,Karnataka,Bengaluru,Online,Accessories,Webcams,Logitech C270 Webcam,2,2447.53,18,4013.95,2958.61,1055.34,Debit Card,Delivered,3.0
NR20251200500,2025-12-16,CUST01105,Manish Tiwari 37,North,Uttar Pradesh,Lucknow,Retail Store,Office Supplies,Writing,Cello Ball Pen Pack,3,180.19,20,432.46,309.84,122.62,UPI,Delivered,4.0
NR20250304601,2025-03-04,CUST00631,Aarav Sharma 22,Central,Chhattisgarh,Raipur,Online,Furniture,Office Chairs,Featherlite Astro Chair,3,10456.34,7,29173.19,20508.65,8664.54,UPI,Delivered,4.0
NR20250101857,2025-01-27,CUST01007,Shreya Menon 34,South,Karnataka,Bengaluru,Online,Furniture,Tables,Conference Table 6-Seater,1,28615.24,5,27184.48,21399.74,5784.74,UPI,Delivered,5.0
NR20250601389,2025-06-11,CUST01109,Mohit Saxena 37,South,Karnataka,Bengaluru,Corporate,Furniture,Office Chairs,Green Soul Monster Chair,3,13802.38,7,38508.64,27770.59,10738.05,Net Banking,Delivered,7.0
NR20251203720,2025-12-07,CUST01161,Vikram Sethi 39,Central,Madhya Pradesh,Bhopal,Corporate,Furniture,Tables,Conference Table 6-Seater,15,30100.01,15,383775.13,292094.14,91680.99,Credit Card,Delivered,4.0
NR20250602387,2025-06-09,CUST01207,Ishaan Kapoor 41,North,Chandigarh,Chandigarh,Retail Store,Office Supplies,Paper,JK Copier A4 Paper Ream,3,315.33,2,927.07,697.99,229.08,Cash,Delivered,3.0
NR20250203237,2025-02-07,CUST00978,Siddharth Rao 33,West,Maharashtra,Mumbai,Retail Store,Furniture,Desks,Wooden Study Desk,1,6544.11,12,5758.82,4264.34,1494.48,Credit Card,Delivered,2.0
NR20250901541,2025-09-24,CUST00942,Pooja Singh 32,South,Telangana,Hyderabad,Retail Store,Electronics,Laptops,Acer Aspire 5,3,60722.62,10,163951.07,132588.22,31362.85,Cash,Delivered,1.0
NR20250401218,2025-04-15,CUST00142,Yash Agarwal 5,North,Chandigarh,Chandigarh,Online,Furniture,Storage,Wooden Filing Cabinet,1,7702.74,7,7163.55,5556.83,1606.72,Credit Card,Delivered,4.0
NR20250702682,2025-07-07,CUST01061,Nikhil Patil 36,West,Gujarat,Ahmedabad,Online,Accessories,Cables,Belkin USB-C Cable,4,1067.41,12,3757.28,2573.98,1183.3,Debit Card,Delivered,2.0
NR20250502994,2025-05-15,CUST00984,Priya Nanda 33,West,Gujarat,Surat,Retail Store,Accessories,Cables,Portronics HDMI Cable,1,659.9,2,646.7,450.43,196.27,UPI,Delivered,1.0
NR20250501192,2025-05-14,CUST00329,Mohit Saxena 11,South,Kerala,Kochi,Retail Store,Electronics,Smartphones,OnePlus Nord CE,2,24449.61,12,43031.31,37914.03,5117.28,Credit Card,Delivered,5.0
NR20250901543,2025-09-20,CUST00449,Mohit Saxena 15,EAST,Jharkhand,Ranchi,Online,Accessories,Mice,Logitech M331 Mouse,1,1364.89,12,1201.1,863.04,338.06,Net Banking,Delivered,4.0
NR20250803302,2025-08-09,CUST00370,Meera Joshi 13,South,Tamil Nadu,Chennai,Corporate,Electronics,Laptops,HP 15s,5,55459.04,9,252338.63,205637.72,46700.91,Debit Card,Delivered,3.0
NR20251203325,2025-12-10,CUST01154,Riya Das 39,East,Odisha,Bhubaneswar,Corporate,Electronics,Smartphones,OnePlus Nord CE,8,24580.9,20,157317.76,142139.62,15178.14,Net Banking,Delivered,6.0
NR20250302540,2025-03-08,CUST00136,Sakshi Jain 5,West,Gujarat,Ahmedabad,Retail Store,Electronics,Smartphones,Samsung Galaxy M35,3,22841.6,10,61672.32,53091.03,8581.29,Debit Card,Delivered,2.0
NR20250800954,2025-08-20,CUST00694,Ananya Iyer 24,West,Gujarat,Vadodara,Retail Store,Office Supplies,Files,Solo Executive File Pack,8,536.16,5,4074.82,3119.26,955.56,UPI,Delivered,2.0
NR20251204331,2025-12-28,CUST00987,Aman Arora 33,West,Maharashtra,Mumbai,Retail Store,Accessories,Cables,Portronics HDMI Cable,2,681.24,9,1239.86,828.53,411.33,Debit Card,Delivered,5.0
NR20250800733,2025-08-11,CUST00530,Varun Bhatia 18,East,Bihar,Patna,Online,Accessories,Mice,Logitech M331 Mouse,2,1480.37,5,2812.7,2082.28,730.42,Credit Card,Delivered,5.0
NR20250901157,2025-09-11,CUST00206,Simran Kaur 7,East,Assam,Guwahati,Retail Store,Furniture,Desks,Wooden Study Desk,1,6567.01,7,6107.32,4540.17,1567.15,Debit Card,Delivered,7.0
NR20250303295,2025-03-20,CUST00514,Ananya Iyer 18,West,Maharashtra,Mumbai,Online,Accessories,Mice,Logitech M331 Mouse,2,1469.36,0,2938.72,2193.39,745.33,UPI,Delivered,4.0
NR20251102983,2025-11-19,CUST00850,Meera Joshi 29,North,Uttarakhand,Dehradun,Retail Store,Electronics,Monitors,LG 24MP60G,2,12277.77,9,22345.54,19152.3,3193.24,Credit Card,Delivered,3.0
NR20250702157,2025-07-05,CUST00916,Sakshi Jain 31,North,Uttar Pradesh,Noida,Online,Electronics,Audio,boAt Airdopes 141,1,1448.73,19,1173.47,856.86,316.61,Net Banking,Delivered,2.0
NR20250501063,2025-05-10,CUST01192,Yash Agarwal 40,Central,Madhya Pradesh,Bhopal,Online,Electronics,Laptops,HP 15s,2,53791.72,14,92521.76,78725.71,13796.05,Credit Card,Delivered,3.0
NR20251102617,2025-11-27,CUST01009,Tanvi Deshmukh 34,East,Assam,Guwahati,Retail Store,Furniture,Storage,Metal Office Cabinet,1,9360.08,15,7956.07,6010.21,1945.86,UPI,Delivered,5.0
NR20250601168,2025-06-08,CUST01172,Aditi Mehta 40,North,Uttar Pradesh,Noida,Retail Store,Accessories,Mice,Logitech M331 Mouse,1,1480.51,10,1332.46,1005.79,326.67,Debit Card,Delivered,4.0
NR20250503223,2025-05-13,CUST00764,Riya Das 26,West,Maharashtra,Pune,Retail Store,Office Supplies,Writing,Classmate Notebook Pack,1,444.89,0,444.89,331.72,113.17,UPI,Delivered,2.0
NR20250703637,2025-07-12,CUST00936,Diya Shah 32,West,Maharashtra,Nagpur,Corporate,Electronics,Tablets,Lenovo Tab M11,1,18435.77,9,16776.55,14209.08,2567.47,Net Banking,Delivered,1.0
NR20250802939,2025-08-18,CUST00261,Vikram Sethi 9,Central,Chhattisgarh,Raipur,Online,Electronics,Laptops,Acer Aspire 5,1,61023.23,11,54310.67,47332.4,6978.27,UPI,Delivered,4.0
NR20250704492,2025-07-26,CUST00528,Siddharth Rao 18,East,Bihar,Patna,Retail Store,Accessories,Cables,Belkin USB-C Cable,3,1051.14,5,2995.75,2169.75,826.0,UPI,Delivered,3.0
NR20250803141,2025-08-08,CUST00511,Aarav Sharma 18,South,Andhra Pradesh,Vijayawada,Online,Furniture,Desks,IKEA Linnmon Desk,1,8445.7,12,7432.22,5550.02,1882.2,UPI,Delivered,6.0
NR20250600144,2025-06-04,CUST00578,Kavya Reddy 20,West,Gujarat,Ahmedabad,Online,Furniture,Tables,Conference Table 6-Seater,1,28969.88,0,28969.88,22537.19,6432.69,Credit Card,Delivered,3.0
NR20250903578,2025-09-07,CUST00237,Aman Arora 8,East,Assam,Guwahati,Retail Store,Accessories,Cables,Portronics HDMI Cable,3,665.49,10,1796.82,1239.16,557.66,Debit Card,Delivered,4.0
NR20251002783,2025-10-29,CUST00870,Sneha Pillai 29,north,Punjab,Amritsar,Retail Store,Office Supplies,Stationery,Faber-Castell Marker Set,2,362.95,20,580.72,445.53,135.19,UPI,Delivered,4.0
NR20251100718,2025-11-14,CUST00662,Aditi Mehta 23,East,Odisha,Bhubaneswar,Retail Store,Office Supplies,Printing,HP 805 Ink Cartridge,5,1320.29,12,5809.28,4801.95,1007.33,UPI,Delivered,6.0
NR20250301820,2025-03-01,CUST00717,Aman Arora 24,East,West Bengal,Siliguri,Retail Store,Furniture,Storage,Metal Office Cabinet,1,9446.08,5,8973.78,6837.74,2136.04,UPI,Delivered,8.0
NR20250402503,2025-04-10,CUST01182,Pooja Singh 40,South,Telangana,Hyderabad,Corporate,Furniture,Storage,Metal Office Cabinet,20,9005.93,10,162106.74,120950.13,41156.61,Credit Card,Delivered,6.0
NR20250804361,2025-08-04,CUST00592,Yash Agarwal 20,North,Uttar Pradesh,Lucknow,Online,Accessories,Mice,Logitech M331 Mouse,2,1509.63,2,2958.87,2097.18,861.69,UPI,Delivered,5.0
NR20250904172,2025-09-08,CUST00526,Sakshi Jain 18,South,Andhra Pradesh,Vijayawada,Retail Store,Accessories,Cables,Belkin USB-C Cable,2,1085.89,5,2063.19,1516.03,547.16,Cash,Delivered,3.0
NR20250700396,2025-07-17,CUST00112,Yash Agarwal 4,West,Maharashtra,Nagpur,Online,Electronics,Audio,boAt Airdopes 141,3,1372.94,12,3624.56,2725.06,899.5,Net Banking,Delivered,4.0
NR20250304905,2025-03-30,CUST00478,Isha Banerjee 16,Central,Madhya Pradesh,Gwalior,Retail Store,Furniture,Storage,Metal Office Cabinet,1,9678.0,5,9194.1,7241.74,1952.36,Cash,Delivered,6.0
NR20250404493,2025-04-11,CUST00907,Ishaan Kapoor 31,Central,Madhya Pradesh,Indore,Retail Store,Furniture,Storage,Wooden Filing Cabinet,1,7884.74,7,7332.81,5454.54,1878.27,UPI,Delivered,4.0
NR20250401366,2025-04-29,CUST01002,Pooja Singh 34,South,Andhra Pradesh,Vijayawada,Online,Electronics,Smartphones,Samsung Galaxy M35,2,21858.07,7,40656.01,35349.12,5306.89,UPI,Delivered,4.0
NR20251104623,2025-11-13,CUST00347,Shreya Menon 12,East,Assam,Guwahati,Online,Office Supplies,Writing,Classmate Notebook Pack,5,453.17,5,2152.56,1682.97,469.59,UPI,Delivered,4.0
NR20250800596,2025-08-01,CUST00029,Mohit Saxena 1,East,West Bengal,Kolkata,Online,Furniture,Office Chairs,Featherlite Astro Chair,3,9985.51,2,29357.4,20073.99,9283.41,UPI,Delivered,4.0
NR20250503953,2025-05-31,CUST00326,Simran Kaur 11,South,Andhra Pradesh,Vijayawada,Retail Store,Electronics,Audio,boAt Airdopes 141,1,1370.62,9,1247.26,908.96,338.3,Cash,Delivered,4.0
NR20250702915,2025-07-09,CUST00203,Neha Chawla 7,East,West Bengal,Kolkata,Corporate,Furniture,Office Chairs,Green Soul Monster Chair,5,14894.5,10,67025.25,49855.82,17169.43,Net Banking,Delivered,6.0
NR20251202327,2025-12-23,CUST00069,Karan Malhotra 3,North,Uttar Pradesh,Noida,Online,Electronics,Smartphones,Samsung Galaxy M35,1,22465.2,9,20443.33,17205.48,3237.85,Debit Card,Delivered,4.0
NR20251003767,2025-10-11,CUST01055,,West,Gujarat,Vadodara,Corporate,Office Supplies,Printing,HP 805 Ink Cartridge,15,1232.99,17,15350.73,12977.23,2373.5,UPI,Delivered,4.0
NR20251003441,2025-10-28,CUST00498,Siddharth Rao 17,South,Tamil Nadu,Coimbatore,Corporate,Electronics,Laptops,Acer Aspire 5,5,61720.61,11,274656.71,227279.1,47377.61,Credit Card,Delivered,3.0
NR20251103852,2025-11-21,CUST00038,Kavya Reddy 2,North,Uttar Pradesh,Lucknow,Retail Store,Electronics,Laptops,HP 15s,1,53701.94,19,43498.57,36005.9,7492.67,UPI,Delivered,2.0
NR20250904133,2025-09-07,CUST01078,Isha Banerjee 36,East,Jharkhand,Ranchi,Corporate,Accessories,Bags,Skybags Casual Backpack,5,1859.17,17,7715.56,5899.35,1816.21,Credit Card,Delivered,6.0
NR20251204656,2025-12-07,CUST00762,Pooja Singh 26,West,Gujarat,Vadodara,Online,Furniture,Office Chairs,Green Soul Monster Chair,2,14408.4,12,25358.78,18629.1,6729.68,Net Banking,Delivered,6.0
NR20250902144,2025-09-01,CUST00888,Siddharth Rao 30,North,Punjab,Ludhiana,Online,Furniture,Storage,Metal Office Cabinet,1,9488.29,7,8824.11,6461.69,2362.42,UPI,Delivered,1.0
NR20250701572,2025-07-16,CUST00226,Sakshi Jain 8,Central,Madhya Pradesh,Indore,Online,Office Supplies,Paper,JK Copier A4 Paper Ream,8,326.16,7,2426.63,1803.76,622.87,UPI,Delivered,5.0
NR20250904080,2025-09-26,CUST00358,Isha Banerjee 12,East,West Bengal,Kolkata,Corporate,Furniture,Desks,Wooden Study Desk,2,6438.33,4,12361.59,8944.58,3417.01,Credit Card,Delivered,4.0
NR20250801123,2025-08-10,CUST01190,Varun Bhatia 40,East,Bihar,Patna,Online,Office Supplies,Paper,JK Copier A4 Paper Ream,5,320.15,5,1520.71,1170.62,350.09,Credit Card,Delivered,5.0
NR20250302787,2025-03-09,CUST01162,Yash Agarwal 39,West,Gujarat,Surat,Online,Furniture,Storage,Metal Office Cabinet,1,9226.55,12,8119.36,6123.53,1995.83,Debit Card,Delivered,3.0
NR20250402968,2025-04-19,CUST00564,Priya Nanda 19,South,Andhra Pradesh,Vijayawada,Online,Office Supplies,Writing,Classmate Notebook Pack,2,460.24,7,856.05,636.82,219.23,UPI,Delivered,1.0
NR20250402505,2025-04-29,CUST00940,Meera Joshi 32,North,Uttar Pradesh,Noida,Retail Store,Electronics,Cameras,Canon EOS 1500D,4,45933.51,10,165360.64,140861.63,24499.01,UPI,Delivered,5.0
NR20250203466,2025-02-15,CUST00718,Isha Banerjee 24,North,Delhi,Delhi,Online,Electronics,Laptops,HP 15s,1,54190.72,7,50397.37,42222.0,8175.37,Net Banking,Cancelled,0.0
NR20250400676,2025-04-19,CUST01242,Pooja Singh 42,South,Andhra Pradesh,Vijayawada,Online,Electronics,Audio,JBL Tune 770NC,1,7118.01,12,6263.85,4749.14,1514.71,Credit Card,Delivered,3.0
NR20250902809,2025-09-17,CUST01227,Aman Arora 41,West,Maharashtra,Nagpur,Online,Electronics,Audio,boAt Airdopes 141,3,1381.38,4,3978.37,2986.94,991.43,UPI,Delivered,3.0
NR20250603349,2025-06-23,CUST00601,Aarav Sharma 21,West,Maharashtra,Nashik,Online,Office Supplies,Writing,Cello Ball Pen Pack,2,179.34,10,322.81,237.14,85.67,UPI,Returned,6.0
NR20251000729,2025-10-02,CUST00914,Riya Das 31,West,Gujarat,Vadodara,Online,Furniture,Tables,Conference Table 6-Seater,1,29305.82,12,25789.12,19287.61,6501.51,Net Banking,Cancelled,0.0
NR20251100413,2025-11-12,CUST00743,Neha Chawla 25,West,Maharashtra,Nashik,Online,Accessories,Bags,American Tourister Laptop Bag,1,2563.45,10,2307.11,1710.96,596.15,Credit Card,Delivered,5.0
NR20250103147,2025-01-24,CUST00480,Sneha Pillai 16,West,Goa,Goa,Online,Furniture,Office Chairs,Featherlite Astro Chair,3,10373.88,12,27387.04,19657.59,7729.45,Debit Card,Returned,6.0
NR20250301517,2025-03-05,CUST00193,Rahul Gupta 7,North,Uttarakhand,Dehradun,Online,Electronics,Tablets,Lenovo Tab M11,2,18154.28,9,33040.79,26807.82,6232.97,Debit Card,Delivered,2.0
NR20251000826,2025-10-09,CUST01017,Aman Arora 34,WEST,Goa,Goa,Online,Office Supplies,Files, Solo Executive File Pack,8,530.95,10,3822.84,2932.57,890.27,Net Banking,Delivered,4.0
NR20250303268,2025-03-22,CUST01172,Aditi Mehta 40,South,Andhra Pradesh,Vijayawada,Retail Store,Accessories,Cables,Belkin USB-C Cable,2,1079.08,5,2050.25,1495.39,554.86,UPI,Delivered,5.0
NR20251003975,2025-10-23,CUST00249,Karan Malhotra 9,East,Odisha,Bhubaneswar,Corporate,Furniture,Storage,Metal Office Cabinet,15,8875.63,18,109170.25,86412.62,22757.63,Net Banking,Delivered,5.0
NR20251100617,2025-11-01,CUST00215,Arjun Nair 8,West,Gujarat,Vadodara,Retail Store,Office Supplies,Files,Solo Executive File Pack,4,517.43,7,1924.84,1512.69,412.15,UPI,Delivered,3.0
NR20250600115,2025-06-28,CUST00654,Priya Nanda 22,West,Maharashtra,Pune,Online,Electronics,Laptops,HP 15s,2,55028.5,9,100151.87,83088.3,17063.57,Net Banking,Delivered,6.0
NR20251000418,2025-10-31,CUST00161,Nikhil Patil 6,North,Punjab,Ludhiana,Retail Store,Electronics,Laptops,Acer Aspire 5 ,1,60997.08,19,49407.63,41824.52,7583.11,Cash,Delivered,3.0
NR20250303070,2025-03-13,CUST01119,Karan Malhotra 38,West,Gujarat,Ahmedabad,Online,Electronics,Laptops,HP 15s,1,53376.8,10,48039.12,40442.54,7596.58,Net Banking,Returned,7.0
NR20250601626,2025-06-22,CUST00345,Rohan Kulkarni 12,East,Bihar,Patna,Retail Store,Electronics,Monitors,LG 24MP60G,4,12367.64,12,43534.09,33666.89,9867.2,Credit Card,Delivered,5.0
NR20251101085,2025-11-11,CUST00627,Aman Arora 21,North,Uttarakhand,Dehradun,Retail Store,Office Supplies,Writing,Classmate Notebook Pack,4,448.98,12,1580.41,1166.81,413.6,Debit Card,Delivered,2.0
NR20250904186,2025-09-19,CUST00548,Kavya Reddy 19,West,Gujarat,Vadodara,Corporate,Electronics,Monitors,LG 24MP60G,15,12462.91,13,162640.98,129961.12,32679.86,Net Banking,Delivered,8.0
NR20251102897,2025-11-06,CUST00036,Diya Shah 2,North,Chandigarh,Chandigarh,Online,Electronics,Smartphones,OnePlus Nord CE,4,26064.66,9,94875.36,85349.74,9525.62,Debit Card,Delivered,1.0
NR20250104902,2025-01-21,CUST00064,Ananya Iyer 3,East,West Bengal,Kolkata,Online,Electronics,Laptops,Acer Aspire 5,3,64780.65,9,176851.17,152348.74,24502.43,Net Banking,Delivered,5.0
NR20251202083,2025-12-07,CUST00280,Meera Joshi 10,Central,Madhya Pradesh,Gwalior,Retail Store,Accessories,Bags,American Tourister Laptop Bag,2,2471.17,0,4942.34,3627.51,1314.83,Cash,Delivered,6.0
NR20250400754,2025-04-19,CUST00092,Aditi Mehta 4,East,West Bengal,Siliguri,Online,Furniture,Desks,IKEA Linnmon Desk,2,8246.76,12,14514.3,10834.96,3679.34,Net Banking,Delivered,5.0
NR20250302547,2025-03-23,CUST00688,Isha Banerjee 23,West,Maharashtra,Pune,Online,Electronics,Audio,JBL Tune 770NC,1,7295.67,10,6566.1,4986.59,1579.51,Debit Card,Delivered,2.0
NR20251103970,2025-11-05,CUST01163,Neha Chawla 39,Central,Madhya Pradesh,Jabalpur,Online,Furniture,Office Chairs,Green Soul Monster Chair,1,14348.68,2,14061.71,10859.99,3201.72,Net Banking,Cancelled,0.0
NR20250703374,2025-07-16,CUST00609,Karan Malhotra 21,East,Jharkhand,Ranchi,Online,Office Supplies,Writing,Classmate Notebook Pack,4,432.61,5,1643.92,1272.18,371.74,UPI,Delivered,3.0
NR20250704108,2025-07-12,CUST00598,Isha Banerjee 20,Central,Chhattisgarh,Bilaspur,Online,Electronics,Cameras,Canon EOS 1500D,3,47345.9,12,124993.18,104830.72,20162.46,Net Banking,Delivered,3.0
NR20250702445,2025-07-17,CUST00567,,Central,Madhya Pradesh,Jabalpur,Online,Electronics,Audio,boAt Airdopes 141,1,1438.39,12,1265.78,923.07,342.71,UPI,Delivered,5.0
NR20251104381,2025-11-14,CUST00352,Yash Agarwal 12,North,Punjab,Amritsar,Retail Store,Furniture,Desks,IKEA Linnmon Desk,1,8227.53,7,7651.6,5785.54,1866.06,Cash,Delivered,4.0
NR20251101067,2025-11-01,CUST00381,Vikram Sethi 13,North,Uttarakhand,Dehradun,Retail Store,Electronics,Laptops,HP 15s,2,51071.79,11,90907.79,76442.87,14464.92,Cash,Delivered,5.0
NR20251003914,2025-10-02,CUST00034,Ananya Iyer 2,South,Tamil Nadu,Coimbatore,Retail Store,Furniture,Tables,Conference Table 6-Seater,4,28643.35,14,98533.12,75472.82,23060.3,Debit Card,Delivered,4.0
NR20250803499,2025-08-15,CUST00769,Tanvi Deshmukh 26,North,Delhi,Delhi,Online,Furniture,Storage,Metal Office Cabinet,1,9315.27,18,7638.52,5804.91,1833.61,Debit Card,Pending,5.0
NR20250502739,2025-05-28,CUST00901,Aarav Sharma 31,East,Assam,Guwahati,Retail Store,Electronics,Tablets,Lenovo Tab M11,3,18204.4,10,49151.88,40231.55,8920.33,Debit Card,Delivered,6.0
NR20251004001,2025-10-03,CUST00898,Isha Banerjee 30,Central,Madhya Pradesh,Jabalpur,Retail Store,Office Supplies,Printing,Epson 003 Ink Bottle,3,643.82,12,1699.68,1369.28,330.4,UPI,Delivered,4.0
NR20250201569,2025-02-12,CUST01097,Shreya Menon 37,East,Bihar,Patna,Online,Accessories,Bags,Skybags Casual Backpack,2,1955.08,10,3519.14,2648.0,871.14,Credit Card,Delivered,1.0
NR20251102428,2025-11-05,CUST00713,Neha Chawla 24,East,West Bengal,Kolkata,Corporate,Electronics,Laptops,HP 15s,10,52264.59,18,428569.64,352926.36,75643.28,UPI,Delivered,5.0
NR20250803747,2025-08-11,CUST00010,Meera Joshi 1,North,Uttar Pradesh,Noida,Online,Office Supplies,Paper,JK Copier A4 Paper Ream,2,328.43,10,591.17,447.06,144.11,UPI,Delivered,5.0
NR20250804706,2025-08-17,CUST01210,Meera Joshi 41,West,Goa,Goa,Online,Electronics,Monitors,LG 24MP60G,1,12820.78,12,11282.29,9311.24,1971.05,Debit Card,Cancelled,0.0
NR20251001688,2025-10-01,CUST00080,Varun Bhatia 3,South,Tamil Nadu,Chennai,Online,Electronics,Audio,boAt Airdopes 141,3,1395.58,11,3726.2,2746.13,980.07,UPI,Delivered,6.0
NR20250400852,2025-04-27,CUST00758,Kavya Reddy 26,North,Rajasthan,Jaipur,Online,Accessories,Mice,Logitech M331 Mouse,1,1445.33,0,1445.33,1079.37,365.96,UPI,Returned,6.0
NR20250603547,2025-06-29,CUST00280,Meera Joshi 10,West,Goa,Goa,Corporate,Office Supplies,Paper,JK Copier A4 Paper Ream,20,323.14,10,5816.52,4565.93,1250.59,Debit Card,Delivered,4.0
NR20250500896,2025-05-19,CUST00907,Ishaan Kapoor 31,South,Karnataka,Bengaluru,Retail Store,Accessories,Bags,Skybags Casual Backpack,3,1913.11,10,5165.4,3918.29,1247.11,UPI,Delivered,3.0
NR20250804593,2025-08-21,CUST01030,Meera Joshi 35,East,West Bengal,Siliguri,Online,Furniture,Storage,Wooden Filing Cabinet,4,7998.31,5,30393.58,23016.18,7377.4,UPI,Delivered,7.0
NR20250300336,2025-03-31,CUST01028,Kavya Reddy 35,West,Gujarat,Surat,Corporate,Office Supplies,Writing,Classmate Notebook Pack,10,468.41,10,4215.69,3139.96,1075.73,Debit Card,Delivered,1.0
NR20251002840,2025-10-01,CUST00079,Tanvi Deshmukh 3,East,Odisha,Bhubaneswar,Corporate,Office Supplies,Printing,HP 805 Ink Cartridge,15,1177.32,7,16423.61,13287.07,3136.54,UPI,Delivered,7.0
NR20250403088,2025-04-14,CUST00486,Diya Shah 17,South,Kerala,Kochi,Online,Electronics,Smartphones,OnePlus Nord CE,2,25190.3,5,47861.57,42057.39,5804.18,Credit Card,Delivered,1.0
NR20250604612,2025-06-23,CUST00117,Aman Arora 4,Central,Madhya Pradesh,Indore,Retail Store,Electronics,Tablets,Lenovo Tab M11,1,16714.66,5,15878.93,13421.02,2457.91,Debit Card,Delivered,6.0
NR20250501349,2025-05-26,CUST00851,Nikhil Patil 29,East,West Bengal,Siliguri,Online,Accessories,Bags, Skybags Casual Backpack,3,1919.4,0,5758.2,4176.86,1581.34,Credit Card,Pending,6.0
NR20250901016,2025-09-13,CUST01094,Riya Das 37,North,Punjab,Ludhiana,Corporate,Electronics,Audio,boAt Airdopes 141,20,1410.88,10,25395.84,19358.49,6037.35,Credit Card,Delivered,3.0
NR20250902817,2025-09-16,CUST00393,Aditya Verma 14,West,Gujarat,Ahmedabad,Online,Electronics,Audio,JBL Tune 770NC,1,7104.38,17,5896.64,4495.75,1400.89,Net Banking,Delivered,4.0
NR20250401632,2025-04-21,CUST00099,Karan Malhotra 4,West,Maharashtra,Nashik,Corporate,Electronics,Audio,boAt Airdopes 141,15,1437.24,14,18540.4,13102.71,5437.69,Credit Card,Delivered,3.0
NR20250602490,2025-06-14,CUST01116,Diya Shah 38,West,Gujarat,Ahmedabad,Retail Store,Electronics,Audio,JBL Tune 770NC,2,7409.23,9,13484.8,10168.1,3316.7,Credit Card,Delivered,3.0
NR20250903731,2025-09-26,CUST01062,Pooja Singh 36,East,West Bengal,Kolkata,Online,Electronics,Laptops,Acer Aspire 5,2,62778.3,17,104211.98,86262.76,17949.22,Credit Card,Delivered,6.0
NR20250303252,2025-03-09,CUST00314,Riya Das 11,East,West Bengal,Kolkata,Online,Office Supplies,Paper,JK Copier A4 Paper Ream,4,321.02,10,1155.67,919.24,236.43,UPI,Delivered,8.0
NR20250204701,2025-02-23,CUST00306,Diya Shah 11,West,Maharashtra,Nashik,Online,Electronics,Laptops,HP 15s,1,52946.92,12,46593.29,41507.58,5085.71,Net Banking,Cancelled,0.0
NR20250902071,2025-09-02,CUST01058,Kavya Reddy 36,East,Bihar,Patna,Corporate,Electronics,Laptops,Acer Aspire 5,3,61574.99,9,168099.72,138812.91,29286.81,Net Banking, Delivered,6.0
NR20251204453,2025-12-11,CUST00842,Aditi Mehta 29,North,Rajasthan,Jaipur,Online,Office Supplies,Writing,Classmate Notebook Pack,10,443.4,15,3768.9,2756.59,1012.31,UPI,Delivered,4.0
NR20250304952,2025-03-14,CUST00517,Ishaan Kapoor 18,North,Uttar Pradesh,Lucknow,Online,Office Supplies,Files,Solo Executive File Pack,4,517.78,10,1864.01,1465.21,398.8,UPI,Returned,7.0
NR20250901636,2025-09-01,CUST00265,Manish Tiwari 9,East,Jharkhand,Ranchi,Online,Electronics,Laptops,Acer Aspire 5,2,62916.53,9,114508.08,94146.55,20361.53,Net Banking,Delivered,4.0
NR20250904647,2025-09-17,CUST00193,Rahul Gupta 7,Central,Chhattisgarh,Raipur,Retail Store,Office Supplies,Printing,Epson 003 Ink Bottle,2,662.11,0,1324.22,1046.32,277.9,UPI,Delivered,6.0
NR20250102480,2025-01-21,CUST00420,Sneha Pillai 14,West,Gujarat,Vadodara,Online,Furniture,Tables,Conference Table 6-Seater,1,27240.29,7,25333.47,20148.17,5185.3,Net Banking,Delivered,3.0
NR20250402266,2025-04-14,CUST00588,Siddharth Rao 20,West,Maharashtra,Nagpur,Online,Office Supplies,Stationery,Faber-Castell Marker Set,2,357.62,7,665.17,482.61,182.56,Debit Card,Delivered,4.0
NR20250902960,2025-09-28,CUST00119,Mohit Saxena 4,West,Gujarat,Vadodara,Retail Store,Office Supplies,Writing,Cello Ball Pen Pack,2,176.97,2,346.86,251.6,95.26,Credit Card,Delivered,3.0
NR20250204800,2025-02-15,CUST00612,Pooja Singh 21,East,West Bengal,Siliguri,Online,Office Supplies,Printing,Epson 003 Ink Bottle,2,651.03,7,1210.92,951.75,259.17,UPI,Delivered,6.0
NR20250703060,2025-07-28,CUST00006,Diya Shah 1,North,Uttar Pradesh,Noida,Retail Store,Accessories,Webcams,Logitech C270 Webcam,1,2439.62,12,2146.87,1691.14,455.73,Credit Card,Delivered,2.0
NR20250302142,2025-03-28,CUST00885,Rohan Kulkarni 30,South,Tamil Nadu,Chennai,Retail Store,Office Supplies,Stationery,Kangaro Stapler Set,2,281.76,10,507.17,375.36,131.81,UPI,Delivered,3.0
NR20250303119,2025-03-13,CUST01122,Pooja Singh 38,East,Bihar,Patna,Online,Office Supplies,Stationery,Faber-Castell Marker Set,2,355.04,7,660.37,494.77,165.6,UPI,Delivered,5.0
NR20250804793,2025-08-05,CUST00791,Nikhil Patil 27,Central,Madhya Pradesh,Jabalpur,Online,Office Supplies,Files,Solo Executive File Pack,2,530.52,10,954.94,760.06,194.88,UPI,Delivered,6.0
NR20250404046,2025-04-03,CUST00879,Karan Malhotra 30,South,Karnataka,Mysuru,Corporate,Furniture,Desks,Wooden Study Desk,2,6662.08,7,12391.47,9344.67,3046.8,Net Banking,Delivered,3.0
NR20251203357,2025-12-23,CUST00338,Kavya Reddy 12,West,Gujarat,Vadodara,Corporate,Accessories,Cables,Portronics HDMI Cable,10,652.38,17,5414.75,3823.0,1591.75,UPI,Delivered,3.0
NR20251102745,2025-11-04,CUST00821,Nikhil Patil 28,Central,Madhya Pradesh,Jabalpur,Online,Furniture,Office Chairs,Green Soul Monster Chair,1,14910.86,12,13121.56,9401.46,3720.1,Credit Card,Delivered,4.0
NR20250403507,2025-04-09,CUST00390,Sneha Pillai 13,South,Andhra Pradesh,Vijayawada,Retail Store,Office Supplies,Printing,Epson 003 Ink Bottle,3,663.57,5,1891.17,1420.66,470.51,UPI,Delivered,3.0
NR20251101680,2025-11-10,CUST00684,Priya Nanda 23,North,Chandigarh,Chandigarh,Online,Electronics,Smartphones,OnePlus Nord CE,2,25362.37,12,44637.77,39980.47,4657.3,UPI,Delivered,3.0
NR20250404250,2025-04-17,CUST00580,Meera Joshi 20,North,Chandigarh,Chandigarh,Online,Electronics,Audio,JBL Tune 770NC,1,7277.85,12,6404.51,4916.23,1488.28,UPI,Delivered,5.0
NR20251003148,2025-10-19,CUST00730,Meera Joshi 25,South,Tamil Nadu,Chennai,Retail Store,Electronics,Laptops,Acer Aspire 5,1,60695.45,14,52198.09,44344.83,7853.26,Cash,Delivered,3.0
NR20250802295,2025-08-15,CUST00259,Tanvi Deshmukh 9,North,Punjab,Ludhiana,Online,Electronics,Laptops,HP 15s,2,53634.03,0,107268.06,87892.02,19376.04,Credit Card,Delivered,4.0
NR20250200581,2025-02-09,CUST00531,Vikram Sethi 18,South,Andhra Pradesh,Vijayawada,Online,Furniture,Desks,Wooden Study Desk,1,6446.97,10,5802.27,4243.0,1559.27,UPI,Delivered,2.0
NR20250501471,2025-05-30,CUST01051,Aarav Sharma 36,Central,Chhattisgarh,Bilaspur,Online,Furniture,Storage,Wooden Filing Cabinet,1,7687.26,7,7149.15,5618.11,1531.04,UPI,Delivered,6.0
NR20250504071,2025-05-13,CUST00177,Aman Arora 6,Central,Madhya Pradesh,Indore,Online,Office Supplies,Files,Solo Executive File Pack,5,508.08,5,2413.38,1839.88,573.5,Debit Card,Delivered,8.0
NR20251203344,2025-12-29,CUST00408,Siddharth Rao 14,North,Uttarakhand,Dehradun,Online,Furniture,Tables,Conference Table 6-Seater,1,29472.01,10,26524.81,21445.07,5079.74,Net Banking,Delivered,5.0
NR20250804584,2025-08-30,CUST01198,Isha Banerjee 40,South,Karnataka,Mysuru,Online,Electronics,Audio,JBL Tune 770NC,5,7384.24,18,30275.38,23141.56,7133.82,Net Banking,Delivered,4.0
NR20251003673,2025-10-22,CUST00361,Aarav Sharma 13,West,Maharashtra,Nagpur,Retail Store,Accessories,Bags,American Tourister Laptop Bag,1,2560.02,2,2508.82,1905.76,603.06,UPI,Delivered,1.0
NR20250400560,2025-04-18,CUST01103,Neha Chawla 37,West,Gujarat,Vadodara,Retail Store,Electronics,Monitors,LG 24MP60G,2,12832.08,2,25150.88,20878.5,4272.38,Credit Card,Delivered,4.0
NR20250302850,2025-03-13,CUST00592,Yash Agarwal 20,North,Uttar Pradesh,Noida,Corporate,Office Supplies,Writing,Classmate Notebook Pack,10,450.46,5,4279.37,3277.96,1001.41,Net Banking,Delivered,6.0
NR20251200513,2025-12-14,CUST01140,Sneha Pillai 38,South,Kerala,Kochi,Online,Furniture,Tables,Conference Table 6-Seater,1,29419.06,14,25300.39,19716.16,5584.23,UPI,Delivered,2.0
NR20250901082,2025-09-12,CUST00190,Meera Joshi 7,South,Telangana,Hyderabad,Retail Store,Electronics,Tablets,Lenovo Tab M11,1,18778.12,7,17463.65,14761.02,2702.63,UPI,Delivered,3.0
NR20250301665,2025-03-26,CUST00976,Sakshi Jain 33,East,Assam,Guwahati,Retail Store,Accessories,Keyboards,Logitech K120 Keyboard,1,826.95,10,744.26,546.97,197.29,Cash,Delivered,3.0
NR20251001013,2025-10-09,CUST01087,Ishaan Kapoor 37,West,Goa,Goa,Retail Store,Accessories,Power Banks,Ambrane 20000mAh Power Bank,3,1757.98,9,4799.29,3766.67,1032.62,UPI,Delivered,5.0
NR20251101932,2025-11-28,CUST01073,Neha Chawla 36,North,Uttar Pradesh,Lucknow,Online,Electronics,Smartphones,OnePlus Nord CE,1,24846.32,5,23604.0,20728.41,2875.59,UPI,Delivered,3.0
NR20251001151,2025-10-28,CUST00579,Karan Malhotra 20,West,Maharashtra,Pune,Retail Store,Office Supplies,Paper,JK Copier A4 Paper Ream,5,317.6,10,1429.2,1111.63,317.57,UPI,Delivered,3.0
NR20250602839,2025-06-28,CUST01190,Varun Bhatia 40,East,Odisha,Bhubaneswar,Retail Store,Office Supplies,Writing,Cello Ball Pen Pack,2,183.31,7,340.96,233.46,107.5,UPI,Delivered,4.0
NR20250400117,2025-04-13,CUST00317,Shreya Menon 11,South,Karnataka,Bengaluru,Retail Store,Furniture,Storage,Metal Office Cabinet,1,9040.35,15,7684.3,5664.01,2020.29,UPI,Delivered,3.0
NR20251100741,2025-11-13,CUST01061,Nikhil Patil 36,West,Goa,Goa,Retail Store,Furniture,Storage,Wooden Filing Cabinet,3,7463.56,23,17240.82,13212.76,4028.06,Debit Card,Delivered,4.0
NR20251004875,2025-10-07,CUST00744,Priya Nanda 25,North,Chandigarh,Chandigarh,Retail Store,Office Supplies,Paper,JK Copier A4 Paper Ream,1,298.38,12,262.57,215.5,47.07,Credit Card,Pending,3.0
NR20251003676,2025-10-26,CUST00460,Meera Joshi 16,East,Odisha,Bhubaneswar,Corporate,Electronics,Monitors,LG 24MP60G,20,12506.17,12,220108.59,177361.87,42746.72,UPI,Delivered,4.0
NR20250100831,2025-01-31,CUST01141,Aarav Sharma 39,South,Kerala,Kochi,Corporate,Furniture,Office Chairs,Green Soul Monster Chair,8,14101.3,5,107169.88,81280.02,25889.86,Debit Card,Delivered,3.0
NR20250100120,2025-01-11,CUST01182,Pooja Singh 40,South,Kerala,Kochi,Online,Office Supplies,Writing,Cello Ball Pen Pack,8,177.61,5,1349.84,961.92,387.92,UPI,Delivered,7.0
NR20251104848,2025-11-16,CUST00564,Priya Nanda 19,East,Odisha,Bhubaneswar,Corporate,Office Supplies,Printing,Epson 003 Ink Bottle,10,667.68,9,6075.89,4871.69,1204.2,Debit Card,Delivered,5.0
NR20250104807,2025-01-09,CUST00975,Rohan Kulkarni 33,West,Gujarat,Surat,Online,Office Supplies,Stationery,Faber-Castell Marker Set,4,361.7,5,1374.46,1045.93,328.53,Credit Card,Delivered,3.0
NR20250200636,2025-02-04,CUST01089,Karan Malhotra 37,South,Telangana,Hyderabad,Retail Store,Accessories,Cables,Portronics HDMI Cable,3,678.47,2,1994.7,1389.56,605.14,Debit Card,Delivered,5.0
NR20250904466,2025-09-14,CUST01100,Varun Bhatia 37,East,Assam,Guwahati,Online,Electronics,Monitors,LG 24MP60G,4,12362.75,15,42033.35,33769.05,8264.3,Net Banking,Delivered,8.0
NR20250404365,2025-04-08,CUST00347,Shreya Menon 12,West,Maharashtra,Mumbai,Retail Store,Office Supplies,Paper,JK Copier A4 Paper Ream,3,314.27,12,829.67,630.18,199.49,Credit Card,Delivered,4.0
NR20251204143,2025-12-15,CUST00014,Riya Das 1,West,Gujarat,Vadodara,Retail Store,Office Supplies,Printing,Epson 003 Ink Bottle,5,646.01,12,2842.44,2299.12,543.32,Debit Card,Delivered,2.0
NR20250500992,2025-05-04,CUST00520,Meera Joshi 18,West,Gujarat,Surat,Retail Store,Accessories,Cables,Portronics HDMI Cable,3,648.45,7,1809.18,1182.78,626.4,Debit Card,Delivered,2.0
NR20250800877,2025-08-14,CUST00877,Ishaan Kapoor 30,South,Tamil Nadu,Coimbatore,Online,Office Supplies,Writing,Cello Ball Pen Pack,5,183.58,7,853.65,644.25,209.4,Credit Card,Delivered,4.0
NR20250900005,2025-09-20,CUST00044,Riya Das 2,East,Assam,Guwahati,Retail Store,Office Supplies,Printing,Epson 003 Ink Bottle,4,662.89,0,2651.56,2116.8,534.76,UPI,Delivered,6.0
NR20251203052,2025-12-30,CUST00172,Yash Agarwal 6,South,Tamil Nadu,Coimbatore,Retail Store,Furniture,Desks,IKEA Linnmon Desk,2,8586.94,5,16315.19,12781.78,3533.41,Cash,Delivered,2.0
NR20251103125,2025-11-29,CUST00839,Mohit Saxena 28,West,Maharashtra,Nashik,Corporate,Furniture,Storage,Wooden Filing Cabinet,2,7898.51,14,13585.44,10721.23,2864.21,Net Banking,Cancelled,0.0
NR20251002661,2025-10-25,CUST00437,Shreya Menon 15,Central,Madhya Pradesh,Bhopal,Retail Store,Electronics,Audio,boAt Airdopes 141,3,1387.02,4,3994.62,2780.15,1214.47,Cash,Delivered,3.0
NR20250802492,2025-08-03,CUST00051,Vikram Sethi 2,West,Maharashtra,Mumbai,Corporate,Office Supplies,Writing,Cello Ball Pen Pack,10,182.65,15,1552.52,1141.09,411.43,UPI,Returned,4.0
NR20250203855,2025-02-21,CUST00961,Aarav Sharma 33,East,Bihar,Patna,Retail Store,Office Supplies,Stationery,Faber-Castell Marker Set,2,348.33,0,696.66,528.86,167.8,Debit Card,Delivered,4.0
NR20250401716,2025-04-18,CUST01134,Priya Nanda 38,North,Punjab,Amritsar,Online,Accessories,Bags,Skybags Casual Backpack,2,1897.75,7,3529.81,2512.34,1017.47,Debit Card,Delivered,6.0
NR20251001149,2025-10-23,CUST01107,Aman Arora 37,East,Jharkhand,Ranchi,Retail Store,Electronics,Smartphones,Samsung Galaxy M35,1,20734.77,7,19283.34,16353.73,2929.61,UPI,Delivered,6.0
NR20251203262,2025-12-21,CUST00623,Neha Chawla 21,South,Karnataka,Mysuru,Online,Electronics,Monitors,LG 24MP60G,2,12820.89,5,24359.69,19576.38,4783.31,UPI,Pending,4.0
NR20251000575,2025-10-24,CUST00137,Shreya Menon 5,South,Andhra Pradesh,Visakhapatnam,Retail Store,Office Supplies,Printing,HP 805 Ink Cartridge,4,1282.37,5,4873.01,4031.17,841.84,UPI,Delivered,9.0
NR20250603770,2025-06-04,CUST00289,Tanvi Deshmukh 10,West,Maharashtra,Nagpur,Online,Accessories,Cables,Portronics HDMI Cable,1,640.23,15,544.2,370.51,173.69,Net Banking,Delivered,2.0
NR20250103737,2025-01-13,CUST00918,Siddharth Rao 31,West,Gujarat,Vadodara,Online,Accessories,Power Banks,Ambrane 20000mAh Power Bank,4,1720.78,15,5850.65,4572.69,1277.96,UPI,Delivered,3.0
NR20251104147,2025-11-30,CUST01078,Isha Banerjee 36,East,Bihar,Patna,Retail Store,Accessories,Bags,Skybags Casual Backpack,1,1863.53,10,1677.18,1232.75,444.43,Debit Card,Pending,7.0
NR20250300854,2025-03-07,CUST01099,Tanvi Deshmukh 37,South,Andhra Pradesh,Visakhapatnam,Online,Office Supplies,Printing,HP 805 Ink Cartridge,3,1283.34,10,3465.02,2787.65,677.37,Credit Card,Cancelled,0.0
NR20250601983,2025-06-07,CUST00864,Priya Nanda 29,West,Gujarat,Surat,Retail Store,Accessories,Power Banks,Ambrane 20000mAh Power Bank,1,1647.03,5,1564.68,1255.04,309.64,Debit Card,Delivered,2.0
NR20251002775,2025-10-28,CUST00617,Shreya Menon 21,North,Rajasthan,Jaipur,Retail Store,Office Supplies,Files,Solo Executive File Pack,10,509.8,12,4486.24,3548.5,937.74,UPI,Delivered,4.0
NR20250101167,2025-01-25,CUST00995,Arjun Nair 34,West,Maharashtra,Nashik,Online,Electronics,Audio,boAt Airdopes 141,1,1363.63,16,1145.45,859.54,285.91,Credit Card,Delivered,6.0
NR20250500972,2025-05-31,CUST01053,Aditya Verma 36,South,Kerala,Kochi,Online,Furniture,Office Chairs,Green Soul Monster Chair,1,14119.7,10,12707.73,9153.85,3553.88,Net Banking,Delivered,4.0
NR20251102702,2025-11-10,CUST00892,Yash Agarwal 30,West,Maharashtra,Pune,Online,Office Supplies,Printing,Epson 003 Ink Bottle,5,640.02,12,2816.09,2232.53,583.56,Net Banking,Delivered,5.0
NR20251204496,2025-12-18,CUST00170,Varun Bhatia 6,West,Maharashtra,Nagpur,Retail Store,Accessories,Power Banks,Ambrane 20000mAh Power Bank,4,1677.11,7,6238.85,4886.45,1352.4,Credit Card,Delivered,3.0
NR20250503848,2025-05-13,CUST00208,Isha Banerjee 7,East,West Bengal,Siliguri,Online,Office Supplies,Writing,Classmate Notebook Pack,3,463.61,7,1293.47,952.59,340.88,Credit Card,Delivered,2.0
NR20250202369,2025-02-16,CUST00309,Karan Malhotra 11,North,Rajasthan,Jaipur,Retail Store,Electronics,Laptops,Acer Aspire 5,3,64363.08,19,156402.28,134526.79,21875.49,Credit Card,Delivered,4.0
NR20251004116,2025-10-29,CUST01229,Mohit Saxena 41,West,Gujarat,Ahmedabad,Online,Office Supplies,Paper,JK Copier A4 Paper Ream,2,305.13,15,518.72,387.79,130.93,UPI,Returned,6.0
NR20250704132,2025-07-16,CUST00236,Simran Kaur 8,West,Maharashtra,Mumbai,Online,Office Supplies,Printing,HP 805 Ink Cartridge,5,1230.27,10,5536.22,4628.73,907.49,Credit Card,Pending,5.0
NR20250102951,2025-01-07,CUST00541,Aarav Sharma 19,West,Goa,Goa,Online,Office Supplies,Stationery,Kangaro Stapler Set,4,275.51,10,991.84,725.15,266.69,Debit Card,Delivered,3.0
NR20250100525,2025-01-10,CUST00156,Diya Shah 6,West,Goa,Goa,Online,Electronics,Audio,JBL Tune 770NC,3,7309.12,9,19953.9,15238.59,4715.31,Credit Card,Cancelled,0.0
NR20250102456,2025-01-17,CUST00300,Sneha Pillai 10,Central,Madhya Pradesh,Bhopal,Corporate,Furniture,Office Chairs,Green Soul Monster Chair,1,14810.2,0,14810.2,10609.98,4200.22,Credit Card,Delivered,6.0
NR20251201842,2025-12-04,CUST00755,Arjun Nair 26,West,Maharashtra,Mumbai,Online,Accessories,Webcams,Logitech C270 Webcam,3,2598.19,2,7638.68,5709.19,1929.49,UPI,Delivered,4.0
NR20250200538,2025-02-21,CUST00635,Arjun Nair 22,South,Tamil Nadu,Coimbatore,Online,Accessories,Power Banks,Ambrane 20000mAh Power Bank,2,1765.04,10,3177.07,2423.97,753.1,Net Banking,Delivered,3.0
NR20250502807,2025-05-26,CUST00200,Varun Bhatia 7,West,Maharashtra,Nagpur,Retail Store,Electronics,Cameras,Canon EOS 1500D,3,44359.69,2,130417.49,109788.19,20629.3,UPI,Delivered,6.0
NR20250304342,2025-03-16,CUST00506,Simran Kaur 17,West,Gujarat,Vadodara,Online,Furniture,Storage,Metal Office Cabinet,1,9137.22,7,8497.61,6356.18,2141.43,Credit Card,Delivered,4.0
NR20250503176,2025-05-07,CUST00258,Siddharth Rao 9,West,Maharashtra,Mumbai,Retail Store,Office Supplies,Writing,Classmate Notebook Pack,10,447.6,5,4252.2,3216.13,1036.07,UPI,Delivered,4.0
NR20250400785,2025-04-20,CUST01196,Simran Kaur 40,South,Telangana,Hyderabad,Retail Store,Accessories,Bags,Skybags Casual Backpack,1,1919.37,0,1919.37,1453.53,465.84,Credit Card,Returned,9.0
NR20251104058,2025-11-12,CUST00191,Nikhil Patil 7,North,Punjab,Ludhiana,Online,Electronics,Monitors,LG 24MP60G,2,12901.83,12,22707.22,19190.2,3517.02,Net Banking,Delivered,5.0
NR20250401410,2025-04-14,CUST00977,Shreya Menon 33,West,Maharashtra,Mumbai,Retail Store,Furniture,Storage,Metal Office Cabinet,2,9236.25,12,16255.8,11528.65,4727.15,UPI,Cancelled,0.0
NR20250202538,2025-02-19,CUST00996,Diya Shah 34,South,Kerala,Kochi,Online,Accessories,Power Banks,Ambrane 20000mAh Power Bank,1,1689.82,5,1605.33,1285.56,319.77,Net Banking,Delivered,5.0
NR20250400155,2025-04-06,CUST00084,Priya Nanda 3,West,Gujarat,Vadodara,Online,Office Supplies,Writing,Cello Ball Pen Pack,4,171.62,15,583.51,438.41,145.1,UPI,Delivered,3.0
NR20251203010,2025-12-23,CUST00844,Ananya Iyer 29,North,Uttar Pradesh,Lucknow,Retail Store,Electronics,Laptops,HP 15s,2,54556.82,12,96020.0,79858.67,16161.33,Debit Card,Delivered,1.0
NR20250101687,2025-01-11,CUST01008,Siddharth Rao 34,South,Karnataka,Bengaluru,Online,Electronics,Cameras,Canon EOS 1500D,1,46613.64,5,44282.96,38075.21,6207.75,UPI,Delivered,2.0
NR20250502902,2025-05-03,CUST00639,Karan Malhotra 22,Central,Madhya Pradesh,Indore,Retail Store,Electronics,Smartphones,Samsung Galaxy M35,1,22711.19,12,19985.85,17853.7,2132.15,UPI,Delivered,5.0
NR20250301745,2025-03-15,CUST00809,Mohit Saxena 27,Central,Chhattisgarh,Bilaspur,Online,Office Supplies,Stationery,Faber-Castell Marker Set,1,352.1,7,327.45,254.55,72.9,UPI,Delivered,4.0
NR20250604722,2025-06-22,CUST00806,Simran Kaur 27,North,Uttarakhand,Dehradun,Online,Office Supplies,Paper,JK Copier A4 Paper Ream,1,327.77,15,278.6,220.98,57.62,Debit Card,Delivered,6.0
NR20251103864,2025-11-07,CUST00134,Riya Das 5,North,Chandigarh,Chandigarh,Corporate,Office Supplies,Printing,Epson 003 Ink Bottle,8,638.73,10,4598.86,3717.45,881.41,Net Banking,Delivered,4.0
NR20250302734,2025-03-07,CUST01155,Rohan Kulkarni 39,South,Kerala,Kochi,Online,Furniture,Office Chairs,Green Soul Monster Chair ,1,14053.99,5,13351.29,9426.02,3925.27,UPI,Delivered,5.0
NR20250801896,2025-08-24,CUST01102,Yash Agarwal 37,East,West Bengal,Siliguri,Online,Office Supplies,Stationery,Kangaro Stapler Set,2,284.04,7,528.31,383.11,145.2,Net Banking,Delivered,6.0
NR20251200570,2025-12-27,CUST00291,Vikram Sethi 10,East,Odisha,Bhubaneswar,Online,Furniture,Desks,IKEA Linnmon Desk,1,8531.51,15,7251.78,5288.11,1963.67,UPI,Delivered,6.0
NR20250701817,2025-07-21,CUST01229,Mohit Saxena 41,East,Bihar,Patna,Online,Furniture,Tables,Conference Table 6-Seater,3,28530.23,12,75319.81,58088.41,17231.4,Net Banking,Delivered,2.0
NR20250602066,2025-06-27,CUST01096,Sakshi Jain 37,North,Uttar Pradesh,Lucknow,Corporate,Office Supplies,Stationery,Kangaro Stapler Set,8,284.68,17,1890.28,1412.8,477.48,UPI,Delivered,4.0
NR20250100128,2025-01-24,CUST00193,Rahul Gupta 7,East,West Bengal,Siliguri,Corporate,Electronics,Monitors,LG 24MP60G,5,12404.87,9,56442.16,45797.92,10644.24,Debit Card,Delivered,6.0
NR20250603395,2025-06-22,CUST00156,Diya Shah 6,West,Gujarat,Ahmedabad,Online,Office Supplies,Stationery,Kangaro Stapler Set,10,284.1,5,2698.95,1996.97,701.98,Credit Card,Returned,7.0
NR20250703328,2025-07-04,CUST00071,Nikhil Patil 3,West,Goa,Goa,Online,Furniture,Office Chairs,Featherlite Astro Chair,1,10401.43,15,8841.22,6177.43,2663.79,Net Banking,Delivered,5.0
NR20251103079,2025-11-03,CUST00253,Rahul Gupta 9,South,Karnataka,Bengaluru,Retail Store,Electronics,Monitors,LG 24MP60G,3,12835.56,17,31960.54,26128.91,5831.63,UPI,Delivered,5.0
NR20251102976,2025-11-22,CUST00198,Siddharth Rao 7,West,Gujarat,Ahmedabad,Online,Electronics,Smartphones,OnePlus Nord CE,1,23572.13,10,21214.92,19382.32,1832.6,UPI,Delivered,5.0
NR20250500981,2025-05-20,CUST01128,Siddharth Rao 38,East,Assam,Guwahati,Online,Accessories,Power Banks,Ambrane 20000mAh Power Bank,3,1742.38,10,4704.43,3359.85,1344.58,Debit Card,Delivered,1.0
NR20250102301,2025-01-26,CUST00162,Pooja Singh 6,East,West Bengal,Kolkata,Online,Electronics,Audio,boAt Airdopes 141,1,1345.13,10,1210.62,881.24,329.38,Net Banking,Delivered,6.0
NR20250300191,2025-03-09,CUST00884,Riya Das 30,East,Odisha,Bhubaneswar,Retail Store,Electronics,Audio,boAt Airdopes 141,1,1392.24,9,1266.94,958.74,308.2,UPI,Delivered,2.0
NR20251001140,2025-10-08,CUST01007,Shreya Menon 34,West,Maharashtra,Nagpur,Corporate,Electronics,Laptops,HP 15s,20,53642.39,4,1029933.89,852603.63,177330.26,Net Banking,Delivered,5.0
NR20251100700,2025-11-17,CUST01199,Mohit Saxena 40,West,Maharashtra,Nashik,Online,Furniture,Storage,Metal Office Cabinet,1,9249.3,15,7861.9,5963.57,1898.33,UPI,Delivered,4.0
NR20250404849,2025-04-26,CUST01189,Tanvi Deshmukh 40,West,Maharashtra,Mumbai,Online,Electronics,Audio,boAt Airdopes 141,2,1404.46,10,2528.03,1889.38,638.65,Credit Card,Delivered,4.0
NR20250400607,2025-04-23,CUST00975,Rohan Kulkarni 33,South,Tamil Nadu,Coimbatore,Retail Store,Office Supplies,Paper,JK Copier A4 Paper Ream,5,322.6,10,1451.7,1086.17,365.53,Debit Card,Delivered,4.0
NR20250804277,2025-08-18,CUST01007,Shreya Menon 34,Central,Madhya Pradesh,Bhopal,Online,Electronics,Audio,boAt Airdopes 141,1,1375.78,15,1169.41,830.17,339.24,Credit Card,Delivered,6.0
NR20250100302,2025-01-15,CUST00568,Isha Banerjee 19,North,Punjab,Amritsar,Retail Store,Accessories,Bags,Skybags Casual Backpack,1,1846.74,5,1754.4,1331.37,423.03,Credit Card,Returned,5.0
NR20250703421,2025-07-16,CUST00194,Riya Das 7,Central,Madhya Pradesh,Bhopal,Online,Electronics,Cameras,Canon EOS 1500D,1,45792.91,11,40755.69,34298.22,6457.47,Debit Card,Delivered,7.0
NR20250404889,2025-04-29,CUST00732,Pooja Singh 25,West,Gujarat,Vadodara,Online,Furniture,Office Chairs,Green Soul Monster Chair,1,13777.34,5,13088.47,9848.42,3240.05,UPI,Delivered,4.0
NR20251001061,2025-10-02,CUST00652,Yash Agarwal 22,Central,Madhya Pradesh,Jabalpur,Online,Electronics,Smartphones,Samsung Galaxy M35,1,21826.45,4,20953.39,17557.06,3396.33,Debit Card,Delivered,3.0
NR20250402566,2025-04-07,CUST00541,Aarav Sharma 19,West,Goa,Goa,Corporate,Electronics,Smartphones,Samsung Galaxy M35,3,21437.38,11,57237.8,49324.13,7913.67,Net Banking,Delivered,3.0
NR20251100024,2025-11-26,CUST00792,Pooja Singh 27,East,Jharkhand,Ranchi,Online,Office Supplies,Writing,Classmate Notebook Pack,5,447.86,10,2015.37,1445.48,569.89,UPI,Delivered,2.0
NR20251001070,2025-10-13,CUST01064,Riya Das 36,North,Delhi,Delhi,Retail Store,Office Supplies,Files,Solo Executive File Pack,8,506.45,7,3767.99,2932.48,835.51,Cash,Returned,9.0
NR20250402525,2025-04-09,CUST00863,Neha Chawla 29,East,Bihar,Patna,Retail Store,Office Supplies,Paper,JK Copier A4 Paper Ream,4,328.33,7,1221.39,955.99,265.4,UPI,Delivered,6.0
NR20251002206,2025-10-31,CUST00837,Aman Arora 28,West,Maharashtra,Nagpur,Retail Store,Office Supplies,Writing,Classmate Notebook Pack,10,451.15,7,4195.69,3173.09,1022.6,Credit Card,Delivered,3.0
NR20251001244,2025-10-20,CUST01052,Aditi Mehta 36,South,Karnataka,Mysuru,Online,Electronics,Audio,JBL Tune 770NC,3,7203.78,7,20098.55,15238.69,4859.86,Net Banking,Delivered,3.0
NR20250200017,21/02/2025,CUST00579,Karan Malhotra 20,Central,Chhattisgarh,Raipur,Retail Store,Accessories,Webcams,Logitech C270 Webcam,1,2463.08,0,2463.08,1793.85,669.23,Credit Card,Delivered,3.0
NR20250303121,2025-03-11,CUST00605,Arjun Nair 21,South,Kerala,Kochi,Online,Electronics,Audio,JBL Tune 770NC,1,7102.0,7,6604.86,5202.84,1402.02,UPI,Delivered,5.0
NR20251004643,2025-10-26,CUST01124,Riya Das 38,South,Karnataka,Mysuru,Retail Store,Accessories,Keyboards,Logitech K120 Keyboard,1,878.2,10,790.38,578.01,212.37,UPI,Delivered,2.0
NR20250104755,2025-01-16,CUST00803,Neha Chawla 27,South,Karnataka,Bengaluru,Retail Store,Accessories,Keyboards,Logitech K120 Keyboard,1,845.99,2,829.07,620.14,208.93,Debit Card,Delivered,4.0
NR20250200816,2025-02-14,CUST00086,Simran Kaur 3,Central,Madhya Pradesh,Jabalpur,Retail Store,Office Supplies,Paper,JK Copier A4 Paper Ream,2,319.84,7,594.9,452.89,142.01,UPI,Delivered,3.0
NR20251203068,2025-12-12,CUST00706,Sakshi Jain 24,North,Punjab,Ludhiana,Online,Office Supplies,Printing,HP 805 Ink Cartridge,4,1280.67,2,5020.23,3954.44,1065.79,UPI,Delivered,4.0
NR20250704853,2025-07-08,CUST00598,Isha Banerjee 20,East,Odisha,Bhubaneswar,Online,Electronics,Audio,boAt Airdopes 141,1,1403.19,2,1375.13,1033.75,341.38,Credit Card,Delivered,6.0
NR20250200960,2025-02-23,CUST01199,Mohit Saxena 40,South,Karnataka,Mysuru,Retail Store,Furniture,Office Chairs,Featherlite Astro Chair,1,10312.77,7,9590.88,7023.13,2567.75,Credit Card,Delivered,2.0
NR20251100226,2025-11-11,CUST01149,Karan Malhotra 39,East,Jharkhand,Ranchi,Online,Electronics,Tablets,Lenovo Tab M11,1,18439.5,16,15489.18,12615.39,2873.79,UPI,Delivered,6.0
NR20251103355,2025-11-26,CUST00381,Vikram Sethi 13,North,Rajasthan,Jaipur,Retail Store,Office Supplies,Printing,HP 805 Ink Cartridge,4,1231.55,14,4236.53,3350.89,885.64,UPI,Delivered,3.0
NR20251102486,2025-11-20,CUST01197,Aman Arora 40,East,Bihar,Patna,Online,Electronics,Smartphones,OnePlus Nord CE,1,25553.19,11,22742.34,20055.8,2686.54,Debit Card,Delivered,1.0
NR20250300563,2025-03-15,CUST00159,Karan Malhotra 6,West,Maharashtra,Nashik,Retail Store,Electronics,Smartphones,Samsung Galaxy M35,3,21396.04,10,57769.31,50136.77,7632.54,Cash,Returned,11.0
NR20250103437,2025-01-30,CUST00659,Mohit Saxena 22,West,Gujarat,Ahmedabad,Retail Store,Office Supplies,Printing,Epson 003 Ink Bottle,8,660.53,5,5020.03,3932.87,1087.16,Debit Card,Delivered,2.0
NR20250801694,2025-08-30,CUST00574,Ananya Iyer 20,North,Uttar Pradesh,Lucknow,Online,Office Supplies,Stationery,Kangaro Stapler Set,2,270.72,7,503.54,347.35,156.19,Debit Card,Delivered,4.0
NR20250801046,2025-08-22,CUST00149,Mohit Saxena 5,West,Maharashtra,Nashik,Online,Furniture,Desks,Wooden Study Desk,1,6534.24,5,6207.53,4497.38,1710.15,Credit Card,Delivered,3.0
NR20250703447,2025-07-14,CUST00957,Aman Arora 32,North,Punjab,Amritsar,Online,Accessories,Keyboards,Logitech K120 Keyboard,2,841.23,5,1598.34,1175.28,423.06,UPI,Delivered,6.0
NR20250204566,2025-02-26,CUST00077,Shreya Menon 3,West,Maharashtra,Nashik,Corporate,Electronics,Smartphones,Samsung Galaxy M35,15,22685.54,19,275629.31,253578.97,22050.34,Credit Card,Delivered,5.0
NR20250400955,2025-04-27,CUST01175,Arjun Nair 40,West,Maharashtra,Nagpur,Online,Electronics,Monitors,LG 24MP60G,1,12584.01,5,11954.81,9679.1,2275.71,UPI,Delivered,4.0
NR20250101145,2025-01-07,CUST00717,,North,Uttarakhand,Dehradun,Online,Office Supplies,Files,Solo Executive File Pack,3,516.53,7,1441.12,1127.92,313.2,Credit Card,Delivered,9.0
NR20251002736,2025-10-05,CUST01092,Pooja Singh 37,West,Gujarat,Ahmedabad,Retail Store,Office Supplies,Stationery,Kangaro Stapler Set,5,264.49,2,1296.0,984.94,311.06,Cash,Delivered,3.0
NR20250704973,2025-07-12,CUST00353,Neha Chawla 12,North,Punjab,Ludhiana,Online,Furniture,Office Chairs,Green Soul Monster Chair,1,13959.18,10,12563.26,9516.7,3046.56,Credit Card,Delivered,4.0
NR20250604736,2025-06-18,CUST00408,Siddharth Rao 14,West,Maharashtra,Mumbai,Online,Furniture,Office Chairs,Green Soul Monster Chair,1,13949.27,10,12554.34,9416.65,3137.69,UPI,Delivered,1.0
NR20250804939,2025-08-29,CUST00571,Aarav Sharma 20,East,Jharkhand,Ranchi,Online,Office Supplies,Writing,Cello Ball Pen Pack,3,180.88,12,477.52,335.99,141.53,Debit Card,Delivered,6.0
NR20250501219,2025-05-09,CUST00516,Diya Shah 18,Central,Madhya Pradesh,Jabalpur,Online,Accessories,Bags,Skybags Casual Backpack,1,1876.59,12,1651.4,1206.9,444.5,Net Banking,Returned,10.0
NR20250801528,2025-08-13,CUST01219,Tanvi Deshmukh 41,South,Kerala,Kochi,Corporate,Electronics,Audio,boAt Airdopes 141,2,1374.99,12,2419.98,1754.42,665.56,Net Banking,Delivered,4.0
NR20250603988,2025-06-21,CUST00391,Aarav Sharma 14,Central,Madhya Pradesh,Bhopal,Online,Office Supplies,Writing,Classmate Notebook Pack,3,454.35,10,1226.75,929.44,297.31,Credit Card,Returned,6.0
NR20251101301,2025-11-25,CUST00946,Sakshi Jain 32,East,Assam,Guwahati,Retail Store,Accessories,Bags,American Tourister Laptop Bag,2,2547.29,10,4585.12,3549.8,1035.32,Cash,Delivered,6.0
NR20250504961,2025-05-25,CUST00306,Diya Shah 11,East,West Bengal,Siliguri,Online,Office Supplies,Writing,Cello Ball Pen Pack,8,176.28,5,1339.73,976.35,363.38,UPI,Delivered,6.0
NR20250700161,2025-07-14,CUST00748,Isha Banerjee 25,South,Telangana,Hyderabad,Corporate,Accessories,Bags,American Tourister Laptop Bag,5,2587.33,5,12289.82,9082.77,3207.05,Debit Card,Delivered,1.0
NR20250204068,2025-02-07,CUST01220,Varun Bhatia 41,East,West Bengal,Kolkata,Online,Electronics,Tablets,Lenovo Tab M11,1,17584.51,2,17232.82,14562.4,2670.42,UPI,Delivered,1.0
NR20251000957,2025-10-13,CUST01050,Sneha Pillai 35,North,Rajasthan,Jaipur,Retail Store,Office Supplies,Writing,Classmate Notebook Pack,2,449.6,12,791.3,591.62,199.68,Debit Card,Delivered,1.0
NR20251103792,2025-11-06,CUST00918,Siddharth Rao 31,South,Tamil Nadu,Chennai,Online,Accessories,Cables,Portronics HDMI Cable,1,638.58,12,561.95,380.19,181.76,Credit Card,Delivered,3.0
NR20250103235,2025-01-13,CUST00043,Rahul Gupta 2,South,Karnataka,Bengaluru,Online,Accessories,Mice,Logitech M331 Mouse,2,1378.65,10,2481.57,1733.49,748.08,Credit Card,Delivered,4.0
NR20250202870,2025-02-15,CUST01010,Varun Bhatia 34,Central,Madhya Pradesh,Gwalior,Retail Store,Electronics,Laptops,Acer Aspire 5,1,61906.77,11,55097.03,47547.69,7549.34,Debit Card,Delivered,5.0
NR20251203778,2025-12-05,CUST00111,Vikram Sethi 4,East,Assam,Guwahati,Online,Accessories,Bags,Skybags Casual Backpack,4,1993.83,15,6779.02,5016.45,1762.57,Net Banking,Delivered,4.0
NR20251204434,2025-12-08,CUST00385,Manish Tiwari 13,Central,Madhya Pradesh,Gwalior,Retail Store,Furniture,Desks,IKEA Linnmon Desk,1,8502.96,2,8332.9,6298.83,2034.07,UPI,Delivered,4.0
NR20250802962,2025-08-30,CUST00914,Riya Das 31,West,Maharashtra,Mumbai,Online,Accessories,Keyboards,Logitech K120 Keyboard,2,848.81,7,1578.79,1072.45,506.34,Net Banking,Delivered,4.0
NR20251102201,2025-11-08,CUST00010,Meera Joshi 1,Central,Madhya Pradesh,Jabalpur,Online,Office Supplies,Stationery,Faber-Castell Marker Set,8,368.77,5,2802.65,2169.53,633.12,UPI,Delivered,5.0
NR20250200099,2025-02-21,CUST00831,Vikram Sethi 28,West,Maharashtra,Mumbai,Online,Accessories,Keyboards,Logitech K120 Keyboard,1,859.82,5,816.83,560.74,256.09,Net Banking,Delivered,3.0
NR20250302558,2025-03-13,CUST01180,Meera Joshi 40,south,Tamil Nadu,Chennai,Retail Store,Electronics,Laptops,HP 15s,1,57260.08,15,48671.07,42176.42,6494.65,Credit Card,Delivered,4.0
NR20251103184,2025-11-13,CUST00013,Rahul Gupta 1,South,Karnataka,Bengaluru,Online,Furniture,Storage,Metal Office Cabinet,1,9342.46,12,8221.36,5966.09,2255.27,UPI,Delivered,1.0
NR20250600254,2025-06-23,CUST01074,Priya Nanda 36,South,Kerala,Kochi,Online,Electronics,Smartphones,OnePlus Nord CE ,1,25453.57,2,24944.5,21983.67,2960.83,Net Banking,Delivered,1.0
NR20250603924,2025-06-30,CUST00222,Pooja Singh 8,West,Maharashtra,Pune,Corporate,Accessories,Power Banks,Ambrane 20000mAh Power Bank,3,1742.26,4,5017.71,3812.75,1204.96,Debit Card,Delivered,1.0
NR20250804200,2025-08-17,CUST00774,Priya Nanda 26,North,Rajasthan,Jaipur,Online,Furniture,Tables,Conference Table 6-Seater,1,28246.39,10,25421.75,20137.48,5284.27,Credit Card,Delivered,6.0
NR20250901446,2025-09-15,CUST00667,Ishaan Kapoor 23,NORTH,Delhi,Delhi,Retail Store,Electronics,Audio,JBL Tune 770NC,1,7256.96,16,6095.85,4819.52,1276.33,Debit Card,Delivered,3.0
NR20250701649,2025-07-09,CUST00543,Aditya Verma 19,South,Kerala,Kochi,Online,Furniture,Desks,Wooden Study Desk,1,6350.3,18,5207.25,3822.84,1384.41,Credit Card,Delivered,2.0
NR20250404683,2025-04-24,CUST01242,Pooja Singh 42,North,Uttar Pradesh,Noida,Retail Store,Electronics,Tablets,Lenovo Tab M11,1,18261.19,2,17895.97,14967.39,2928.58,UPI,Cancelled,0.0
NR20251104724,2025-11-22,CUST00509,Mohit Saxena 17,East,Jharkhand,Ranchi,Corporate,Office Supplies,Files,Solo Executive File Pack,20,502.52,12,8844.35,6634.89,2209.46,Net Banking,Delivered,5.0
NR20250203992,2025-02-16,CUST00784,Ananya Iyer 27,North,Uttarakhand,Dehradun,Retail Store,Office Supplies,Writing,Cello Ball Pen Pack,4,180.42,15,613.43,452.2,161.23,Cash,Delivered,2.0
NR20250801697,2025-08-30,CUST00543,Aditya Verma 19,East,Odisha,Bhubaneswar,Online,Electronics,Audio,JBL Tune 770NC,1,6933.19,9,6309.2,4670.37,1638.83,Debit Card,Delivered,4.0
NR20250203192,2025-02-18,CUST00916,Sakshi Jain 31,East,West Bengal,Kolkata,Retail Store,Office Supplies,Stationery,Kangaro Stapler Set,8,281.82,15,1916.38,1415.54,500.84,Credit Card,Delivered,8.0
NR20251104500,2025-11-13,CUST00789,Karan Malhotra 27,South,Andhra Pradesh,Visakhapatnam,Online,Furniture,Office Chairs,Featherlite Astro Chair,5,10898.76,12,47954.54,32846.84,15107.7,UPI,Delivered,4.0
NR20251101155,2025-11-16,CUST01108,Isha Banerjee 37,South,Karnataka,Bengaluru,Online,Electronics,Audio,JBL Tune 770NC,1,7075.68,17,5872.81,4573.25,1299.56,Credit Card,Delivered,5.0
NR20250802256,2025-08-07,CUST00171,Vikram Sethi 6,North,Punjab,Ludhiana,Online,Electronics,Smartphones,Samsung Galaxy M35,1,22741.37,12,20012.41,17623.34,2389.07,Net Banking,Delivered,3.0
NR20250201683,2025-02-08,CUST01222,Yash Agarwal 41,Central,Chhattisgarh,Bilaspur,Online,Office Supplies,Stationery,Faber-Castell Marker Set,2,364.36,12,641.27,488.8,152.47,UPI,Returned,8.0
NR20250303171,2025-03-25,CUST00927,Aman Arora 31,Central,Madhya Pradesh,Bhopal,Online,Office Supplies,Printing,HP 805 Ink Cartridge,4,1243.95,0,4975.8,3872.16,1103.64,UPI,Delivered,5.0
NR20250602057,2025-06-29,CUST01214,Riya Das 41,South,Tamil Nadu,Coimbatore,Retail Store,Office Supplies,Files,Solo Executive File Pack,3,511.34,15,1303.92,1017.85,286.07,UPI,Returned,8.0
NR20251204091,2025-12-09,CUST01016,Simran Kaur 34,North,Punjab,Ludhiana,Retail Store,Office Supplies,Writing,Classmate Notebook Pack,2,456.56,7,849.2,625.72,223.48,Debit Card,Delivered,3.0
NR20250503109,2025-05-11,CUST00852,Pooja Singh 29,East,Bihar,Patna,Corporate,Accessories,Bags,American Tourister Laptop Bag,8,2693.69,10,19394.57,15039.64,4354.93,Net Banking,Delivered,5.0
NR20250904549,2025-09-11,CUST01250,Varun Bhatia 42,East,Odisha,Bhubaneswar,Online,Electronics,Laptops,HP 15s,3,53475.75,2,157218.7,134395.58,22823.12,Credit Card,Delivered,3.0
NR20250403724,2025-04-29,CUST00076,Sakshi Jain 3,West,Maharashtra,Nagpur,Corporate,Office Supplies,Printing,HP 805 Ink Cartridge,20,1233.2,9,22444.24,19224.16,3220.08,Credit Card,Delivered,3.0
NR20250502050,2025-05-14,CUST00396,Diya Shah 14,South,Telangana,Hyderabad,Retail Store,Furniture,Storage,Metal Office Cabinet,2,8939.45,10,16091.01,12453.38,3637.63,Credit Card,Delivered,3.0
NR20250103644,2025-01-02,CUST00494,Riya Das 17,West,Gujarat,Ahmedabad,Retail Store,Furniture,Desks,Wooden Study Desk,1,6102.74,10,5492.47,3936.69,1555.78,UPI,Delivered,3.0
NR20250904997,2025-09-26,CUST00167,Shreya Menon 6,Central,Madhya Pradesh,Gwalior,Retail Store,Office Supplies,Printing,HP 805 Ink Cartridge,4,1182.23,7,4397.9,3634.24,763.66,UPI,Delivered,6.0
NR20251200624,2025-12-23,CUST00200,Varun Bhatia 7,West,Maharashtra,Nashik,Retail Store,Office Supplies,Stationery,Kangaro Stapler Set,8,268.24,10,1931.33,1469.22,462.11,UPI,Delivered,3.0
NR20250700263,07/26/2025,CUST00098,Kavya Reddy 4,West,Gujarat,Vadodara,Retail Store,Accessories,Bags,American Tourister Laptop Bag,3,2548.67,5,7263.71,5469.44,1794.27,UPI,Cancelled,0.0
NR20250503370,2025-05-03,CUST00915,Rohan Kulkarni 31,North,Chandigarh,Chandigarh,Retail Store,Electronics,Tablets,Lenovo Tab M11,1,17404.73,15,14794.02,12491.88,2302.14,UPI,Delivered,3.0
NR20251104062,2025-11-29,CUST00033,Aditya Verma 2,East,Assam,Guwahati,Retail Store,Office Supplies,Printing,HP 805 Ink Cartridge,4,1217.0,12,4283.84,3632.44,651.4,Debit Card,Returned,9.0
NR20250101803,2025-01-03,CUST00264,Priya Nanda 9,West,Maharashtra,Nagpur,Corporate,Furniture,Desks,IKEA Linnmon Desk,5,8558.51,7,39797.07,31018.95,8778.12,Credit Card,Delivered,3.0
NR20250704737,2025-07-04,CUST00087,Aman Arora 3,West,Maharashtra,Nashik,Online,Accessories,Power Banks,Ambrane 20000mAh Power Bank,4,1701.76,0,6807.04,5243.24,1563.8,UPI,Delivered,1.0
NR20250204258,2025-02-08,CUST00706,Sakshi Jain 24,Central,Madhya Pradesh,Indore,Retail Store,Furniture,Desks,IKEA Linnmon Desk,2,8309.77,10,14957.59,11213.34,3744.25,Debit Card,Delivered,5.0
NR20250102386,2025-01-04,CUST01103,Neha Chawla 37,North,Rajasthan,Jaipur,Corporate,Electronics,Laptops,HP 15s,15,54167.44,9,739385.56,652455.23,86930.33,Debit Card,Returned,8.0
NR20250101960,2025-01-30,CUST00992,Aditi Mehta 34,West,Gujarat,Vadodara ,Retail Store,Furniture,Storage,Wooden Filing Cabinet,1,8143.74,2,7980.87,6012.41,1968.46,Credit Card,Delivered,1.0
NR20250802977,2025-08-25,CUST00425,Arjun Nair 15,North,Uttar Pradesh,Lucknow,Online,Accessories,Bags,American Tourister Laptop Bag,2,2592.07,5,4924.93,3698.54,1226.39,Net Banking,Delivered,4.0
NR20251200489,2025-12-23,CUST00247,Ishaan Kapoor 9,West,Maharashtra,Mumbai,Online,Electronics,Cameras,Canon EOS 1500D,4,45879.93,7,170673.34,150503.46,20169.88,UPI,Delivered,2.0
NR20251001844,2025-10-22,CUST00331,Aarav Sharma 12,West,Gujarat,Surat,Online,Electronics,Cameras,Canon EOS 1500D,1,46767.59,16,39284.78,34261.54,5023.24,UPI,Delivered,4.0
NR20250701735,2025-07-22,CUST00547,Ishaan Kapoor 19,North,Rajasthan,Jaipur,Retail Store,Office Supplies,Stationery,Kangaro Stapler Set,5,282.36,18,1157.68,890.53,267.15,Credit Card,Delivered,4.0
NR20250702912,2025-07-06,CUST01037,Shreya Menon 35,South,Andhra Pradesh,Vijayawada,Retail Store,Electronics,Cameras,Canon EOS 1500D,3,46433.27,10,125369.83,108671.63,16698.2,Credit Card,Delivered,2.0
NR20250203220,2025-02-28,CUST00208,Isha Banerjee 7,Central,Madhya Pradesh,Bhopal,Corporate,Accessories,Mice, Logitech M331 Mouse,1,1426.24,12,1255.09,942.65,312.44,Debit Card,Delivered,7.0
NR20250300147,2025-03-17,CUST00018,Siddharth Rao 1,West,Gujarat,Ahmedabad,Corporate,Electronics,Laptops,Acer Aspire 5,2,58934.49,5,111975.53,96651.72,15323.81,Credit Card,Delivered,4.0
NR20250501987,2025-05-18,CUST00709,Tanvi Deshmukh 24,West,Maharashtra,Nagpur,Online,Furniture,Office Chairs,Featherlite Astro Chair,1,10473.7,5,9950.01,6951.82,2998.19,UPI,Delivered,6.0
NR20250901370,2025-09-04,CUST00780,Sneha Pillai 26,East,Odisha,Bhubaneswar,Online,Office Supplies,Printing,Epson 003 Ink Bottle,4,634.64,0,2538.56,1953.02,585.54,Credit Card,Delivered,5.0
NR20250702812,2025-07-08,CUST00328,Isha Banerjee 11,South,Andhra Pradesh,Visakhapatnam,Retail Store,Electronics,Laptops,HP 15s,1,53446.06,10,48101.45,42188.49,5912.96,Debit Card,Delivered,6.0
NR20251100660,2025-11-13,CUST00570,Sneha Pillai 19,North,Uttar Pradesh,Noida,Online,Electronics,Laptops,HP 15s,4,51600.15,14,177504.52,154185.0,23319.52,UPI,Delivered,4.0
NR20250401795,2025-04-19,CUST00854,Riya Das 29,North,Rajasthan,Jaipur,Online,Electronics,Tablets,Lenovo Tab M11,1,18598.82,11,16552.95,13679.23,2873.72,Net Banking,Delivered,5.0
NR20250802512,2025-08-04,CUST00845,Arjun Nair 29,North,Uttar Pradesh,Noida,Online,Office Supplies,Files,Solo Executive File Pack,3,526.5,12,1389.96,1091.82,298.14,UPI,Delivered,4.0
NR20250903398,2025-09-29,CUST01172,Aditi Mehta 40,East,Assam,Guwahati,Retail Store,Electronics,Cameras,Canon EOS 1500D,2,48396.57,7,90017.62,77953.53,12064.09,Credit Card,Delivered,3.0
NR20250404283,2025-04-22,CUST01231,Aarav Sharma 42,Central,Madhya Pradesh,Jabalpur,Retail Store,Accessories,Webcams,Logitech C270 Webcam,1,2572.93,10,2315.64,1708.6,607.04,Credit Card,Delivered,7.0
NR20250301148,2025-03-23,CUST00391,Aarav Sharma 14,Central,Chhattisgarh,Raipur,Online,Electronics,Monitors,LG 24MP60G,1,12414.17,12,10924.47,8838.51,2085.96,Net Banking,Pending,3.0
NR20250103273,2025-01-25,CUST01029,Karan Malhotra 35,North,Uttar Pradesh,Noida,Online,Furniture,Storage,Metal Office Cabinet,2,9004.98,7,16749.26,12949.71,3799.55,Net Banking,Delivered,3.0
NR20250400609,2025-04-05,CUST00102,Pooja Singh 4,South,Karnataka,Mysuru,Online,Office Supplies,Files,Solo Executive File Pack,4,522.76,2,2049.22,1631.42,417.8,UPI,Delivered,4.0
NR20250403583,2025-04-20,CUST00027,Aman Arora 1,Central,Chhattisgarh,Bilaspur,Retail Store,Office Supplies,Stationery,Kangaro Stapler Set,4,275.07,10,990.25,747.21,243.04,UPI,Delivered,7.0
NR20250401931,2025-04-11,CUST00652,Yash Agarwal 22,South,Tamil Nadu,Coimbatore,Corporate,Office Supplies,Printing,HP 805 Ink Cartridge,15,1233.19,2,18127.89,14782.93,3344.96,Net Banking,Delivered,4.0
NR20250900198,2025-09-21,CUST00465,Rohan Kulkarni 16,South,Tamil Nadu,Coimbatore,Online,Office Supplies,Printing,HP 805 Ink Cartridge,3,1297.02,5,3696.51,2997.8,698.71,Debit Card,Delivered,4.0
NR20250402932,2025-04-05,CUST00638,Kavya Reddy 22,South,Andhra Pradesh,Vijayawada,Corporate,Accessories,Webcams,Logitech C270 Webcam,5,2451.55,12,10786.82,8303.82,2483.0,UPI,Delivered,4.0
NR20250202328,2025-02-05,CUST00891,Vikram Sethi 30,West,Maharashtra,Nashik,Retail Store,Office Supplies,Files,Solo Executive File Pack,1,539.05,0,539.05,435.18,103.87,Debit Card,Cancelled,0.0
NR20250504390,2025-05-25,CUST00775,Manish Tiwari 26, Central ,Madhya Pradesh,Gwalior,Retail Store,Electronics,Laptops,Acer Aspire 5,1,62319.85,2,61073.45,50906.14,10167.31,Cash,Delivered,5.0
NR20250600767,2025-06-08,CUST00521,Nikhil Patil 18,South,Tamil Nadu,Coimbatore,Online,Electronics,Smartphones,OnePlus Nord CE,3,25149.93,7,70168.3,59021.7,11146.6,Net Banking,Delivered,2.0
NR20250504497,2025-05-24,CUST00040,Meera Joshi 2,Central,Madhya Pradesh,Jabalpur,Retail Store,Electronics,Smartphones,OnePlus Nord CE,2,24325.53,9,44272.46,39126.64,5145.82,Cash,Delivered,5.0
NR20250904219,2025-09-14,CUST00201,Vikram Sethi 7,South,Karnataka,Mysuru,Online,Office Supplies,Writing,Classmate Notebook Pack,2,456.0,5,866.4,658.19,208.21,Credit Card,Delivered,5.0
NR20251003256,2025-10-26,CUST00440,Varun Bhatia 15,North,Rajasthan,Jaipur,Retail Store,Office Supplies,Files,Solo Executive File Pack,5,514.72,10,2316.24,1794.82,521.42,UPI,Delivered,3.0
NR20251200203,2025-12-13,CUST00694,Ananya Iyer 24,West,Gujarat,Vadodara,Online,Furniture,Storage,Metal Office Cabinet,1,9164.32,10,8247.89,6232.26,2015.63,UPI,Delivered,6.0
NR20250803511,2025-08-24,CUST00538,Isha Banerjee 18,North,Uttar Pradesh,Lucknow,Online,Electronics,Monitors,LG 24MP60G,1,13006.86,7,12096.38,10555.95,1540.43,Net Banking,Delivered,4.0
NR20251001734,2025-10-02,CUST00508,Isha Banerjee 17,East,Assam,Guwahati,Online,Accessories,Bags,Skybags Casual Backpack,1,1945.48,4,1867.66,1335.94,531.72,Net Banking,Delivered,3.0
NR20250202778,2025-02-04,CUST00226,Sakshi Jain 8,East,Jharkhand,Ranchi,Online,Electronics,Monitors,LG 24MP60G,2,12726.5,10,22907.7,18040.83,4866.87,Debit Card,Delivered,4.0
NR20250901708,2025-09-03,CUST01249,Tanvi Deshmukh 42,North,Punjab,Amritsar,Corporate,Electronics,Tablets,Lenovo Tab M11,5,18606.71,14,80008.85,66018.88,13989.97,Net Banking,Delivered,7.0
NR20250203475,2025-02-25,CUST00302,Aditi Mehta 11,South,Andhra Pradesh,Vijayawada,Retail Store,Furniture,Tables,Conference Table 6-Seater,4,27590.92,5,104845.5,82655.6,22189.9,UPI,Delivered,3.0
NR20250900855,2025-09-25,CUST00236,Simran Kaur 8,West,Gujarat,Ahmedabad,Retail Store,Furniture,Tables,Conference Table 6-Seater,1,28354.73,2,27787.64,22691.48,5096.16,UPI,Delivered,2.0
NR20250304738,2025-03-11,CUST00197,Shreya Menon 7,Central,Madhya Pradesh,Indore,Online,Electronics,Laptops,Acer Aspire 5,2,60242.79,9,109641.88,91209.82,18432.06,Credit Card,Delivered,6.0
NR20250504098,2025-05-26,CUST00634,Ananya Iyer 22,West,Maharashtra,Nashik,Online,Electronics,Monitors,LG 24MP60G,3,12942.86,9,35334.01,29959.05,5374.96,UPI,Delivered,3.0
NR20251102161,2025-11-13,CUST00096,Diya Shah 4,West,Goa,Goa,Retail Store,Accessories,Cables,Portronics HDMI Cable,1,665.56,7,618.97,423.13,195.84,Credit Card,Returned,6.0
NR20251200699,2025-12-04,CUST01001,Nikhil Patil 34,South,Kerala,Kochi,Online,Office Supplies,Printing,Epson 003 Ink Bottle,2,662.14,12,1165.37,942.11,223.26,Credit Card,Delivered,4.0
NR20250201074,2025-02-16,CUST00184,Ananya Iyer 7,North,Uttarakhand,Dehradun,Retail Store,Furniture,Tables,Conference Table 6-Seater,2,29015.51,15,49326.37,38136.08,11190.29,Credit Card,Delivered,5.0
NR20250403000,2025-04-25,CUST01112,Aditi Mehta 38,West,Gujarat,Vadodara,Retail Store,Office Supplies,Writing,Cello Ball Pen Pack,10,184.77,10,1662.93,1195.44,467.49,Cash,Delivered,4.0
NR20250303697,2025-03-18,CUST00414,Priya Nanda 14,South,Kerala,Kochi,Online,Electronics,Cameras,Canon EOS 1500D,1,43712.78,12,38467.25,31932.79,6534.46,UPI,Cancelled,0.0
NR20250101637,2025-01-07,CUST00472,Yash Agarwal 16,East,Jharkhand,Ranchi,Retail Store,Electronics,Cameras,Canon EOS 1500D,1,46794.35,10,42114.92,34887.3,7227.62,Debit Card,Delivered,4.0
NR20250103458,2025-01-10,CUST00016,Sakshi Jain 1,North,Delhi,Delhi,Retail Store,Electronics,Audio,JBL Tune 770NC,1,7018.61,0,7018.61,5360.87,1657.74,Cash,Delivered,5.0
NR20250803582,2025-08-03,CUST00745,Manish Tiwari 25,East,West Bengal,Siliguri,Corporate,Electronics,Laptops,Acer Aspire 5,2,63540.49,14,109289.64,90209.48,19080.16,Net Banking,Delivered,6.0
NR20250901292,2025-09-27,CUST01205,Arjun Nair 41,West,Maharashtra,Pune,Retail Store,Accessories,Mice,Logitech M331 Mouse,1,1456.68,15,1238.18,941.93,296.25,UPI,Delivered,1.0
NR20251204660,2025-12-30,CUST00870,Sneha Pillai 29,North,Punjab,Ludhiana,Retail Store,Office Supplies,Writing,Classmate Notebook Pack,1,460.47,12,405.21,298.27,106.94,UPI,Delivered,3.0
NR20250801854,2025-08-03,CUST00688,Isha Banerjee 23,West,Gujarat,Ahmedabad,Online,Electronics,Cameras,Canon EOS 1500D,1,46588.59,6,43793.27,38049.08,5744.19,Debit Card,Delivered,3.0
NR20251203764,2025-12-05,CUST00948,Siddharth Rao 32,West,Gujarat,Surat,Online,Furniture,Office Chairs,Featherlite Astro Chair,3,10026.36,7,27973.54,18848.98,9124.56,Net Banking,Returned,7.0
NR20251003305,2025-10-06,CUST00623,Neha Chawla 21,North,Uttar Pradesh,Lucknow,Online,Electronics,Monitors,LG 24MP60G,1,12634.69,9,11497.57,9531.32,1966.25,UPI,Delivered,3.0
NR20250204982,2025-02-15,CUST01183,Rahul Gupta 40,West,Gujarat,Surat,Retail Store,Accessories,Mice,Logitech M331 Mouse,5,1483.08,10,6673.86,4754.76,1919.1,Debit Card,Delivered,3.0
NR20250303744,2025-03-12,CUST01231,Aarav Sharma 42,North,Delhi,Delhi,Online,Furniture,Office Chairs,Green Soul Monster Chair,1,14466.89,0,14466.89,10141.68,4325.21,Credit Card,Returned,6.0
NR20250303446,2025-03-29,CUST00697,Ishaan Kapoor 24,North,Chandigarh,Chandigarh,Retail Store,Electronics,Monitors,LG 24MP60G,1,12182.28,10,10964.05,9159.91,1804.14,UPI,Delivered,1.0
NR20250901999,2025-09-01,CUST00718,Isha Banerjee 24,West,Maharashtra,Mumbai,Retail Store,Furniture,Storage,Metal Office Cabinet,2,8793.15,10,15827.67,11509.04,4318.63,UPI,Delivered,4.0
NR20250900664,2025-09-01,CUST01027,Ishaan Kapoor 35,North,Delhi,Delhi,Online,Furniture,Storage,Metal Office Cabinet,1,9048.07,10,8143.26,6211.53,1931.73,Credit Card,Delivered,4.0
NR20250604780,2025-06-25,CUST00251,Nikhil Patil 9,North,Punjab,Ludhiana,Corporate,Electronics,Audio,boAt Airdopes 141,8,1356.71,9,9876.85,7142.35,2734.5,Credit Card,Delivered,2.0
NR20251103749,2025-11-03,CUST00459,Karan Malhotra 16,West,Maharashtra,Pune,Online,Furniture,Office Chairs,Featherlite Astro Chair,1,10553.13,7,9814.41,7024.85,2789.56,UPI,Delivered,2.0
NR20251104414,2025-11-03,CUST00547,Ishaan Kapoor 19,West,Gujarat,Surat,Online,Accessories,Cables,Portronics HDMI Cable,1,666.57,5,633.24,429.26,203.98,Net Banking,Delivered,3.0
NR20251004745,2025-10-10,CUST00631,Aarav Sharma 22,South,Kerala,Kochi,Retail Store,Electronics,Smartphones,OnePlus Nord CE,1,24472.6,11,21780.61,19146.32,2634.29,UPI,Delivered,5.0
NR20250100710,2025-01-04,CUST00255,Rohan Kulkarni 9,East,Assam,Guwahati,Retail Store,Electronics,Smartphones,Samsung Galaxy M35,2,22494.52,5,42739.59,36545.57,6194.02,Debit Card,Delivered,7.0
NR20251101283,2025-11-20,CUST00882,Pooja Singh 30,South,Tamil Nadu,Chennai,Retail Store,Electronics,Laptops,HP 15s,2,55123.56,14,94812.52,82156.12,12656.4,Debit Card,Delivered,2.0
NR20251202676,2025-12-31,CUST00556,Sakshi Jain 19,Central,Chhattisgarh,Raipur,Online,Electronics,Smartphones,OnePlus Nord CE,3,24621.45,7,68693.85,60719.55,7974.3,UPI,Delivered,4.0
NR20251104030,2025-11-07,CUST00725,Arjun Nair 25,South,Kerala,Kochi,Online,Office Supplies,Writing,Cello Ball Pen Pack,3,183.97,10,496.72,357.68,139.04,Debit Card,Delivered,1.0
NR20250201307,2025-02-18,CUST00519,Karan Malhotra 18, Central ,Chhattisgarh,Raipur,Retail Store,Accessories,Power Banks,Ambrane 20000mAh Power Bank,2,1666.42,5,3166.2,2458.53,707.67,Cash,Delivered,4.0
NR20251102238,2025-11-11,CUST00036,Diya Shah 2,Central,Chhattisgarh,Raipur,Corporate,Electronics,Audio,boAt Airdopes 141,3,1371.78,14,3539.19,2507.52,1031.67,Net Banking,Delivered,8.0
NR20250803303,2025-08-28,CUST01021,Aarav Sharma 35,Central,Chhattisgarh,Bilaspur,Online,Electronics,Audio,JBL Tune 770NC,2,7176.14,0,14352.28,10447.6,3904.68,Net Banking,Delivered,6.0
NR20250302039,2025-03-07,CUST00983,Neha Chawla 33,Central,Madhya Pradesh,Jabalpur,Corporate,Accessories,Mice,Logitech M331 Mouse,8,1427.31,7,10619.19,7477.4,3141.79,Debit Card,Delivered,6.0
NR20250701530,2025-07-27,CUST00105,Rohan Kulkarni 4,South,Karnataka,Bengaluru,Online,Office Supplies,Stationery,Faber-Castell Marker Set,10,355.58,7,3306.89,2543.64,763.25,Net Banking,Delivered,5.0
NR20250301664,2025-03-23,CUST00935,Arjun Nair 32,West,Maharashtra,Nashik,Retail Store,Electronics,Laptops,Acer Aspire 5,2,64940.84,7,120789.96,101706.21,19083.75,Debit Card,Delivered,3.0
NR20250701056,2025-07-18,CUST00920,Varun Bhatia 31,West,Maharashtra,Pune,Retail Store,Furniture,Desks,Wooden Study Desk,1,6663.01,10,5996.71,4431.92,1564.79,UPI,Delivered,3.0
NR20250601118,2025-06-22,CUST01197,Aman Arora 40,North,Uttar Pradesh,Lucknow,Corporate,Electronics,Laptops,HP 15s,8,56088.1,12,394860.22,331771.08,63089.14,Debit Card,Delivered,6.0
NR20251103628,2025-11-18,CUST00310,Meera Joshi 11,West,Goa,Goa,Retail Store,Electronics,Tablets,Lenovo Tab M11,1,17986.23,12,15827.88,13183.93,2643.95,Debit Card,Delivered,1.0
NR20251204892,2025-12-19,CUST00783,Aditya Verma 27,East,Odisha,Bhubaneswar,Retail Store,Electronics,Monitors,LG 24MP60G,1,12437.96,12,10945.4,8988.31,1957.09,Credit Card,Delivered,3.0
NR20251202694,2025-12-20,CUST00440,Varun Bhatia 15,West,Gujarat,Ahmedabad,Retail Store,Office Supplies,Printing,HP 805 Ink Cartridge,3,1265.87,10,3417.85,2797.79,620.06,UPI,Delivered,1.0
NR20251003061,2025-10-02,CUST00862,Yash Agarwal 29,North,Delhi,Delhi,Online,Electronics,Audio,JBL Tune 770NC,2,7136.68,9,12988.76,9681.47,3307.29,Credit Card,Delivered,2.0
NR20251001598,2025-10-11,CUST00976,Sakshi Jain 33,North,Uttarakhand,Dehradun,Retail Store,Electronics,Laptops,Acer Aspire 5,1,63314.8,7,58882.76,50460.34,8422.42,Credit Card,Delivered,6.0
NR20251002730,2025-10-19,CUST00258,Siddharth Rao 9,South,Karnataka,Bengaluru,Online,Electronics,Monitors,LG 24MP60G,2,12476.65,12,21958.9,18636.07,3322.83,Credit Card,Delivered,3.0
NR20250602626,2025-06-16,CUST01105,Manish Tiwari 37,South,Karnataka,Mysuru,Online,Office Supplies,Stationery,Kangaro Stapler Set,4,275.9,12,971.17,726.24,244.93,Credit Card,Delivered,4.0
NR20250203158,2025-02-24,CUST00469,Tanvi Deshmukh 16,West,Gujarat,Ahmedabad,Online,Furniture,Office Chairs,Featherlite Astro Chair,2,10304.29,5,19578.15,13884.3,5693.85,Debit Card,Delivered,4.0
NR20250903315,2025-09-08,CUST00893,Neha Chawla 30,West,Goa,Goa,Online,Office Supplies,Writing,Classmate Notebook Pack,3,435.39,15,1110.24,836.64,273.6,UPI,Delivered,5.0
NR20250401723,2025-04-17,CUST00238,Isha Banerjee 8,East,West Bengal,Kolkata,Online,Furniture,Storage,Metal Office Cabinet,1,9029.23,10,8126.31,6022.88,2103.43,UPI,Delivered,6.0
NR20251001060,2025-10-28,CUST01221,Vikram Sethi 41,West,Gujarat,Vadodara,Retail Store,Electronics,Cameras,Canon EOS 1500D,3,47109.51,10,127195.68,110437.58,16758.1,UPI,Delivered,1.0
NR20250804637,2025-08-08,CUST00897,Aman Arora 30,East,Assam,Guwahati,Corporate,Electronics,Audio,boAt Airdopes 141,10,1448.65,9,13182.72,9561.45,3621.27,Debit Card,Delivered,5.0
NR20251203243,2025-12-18,CUST00589,Tanvi Deshmukh 20,West,Gujarat,Ahmedabad,Corporate,Electronics,Laptops,Acer Aspire 5,3,62152.84,10,167812.67,138994.76,28817.91,Net Banking,Delivered,4.0
NR20250701679,2025-07-16,CUST00499,Tanvi Deshmukh 17,Central,Madhya Pradesh,Gwalior,Retail Store,Accessories,Bags,Skybags Casual Backpack,1,1912.19,12,1682.73,1218.17,464.56,Debit Card,Delivered,4.0
NR20251201758,2025-12-19,CUST00727,Ishaan Kapoor 25,Central,Chhattisgarh,Raipur,Corporate,Office Supplies,Stationery,Faber-Castell Marker Set,15,358.9,14,4629.81,3456.54,1173.27,UPI,Delivered,5.0
NR20251204192,2025-12-30,CUST00714,Priya Nanda 24,North,Uttar Pradesh,Lucknow,Online,Electronics,Audio,JBL Tune 770NC,3,6874.17,13,17941.58,13310.07,4631.51,UPI,Delivered,4.0
NR20250800564,2025-08-25,CUST00267,Aman Arora 9,South,Telangana,Hyderabad,Retail Store,Furniture,Storage,Metal Office Cabinet,2,9599.29,15,16318.79,12883.31,3435.48,Credit Card,Delivered,2.0
NR20250302791,2025-03-04,CUST00704,Riya Das 24,South,Telangana,Hyderabad,Retail Store,Electronics,Audio,JBL Tune 770NC,1,7050.5,2,6909.49,5171.71,1737.78,Cash,Delivered,1.0
NR20250600864,2025-06-26,CUST00601,Aarav Sharma 21,South,Karnataka,Bengaluru,Online,Office Supplies,Printing,Epson 003 Ink Bottle,8,628.9,5,4779.64,3826.13,953.51,Credit Card,Delivered,2.0
NR20251001485,2025-10-26,CUST00565,Manish Tiwari 19,Central,Madhya Pradesh,Bhopal,Online,Office Supplies,Stationery,Faber-Castell Marker Set,2,360.34,12,634.2,473.6,160.6,UPI,Delivered,6.0
NR20250800207,2025-08-19,CUST00355,Manish Tiwari 12,South,Andhra Pradesh,Vijayawada,Retail Store,Electronics,Monitors,LG 24MP60G,2,12512.87,17,20771.36,17480.85,3290.51,Debit Card,Delivered,2.0
NR20250304489,2025-03-13,CUST00178,Isha Banerjee 6,Central,Chhattisgarh,Raipur,Online,Electronics,Smartphones,OnePlus Nord CE,3,23564.92,14,60797.49,52469.21,8328.28,Credit Card,Delivered,6.0
NR20250800871,2025-08-01,CUST00718,Isha Banerjee 24,East,West Bengal,Kolkata,Online,Office Supplies,Stationery,Faber-Castell Marker Set,2,376.99,7,701.2,526.17,175.03,Net Banking, Delivered,5.0
NR20250804494,2025-08-12,CUST01239,Karan Malhotra 42,West,Goa,Goa,Corporate,Electronics,Laptops,Acer Aspire 5,8,63970.29,19,414527.48,358483.38,56044.1,Net Banking,Delivered,5.0
NR20250900503,2025-09-25,CUST00770,Varun Bhatia 26,West,Gujarat,Surat,Retail Store,Electronics,Audio,JBL Tune 770NC,3,7368.47,22,17242.22,12976.67,4265.55,Credit Card,Delivered,5.0
NR20250601029,2025-06-07,CUST00411,Vikram Sethi 14,East,Odisha,Bhubaneswar,Retail Store,Electronics,Laptops,Acer Aspire 5,1,60559.31,10,54503.38,46317.61,8185.77,UPI,Delivered,2.0
NR20251103841,2025-11-21,CUST00750,Sneha Pillai 25,West,Maharashtra,Nashik,Online,Accessories,Webcams,Logitech C270 Webcam,2,2546.24,5,4837.86,3621.48,1216.38,UPI,Delivered,6.0
NR20250302691,2025-03-04,CUST00929,Mohit Saxena 31,West,Maharashtra,Mumbai,Retail Store,Electronics,Tablets,Lenovo Tab M11,1,18571.63,20,14857.3,12544.16,2313.14,UPI,Delivered,2.0
NR20250201571,2025-02-18,CUST00835,Manish Tiwari 28,South,Karnataka,Mysuru,Retail Store,Office Supplies,Printing,HP 805 Ink Cartridge,2,1202.55,7,2236.74,1790.02,446.72,Cash,Delivered,1.0
NR20250502774,2025-05-20,CUST00605,Arjun Nair 21,West,Gujarat,Surat,Online,Electronics,Tablets,Lenovo Tab M11,2,17892.6,5,33995.94,28939.19,5056.75,UPI,Delivered,3.0
NR20250902732,2025-09-16,CUST01183,Rahul Gupta 40,West,Gujarat,Vadodara,Online,Electronics,Audio,JBL Tune 770NC,1,7281.57,19,5898.07,4551.02,1347.05,Debit Card,Delivered,2.0
NR20250400805,2025-04-30,CUST00102,Pooja Singh 4,South,Andhra Pradesh,Visakhapatnam,Online,Office Supplies,Printing,HP 805 Ink Cartridge,1,1249.09,0,1249.09,1022.01,227.08,UPI,Delivered,4.0
NR20250603646,2025-06-01,CUST00423,Aditya Verma 15,North,Punjab,Ludhiana,Retail Store,Office Supplies,Files,Solo Executive File Pack,5,518.96,7,2413.16,1849.11,564.05,Debit Card,Delivered,3.0
NR20251002455,2025-10-06,CUST00630,Sneha Pillai 21,East,Odisha,Bhubaneswar,Retail Store,Accessories,Bags,Skybags Casual Backpack,3,1956.22,2,5751.29,4274.8,1476.49,Debit Card,Delivered,2.0
NR20251104599,2025-11-30,CUST00007,Ishaan Kapoor 1,North,Delhi,Delhi,Corporate,Electronics,Tablets,Lenovo Tab M11,8,17725.88,18,116281.77,95727.28,20554.49,Net Banking,Delivered,3.0
NR20250703105,2025-07-07,CUST00753,Aditya Verma 26,South,Telangana,Hyderabad,Retail Store,Accessories,Webcams,Logitech C270 Webcam,1,2472.86,7,2299.76,1784.67,515.09,Debit Card,Delivered,4.0
NR20250704876,2025-07-30,CUST00089,Mohit Saxena 3,West,Gujarat,Ahmedabad,Retail Store,Accessories,Keyboards,Logitech K120 Keyboard,1,850.82,5,808.28,600.23,208.05,Cash,Delivered,3.0
NR20250100201,2025-01-04,CUST00713,Neha Chawla 24,North,Chandigarh,Chandigarh,Retail Store,Electronics,Monitors,LG 24MP60G,1,12593.41,15,10704.4,8775.84,1928.56,Debit Card,Delivered,6.0
NR20250203100,2025-02-11,CUST00708,Siddharth Rao 24,West,Gujarat,Ahmedabad,Corporate,Furniture,Storage,Metal Office Cabinet,10,9283.21,10,83548.89,66331.82,17217.07,Net Banking,Delivered,3.0
NR20250602279,2025-06-27,CUST00166,Sakshi Jain 6,West,Maharashtra,Pune,Corporate,Office Supplies,Stationery,Faber-Castell Marker Set,20,357.59,9,6508.14,5080.66,1427.48,Net Banking,Delivered,7.0
NR20250503562,2025-05-11,CUST00586,Sakshi Jain 20,West,Maharashtra,Nagpur,Online,Accessories,Mice,Logitech M331 Mouse,2,1543.7,10,2778.66,2079.33,699.33,Net Banking,Delivered,2.0
NR20251104475,2025-11-27,CUST00166,Sakshi Jain 6, West ,Maharashtra,Nagpur,Retail Store,Electronics,Cameras,Canon EOS 1500D,5,45163.52,17,187428.61,157301.13,30127.48,Credit Card,Delivered,5.0
NR20250404515,2025-04-24,CUST01241,Nikhil Patil 42,South,Tamil Nadu,Coimbatore,Retail Store,Office Supplies,Printing,HP 805 Ink Cartridge,1,1238.6,15,1052.81,857.93,194.88,Credit Card,Delivered,3.0
NR20250200392,2025-02-12,CUST00351,Vikram Sethi 12,South,Karnataka,Mysuru,Retail Store,Electronics,Tablets,Lenovo Tab M11,1,18191.57,12,16008.58,13731.19,2277.39,Cash,Delivered,2.0
NR20250201496,2025-02-14,CUST00580,Meera Joshi 20,East,Jharkhand,Ranchi,Online,Electronics,Laptops,HP 15s,2,54189.78,9,98625.4,83355.79,15269.61,Credit Card,Delivered,4.0
NR20251002696,2025-10-04,CUST00290,Varun Bhatia 10,South,Andhra Pradesh,Vijayawada,Retail Store,Electronics,Audio,boAt Airdopes 141,1,1370.92,7,1274.96,919.49,355.47,UPI,Delivered,4.0
NR20250302028,2025-03-27,CUST01205,Arjun Nair 41,South,Kerala,Kochi,Online,Accessories,Webcams,Logitech C270 Webcam,1,2453.23,7,2281.5,1746.42,535.08,Credit Card,Delivered,1.0
NR20250502569,2025-05-16,CUST00772,Yash Agarwal 26,West,Maharashtra,Pune,Retail Store,Furniture,Office Chairs,Green Soul Monster Chair,3,14630.32,2,43013.14,30587.55,12425.59,UPI,Delivered,4.0
NR20250400065,2025-04-18,CUST00507,Aman Arora 17,South,Andhra Pradesh,Vijayawada,Retail Store,Office Supplies,Writing,Classmate Notebook Pack,10,473.18,15,4022.03,3108.97,913.06,UPI,Delivered,1.0
NR20250403885,2025-04-25,CUST00567,Aman Arora 19,South,Andhra Pradesh,Visakhapatnam,Online,Electronics,Audio,boAt Airdopes 141,1,1407.89,7,1309.34,981.69,327.65,Credit Card,Delivered,2.0
NR20250602063,2025-06-26,CUST00361,Aarav Sharma 13,West,Maharashtra,Nagpur,Retail Store,Electronics,Smartphones,Samsung Galaxy M35,3,22817.5,12,60238.2,52767.83,7470.37,Credit Card,Delivered,1.0
NR20250500493,2025-05-03,CUST01165,Manish Tiwari 39,North,Chandigarh,Chandigarh,Online,Electronics,Tablets,Lenovo Tab M11,1,17896.5,2,17538.57,14999.44,2539.13,Credit Card,Delivered,4.0
NR20251000380,2025-10-15,CUST00824,Riya Das 28,East,West Bengal,Kolkata,Online,Office Supplies,Paper,JK Copier A4 Paper Ream,10,331.47,10,2983.23,2327.42,655.81,UPI,Delivered,6.0
NR20250604860,2025-06-27,CUST00449,Mohit Saxena 15,South,Karnataka,Bengaluru,Online,Office Supplies,Stationery,Kangaro Stapler Set,1,286.65,5,272.32,200.57,71.75,UPI,Delivered,4.0
NR20251003994,2025-10-30,CUST00962,Aditi Mehta 33,West,Maharashtra,Nashik,Retail Store,Accessories,Keyboards,Logitech K120 Keyboard,2,846.36,10,1523.45,1090.71,432.74,Credit Card,Delivered,4.0
NR20251104888,2025-11-06,CUST00944,Riya Das 32,North,Uttar Pradesh,Lucknow,Online,Furniture,Desks,Wooden Study Desk,2,6691.29,10,12044.32,8896.84,3147.48,Net Banking,Delivered,5.0
NR20251001077,2025-10-21,CUST00358,Isha Banerjee 12,East,Assam,Guwahati,Corporate,Accessories,Bags,American Tourister Laptop Bag,20,2616.6,4,50238.72,36700.79,13537.93,Credit Card,Delivered,8.0
NR20250900879,2025-09-04,CUST00892,Yash Agarwal 30,East,Odisha,Bhubaneswar,Online,Office Supplies,Files,Solo Executive File Pack,2,501.73,5,953.29,734.4,218.89,UPI,Delivered,3.0
NR20251200338,2025-12-17,CUST01148,Kavya Reddy 39,West,Gujarat,Surat,Online,Electronics,Tablets,Lenovo Tab M11,3,17915.4,14,46221.73,39238.18,6983.55,Credit Card,Delivered,5.0
NR20250501017,2025-05-31,CUST00808,Isha Banerjee 27,South,Tamil Nadu,Coimbatore,Retail Store,Office Supplies,Printing,Epson 003 Ink Bottle,1,676.29,0,676.29,518.07,158.22,Credit Card,Delivered,7.0
NR20251101276,2025-11-01,CUST00384,Priya Nanda 13,East,West Bengal,Kolkata,Online,Furniture,Desks,IKEA Linnmon Desk,1,8572.42,12,7543.73,5639.98,1903.75,Debit Card,Returned,9.0
NR20251103799,2025-11-20,CUST00132,Pooja Singh 5,East,Jharkhand,Ranchi,Online,Office Supplies,Stationery,Kangaro Stapler Set,5,278.05,15,1181.71,847.07,334.64,UPI,Delivered,5.0
NR20251204552,2025-12-28,CUST01168,Isha Banerjee 39,West,Goa,Goa,Online,Electronics,Cameras,Canon EOS 1500D,1,46602.02,7,43339.88,37827.38,5512.5,UPI,Delivered,7.0
NR20250703343,2025-07-24,CUST01188,Siddharth Rao 40,East,Assam,Guwahati,Online,Office Supplies,Files,Solo Executive File Pack,4,507.53,5,1928.61,1443.31,485.3,Credit Card,Delivered,7.0
NR20250504912,2025-05-21,CUST00749,Mohit Saxena 25,East,West Bengal,Kolkata,Retail Store,Office Supplies,Writing,Classmate Notebook Pack,3,422.63,10,1141.1,893.58,247.52,UPI,Delivered,7.0
NR20250100996,2025-01-10,CUST01168,Isha Banerjee 39,Central,Chhattisgarh,Bilaspur,Corporate,Electronics,Audio,JBL Tune 770NC,10,7081.57,17,58777.03,43716.17,15060.86,Debit Card,Delivered,4.0
NR20250701982,2025-07-01,CUST00965,Arjun Nair 33,Central,Madhya Pradesh,Jabalpur,Corporate,Office Supplies,Printing,Epson 003 Ink Bottle,3,635.18,12,1676.88,1339.27,337.61,UPI,Delivered,4.0
NR20250704298,2025-07-24,CUST00823,Rahul Gupta 28,South,Andhra Pradesh,Vijayawada,Online,Furniture,Storage,Metal Office Cabinet,1,9191.41,10,8272.27,6152.62,2119.65,UPI,Delivered,3.0
NR20250100162,2025-01-30,CUST00384,Priya Nanda 13,South,Karnataka,Bengaluru,Online,Electronics,Cameras,Canon EOS 1500D,1,48169.12,12,42388.83,35511.9,6876.93,UPI,Delivered,5.0
NR20250204799,2025-02-08,CUST00495,Rohan Kulkarni 17,South,Andhra Pradesh,Vijayawada,Online,Office Supplies,Paper,JK Copier A4 Paper Ream,4,328.12,12,1154.98,883.94,271.04,Credit Card,Delivered,5.0
NR20250401501,2025-04-16,CUST01065,Rohan Kulkarni 36,West,Maharashtra,Nashik,Online,Accessories,Mice,Logitech M331 Mouse,3,1481.63,5,4222.65,3048.27,1174.38,UPI,Delivered,4.0
NR20251203844,2025-12-13,CUST00114,Priya Nanda 4,Central,Chhattisgarh,Bilaspur,Corporate,Furniture,Storage,Wooden Filing Cabinet,5,7609.98,14,32722.91,24793.15,7929.76,Net Banking,Delivered,6.0
NR20250802614,2025-08-10,CUST00880,Meera Joshi 30,South,Kerala,Kochi,Retail Store,Electronics,Laptops,Acer Aspire 5,2,62361.35,7,115992.11,99893.06,16099.05,UPI,Delivered,5.0
NR20251003462,2025-10-28,CUST00474,Priya Nanda 16,North,Rajasthan,Jaipur,Corporate,Electronics,Tablets,Lenovo Tab M11,20,17751.94,22,276930.26,233738.95,43191.31,Credit Card,Delivered,9.0
NR20250901022,2025-09-09,CUST00941,Nikhil Patil 32,West,Gujarat,Ahmedabad,Retail Store,Furniture,Storage,Wooden Filing Cabinet,2,7772.84,12,13680.2,10680.33,2999.87,Credit Card,Cancelled,0.0
NR20251203074,2025-12-31,CUST00355,Manish Tiwari 12,North,Uttar Pradesh,Lucknow,Retail Store,Furniture,Storage,Wooden Filing Cabinet,1,7565.27,7,7035.7,5295.95,1739.75,Cash,Delivered,4.0
NR20250103944,2025-01-14,CUST00309,Karan Malhotra 11,North,Uttar Pradesh,Lucknow,Online,Office Supplies,Stationery,Faber-Castell Marker Set,10,348.9,5,3314.55,2585.87,728.68,Net Banking,Delivered,4.0
NR20250701586,2025-07-23,CUST00603,Aditya Verma 21,West,Maharashtra,Mumbai,Retail Store,Furniture,Desks,Wooden Study Desk,1,6615.57,0,6615.57,4764.11,1851.46,UPI,Delivered,3.0
NR20250901956,2025-09-16,CUST00848,Kavya Reddy 29,Central,Chhattisgarh,Bilaspur,Corporate,Furniture,Office Chairs,Featherlite Astro Chair,3,10639.98,7,29685.54,20825.14,8860.4,UPI,Delivered,7.0
NR20251003153,2025-10-07,CUST00099,Karan Malhotra 4,North,Chandigarh,Chandigarh,Online,Accessories,Cables,Belkin USB-C Cable,1,1083.35,12,953.35,685.84,267.51,Debit Card,Delivered,3.0
NR20250900035,2025-09-18,CUST01063,Rahul Gupta 36,South,Karnataka,Mysuru,Retail Store,Office Supplies,Printing,HP 805 Ink Cartridge,4,1331.18,7,4951.99,3932.88,1019.11,Credit Card,Delivered,4.0
NR20251004015,2025-10-21,CUST00325,Manish Tiwari 11,West,Gujarat,Surat,Online,Electronics,Laptops,HP 15s,1,55029.42,7,51177.36,44523.01,6654.35,Credit Card,Delivered,2.0
NR20250800776,2025-08-04,CUST00764,Riya Das 26,West,Maharashtra,Pune,Online,Electronics,Laptops,HP 15s,1,51374.8,4,49319.81,41613.07,7706.74,Credit Card,Delivered,5.0
NR20250202557,2025-02-24,CUST01077,Aman Arora 36,South,Karnataka,Mysuru,Online,Furniture,Storage,Wooden Filing Cabinet,1,7692.91,12,6769.76,5222.71,1547.05,Debit Card,Delivered,3.0
NR20251101479,2025-11-12,CUST01044,Priya Nanda 35,West,Goa,Goa,Online,Electronics,Audio,boAt Airdopes 141,1,1418.16,7,1318.89,975.95,342.94,Credit Card,Delivered,1.0
NR20250101364,2025-01-26,CUST00303,Aditya Verma 11,West,Gujarat,Ahmedabad,Online,Electronics,Audio,boAt Airdopes 141,3,1465.07,7,4087.55,3019.61,1067.94,UPI,Delivered,3.0
NR20251102613,2025-11-24,CUST00538,Isha Banerjee 18,North,Delhi,Delhi,Online,Furniture,Desks,Wooden Study Desk,2,6606.47,15,11231.0,8170.07,3060.93,UPI,Delivered,1.0
NR20250502825,2025-05-22,CUST00095,Arjun Nair 4,West,Maharashtra,Nagpur,Retail Store,Furniture,Storage,Metal Office Cabinet,1,9340.32,10,8406.29,6650.87,1755.42,Debit Card,Delivered,1.0
NR20250802042,2025-08-28,CUST01052,Aditi Mehta 36,West,Gujarat,Ahmedabad,Online,Accessories,Keyboards,Logitech K120 Keyboard,3,866.77,7,2418.29,1714.61,703.68,Debit Card,Cancelled,0.0
NR20250600242,2025-06-16,CUST01130,Varun Bhatia 38,East,Assam,Guwahati,Online,Office Supplies,Printing,HP 805 Ink Cartridge,8,1234.55,15,8394.94,6759.2,1635.74,Debit Card,Delivered,7.0
NR20250402062,2025-04-07,CUST00799,Tanvi Deshmukh 27,West,Gujarat,Vadodara,Online,Accessories,Mice,Logitech M331 Mouse,1,1463.83,10,1317.45,961.73,355.72,UPI,Delivered,4.0
NR20251202364,2025-12-05,CUST00436,Sakshi Jain 15,East,West Bengal,Siliguri,Online,Accessories,Webcams,Logitech C270 Webcam,1,2501.23,7,2326.14,1763.42,562.72,Net Banking,Delivered,4.0
NR20250500601,2025-05-19,CUST00430,Meera Joshi 15,Central,Chhattisgarh,Bilaspur,Online,Furniture,Office Chairs,Green Soul Monster Chair,1,14315.3,10,12883.77,9288.08,3595.69,UPI,Delivered,7.0
NR20250102436,2025-01-06,CUST00027,Aman Arora 1,West,Gujarat,Vadodara,Corporate,Electronics,Laptops,Acer Aspire 5,15,62711.06,12,827785.99,691248.1,136537.89,Credit Card,Cancelled,0.0
NR20250802889,2025-08-26,CUST00757,Ishaan Kapoor 26,West,Gujarat,Vadodara,Online,Office Supplies,Writing,Classmate Notebook Pack,3,455.07,0,1365.21,1044.91,320.3,Credit Card,Delivered,1.0
NR20250500647,2025-05-29,CUST00179,Mohit Saxena 6,South,Karnataka,Mysuru,Retail Store,Electronics,Tablets,Lenovo Tab M11,1,17657.96,12,15539.0,12779.76,2759.24,UPI,Delivered,1.0
NR20250803891,2025-08-23,CUST00495,Rohan Kulkarni 17,East,Bihar,Patna,Online,Electronics,Smartphones,Samsung Galaxy M35,1,22576.3,7,20995.96,18114.55,2881.41,Debit Card,Delivered,1.0
NR20250203557,2025-02-28,CUST01107,Aman Arora 37,North,Punjab,Ludhiana,Online,Office Supplies,Writing,Classmate Notebook Pack,4,459.58,5,1746.4,1311.05,435.35,Credit Card,Delivered,3.0
NR20250703203,2025-07-09,CUST00006,Diya Shah 1,North,Delhi,Delhi,Online,Electronics,Audio,boAt Airdopes 141,3,1387.79,9,3788.67,2872.06,916.61,UPI,Delivered,5.0
NR20250701529,2025-07-12,CUST00058,Isha Banerjee 2,North,Punjab,Ludhiana,Online,Office Supplies,Writing,Classmate Notebook Pack,3,456.24,12,1204.47,887.01,317.46,UPI,Delivered,4.0
NR20251001268,2025-10-02,CUST00523,Rahul Gupta 18,Central,Chhattisgarh,Raipur,Online,Furniture,Desks,IKEA Linnmon Desk,2,8645.66,7,16080.93,12408.06,3672.87,UPI,Delivered,5.0
NR20250901900,2025-09-03,CUST00198,Siddharth Rao 7,West,Gujarat,Vadodara,Online,Electronics,Audio,JBL Tune 770NC,4,7190.97,0,28763.88,23180.15,5583.73,Debit Card,Delivered,3.0
NR20250204659,2025-02-15,CUST01165,Manish Tiwari 39,East,West Bengal,Kolkata,Online,Accessories,Bags,American Tourister Laptop Bag,1,2645.1,10,2380.59,1750.07,630.52,Net Banking,Delivered,2.0
NR20250503006,2025-05-27,CUST00014,Riya Das 1,Central,Chhattisgarh,Raipur,Retail Store,Electronics,Cameras,Canon EOS 1500D,1,43664.6,6,41044.72,34588.96,6455.76,UPI,Delivered,5.0
NR20250902735,2025-09-20,CUST00292,Yash Agarwal 10,West,Goa,Goa,Online,Furniture,Desks,IKEA Linnmon Desk,1,8752.17,7,8139.52,6181.64,1957.88,UPI,Delivered,1.0
NR20251100190,2025-11-08,CUST00691,Aarav Sharma 24,South,Telangana,Hyderabad,Online,Office Supplies,Stationery,Faber-Castell Marker Set,2,356.4,15,605.88,467.62,138.26,Credit Card,Delivered,6.0
NR20251001807,2025-10-21,CUST00391,Aarav Sharma 14,North,Punjab,Amritsar,Retail Store,Electronics,Audio,JBL Tune 770NC,1,7227.44,10,6504.7,4860.76,1643.94,UPI,Delivered,4.0
NR20251200976,2025-12-17,CUST00362,Aditi Mehta 13,South,Andhra Pradesh,Vijayawada,Online,Furniture,Desks,IKEA Linnmon Desk,1,8895.94,2,8718.02,6533.82,2184.2,Net Banking,Delivered,1.0
NR20250102748,2025-01-22,CUST00667,Ishaan Kapoor 23,East,Bihar,Patna,Online,Accessories,Cables,Portronics HDMI Cable,1,661.43,5,628.36,435.07,193.29,Credit Card,Delivered,2.0
NR20250402048,2025-04-24,CUST00428,Kavya Reddy 15,South,Andhra Pradesh,Visakhapatnam,Retail Store,Accessories,Mice,Logitech M331 Mouse,1,1480.75,12,1303.06,983.59,319.47,Debit Card,Delivered,2.0
NR20251002559,2025-10-14,CUST00236,Simran Kaur 8,North,Uttar Pradesh,Noida,Online,Electronics,Audio,JBL Tune 770NC,2,7477.23,7,13907.65,11043.41,2864.24,UPI,Delivered,4.0
NR20250801083,2025-08-16,CUST01196,Simran Kaur 40,West,Maharashtra,Nagpur,Online,Electronics,Smartphones,OnePlus Nord CE,3,25389.09,7,70835.56,61616.84,9218.72,Credit Card,Delivered,6.0
NR20251100475,2025-11-20,CUST01239,Karan Malhotra 42,West,Gujarat,Vadodara,Retail Store,Electronics,Tablets,Lenovo Tab M11,1,19095.64,11,16995.12,13928.54,3066.58,Credit Card,Delivered,1.0
NR20250602905,2025-06-27,CUST00222,Pooja Singh 8,West,Gujarat,Ahmedabad,Retail Store,Electronics,Laptops,Acer Aspire 5,1,61102.78,0,61102.78,50221.97,10880.81,Credit Card,Delivered,1.0
NR20250104844,2025-01-17,CUST00633,Aditya Verma 22,West,Maharashtra,Nagpur,Online,Furniture,Desks,IKEA Linnmon Desk,1,9104.65,5,8649.42,6490.38,2159.04,UPI,Delivered,2.0
NR20250904118,2025-09-27,CUST00470,Varun Bhatia 16,East,West Bengal,Kolkata,Retail Store,Electronics,Audio,JBL Tune 770NC,1,7290.99,15,6197.34,4674.03,1523.31,Debit Card,Delivered,5.0
NR20251103386,2025-11-06,CUST00547,Ishaan Kapoor 19,South,Telangana,Hyderabad,Corporate,Office Supplies,Stationery,Faber-Castell Marker Set,15,366.31,2,5384.76,4014.95,1369.81,Net Banking,Delivered,6.0
NR20251004556,2025-10-08,CUST00614,Riya Das 21,South,Telangana,Hyderabad,Online,Furniture,Office Chairs,Featherlite Astro Chair,1,10741.64,10,9667.48,6664.43,3003.05,Credit Card,Delivered,2.0
NR20251001185,2025-10-21,CUST01075,Manish Tiwari 36,South,Telangana,Hyderabad,Retail Store,Accessories,Cables,Belkin USB-C Cable,4,1140.18,10,4104.65,2882.53,1222.12,UPI,Cancelled,0.0
NR20250304629,2025-03-16,CUST00967,Ishaan Kapoor 33,North,Punjab,Amritsar,Corporate,Electronics,Monitors,LG 24MP60G,10,12427.42,7,115575.01,92660.29,22914.72,Net Banking,Delivered,5.0
NR20250902434,2025-09-14,CUST00416,Simran Kaur 14,South,Tamil Nadu,Coimbatore,Online,Furniture,Storage,Wooden Filing Cabinet,1,8063.06,18,6611.71,4909.49,1702.22,UPI,Delivered,1.0
NR20250902392,2025-09-18,CUST00025,Manish Tiwari 1,North,Punjab,Ludhiana,Online,Electronics,Tablets,Lenovo Tab M11,3,18670.91,10,50411.46,43265.03,7146.43,UPI,Delivered,4.0
NR20251100770,2025-11-07,CUST01191,Vikram Sethi 40,West,Maharashtra,Pune,Online,Furniture,Desks,IKEA Linnmon Desk,1,8444.64,2,8275.75,6189.16,2086.59,Credit Card,Delivered,4.0
NR20250301686,2025-03-04,CUST00908,Kavya Reddy 31,North,Delhi,Delhi,Online,Furniture,Desks,Wooden Study Desk,1,6427.83,7,5977.88,4326.05,1651.83,Credit Card,Delivered,2.0
NR20250500131,2025-05-24,CUST00236,Simran Kaur 8,North,Uttar Pradesh,Lucknow,Corporate,Furniture,Office Chairs,Green Soul Monster Chair,15,14094.61,0,211419.15,156777.4,54641.75,UPI,Delivered,4.0
NR20250302920,2025-03-19,CUST01241,Nikhil Patil 42,Central,Chhattisgarh,Raipur,Online,Electronics,Audio,JBL Tune 770NC,2,7054.6,14,12133.91,8916.7,3217.21,UPI,Delivered,5.0
NR20251203172,2025-12-25,CUST00936,Diya Shah 32,West,Gujarat,Vadodara,Online,Furniture,Storage,Wooden Filing Cabinet,1,7756.2,2,7601.08,5719.18,1881.9,Credit Card,Returned,6.0
NR20250603445,2025-06-17,CUST00924,Priya Nanda 31,Central,Madhya Pradesh,Jabalpur,Corporate,Furniture,Office Chairs,Featherlite Astro Chair,20,10387.79,10,186980.22,136571.39,50408.83,Net Banking,Delivered,5.0
NR20250304427,2025-03-04,CUST00370,Meera Joshi 13,South,Karnataka,Mysuru,Retail Store,Accessories,Keyboards,Logitech K120 Keyboard,1,824.49,18,676.08,478.76,197.32,Cash,Delivered,3.0
NR20250200467,2025-02-10,CUST00176,Simran Kaur 6,South,Kerala,Kochi,Online,Electronics,Audio,boAt Airdopes 141,2,1416.15,14,2435.78,1752.21,683.57,Credit Card,Delivered,2.0
NR20250403093,2025-04-29,CUST00121,Aarav Sharma 5,North,Uttarakhand,Dehradun,Retail Store,Furniture,Storage,Wooden Filing Cabinet,1,7621.11,10,6859.0,5378.51,1480.49,Debit Card,Delivered,4.0
NR20251203773,2025-12-11,CUST00280,Meera Joshi 10,South,Tamil Nadu,Coimbatore,Retail Store,Furniture,Storage,Wooden Filing Cabinet,2,7862.4,9,14309.57,10779.87,3529.7,Cash,Delivered,4.0
NR20250900861,2025-09-02,CUST00911,Nikhil Patil 31,West,Maharashtra,Nagpur,Online,Accessories,Mice,Logitech M331 Mouse,1,1476.19,10,1328.57,960.22,368.35,Net Banking,Delivered,4.0
